amount,failure_reason,payment_method,customer_success_rate,previous_attempts,hours_since_failure,intervention,recovered,recovered_amount
6380.28,network_error,card,0.903,0,13.11,retry_later,1,6380.28
2175.92,insufficient_funds,upi,0.779,2,35.12,retry_now,1,2175.92
9113.88,network_error,upi,0.614,0,10.41,request_alternative_payment,0,0.0
10610.98,insufficient_funds,wallet,0.691,0,1.51,request_alternative_payment,1,10610.98
1049.81,card_declined,netbanking,0.843,0,70.94,retry_now,0,0.0
1764.19,card_declined,upi,0.706,2,11.55,request_card_update,1,1764.19
5538.43,insufficient_funds,netbanking,0.841,0,2.73,request_alternative_payment,1,5538.43
3882.36,insufficient_funds,card,0.732,1,10.72,request_card_update,0,0.0
4933.24,insufficient_funds,card,0.97,3,17.44,request_card_update,0,0.0
2526.92,insufficient_funds,upi,0.989,0,3.58,request_card_update,0,0.0
10104.25,insufficient_funds,upi,0.739,0,96.0,request_alternative_payment,0,0.0
9315.42,network_error,card,0.716,2,51.57,request_card_update,1,9315.42
5271.22,insufficient_funds,card,0.991,0,48.6,retry_later,1,5271.22
12320.09,card_declined,upi,0.86,2,2.04,retry_later,0,0.0
7267.74,insufficient_funds,card,0.721,1,7.77,request_card_update,0,0.0
2514.32,expired_card,card,0.646,3,1.3,request_alternative_payment,1,2514.32
6715.64,network_error,upi,0.792,0,23.31,request_card_update,0,0.0
2321.77,expired_card,wallet,0.479,1,22.17,request_alternative_payment,1,2321.77
10096.59,expired_card,card,0.791,3,25.73,retry_later,0,0.0
4804.23,insufficient_funds,card,0.803,1,24.06,retry_later,0,0.0
4312.63,network_error,card,0.869,0,1.33,retry_now,1,4312.63
2899.95,insufficient_funds,card,0.822,0,11.88,request_card_update,1,2899.95
13296.1,expired_card,netbanking,0.798,1,39.41,retry_later,0,0.0
4418.56,card_declined,card,0.637,1,3.31,retry_now,1,4418.56
3549.39,card_declined,card,0.482,0,17.25,request_alternative_payment,0,0.0
3772.47,expired_card,wallet,0.864,2,27.65,request_alternative_payment,0,0.0
7654.44,network_error,netbanking,0.466,0,28.69,retry_later,1,7654.44
6697.89,expired_card,card,0.558,4,1.92,retry_later,1,6697.89
6956.13,insufficient_funds,card,0.942,2,12.45,retry_later,0,0.0
7057.53,insufficient_funds,netbanking,0.725,1,14.06,retry_later,1,7057.53
27736.69,insufficient_funds,upi,0.8,2,5.35,request_card_update,0,0.0
3612.16,card_declined,wallet,0.587,0,13.57,retry_now,0,0.0
3318.93,card_declined,card,0.944,1,2.02,request_alternative_payment,1,3318.93
2607.57,insufficient_funds,netbanking,0.96,3,1.1,retry_now,0,0.0
8184.33,network_error,card,0.904,3,31.92,retry_later,1,8184.33
12337.16,insufficient_funds,card,0.883,0,0.93,retry_now,0,0.0
4564.37,network_error,netbanking,0.818,3,5.64,request_card_update,0,0.0
2553.11,expired_card,upi,0.65,1,5.53,request_alternative_payment,0,0.0
2585.33,card_declined,card,0.696,2,35.86,request_card_update,0,0.0
8414.13,card_declined,card,0.8,3,10.74,retry_later,0,0.0
9061.56,insufficient_funds,netbanking,0.891,0,7.8,retry_later,1,9061.56
7721.13,insufficient_funds,card,0.586,0,4.99,request_card_update,1,7721.13
2935.95,network_error,card,0.594,1,2.76,retry_later,1,2935.95
6020.48,card_declined,card,0.732,1,30.93,request_card_update,0,0.0
5489.22,insufficient_funds,card,0.695,1,15.72,request_alternative_payment,1,5489.22
5955.94,expired_card,netbanking,0.972,2,13.73,retry_now,0,0.0
10040.04,network_error,card,0.802,3,14.27,request_alternative_payment,0,0.0
5979.36,network_error,upi,0.729,0,18.04,retry_later,0,0.0
8606.94,card_declined,upi,0.724,4,9.01,request_card_update,0,0.0
5277.76,expired_card,card,0.748,0,58.55,retry_now,0,0.0
6301.16,insufficient_funds,upi,0.6,3,68.56,request_alternative_payment,0,0.0
8285.18,insufficient_funds,card,0.739,2,36.33,request_alternative_payment,1,8285.18
1558.48,expired_card,netbanking,0.912,2,22.29,retry_now,0,0.0
3871.73,expired_card,netbanking,0.791,3,3.41,request_card_update,0,0.0
3431.99,card_declined,netbanking,0.881,0,17.25,retry_now,1,3431.99
2999.17,insufficient_funds,card,0.494,2,3.91,retry_now,0,0.0
4012.14,insufficient_funds,netbanking,0.975,0,95.99,retry_later,0,0.0
16533.54,network_error,upi,0.577,1,9.91,request_card_update,0,0.0
2501.21,network_error,card,0.642,1,6.97,retry_now,1,2501.21
10848.87,insufficient_funds,card,0.655,1,7.08,retry_now,1,10848.87
1301.01,insufficient_funds,card,0.823,2,25.88,retry_now,1,1301.01
3824.89,network_error,card,0.785,1,15.33,request_alternative_payment,0,0.0
5695.29,network_error,card,0.574,0,7.93,request_alternative_payment,1,5695.29
7991.8,card_declined,wallet,0.957,1,6.38,request_card_update,1,7991.8
8832.33,card_declined,wallet,0.881,3,3.41,retry_now,0,0.0
9432.07,expired_card,card,0.428,2,36.83,request_card_update,0,0.0
3782.77,insufficient_funds,wallet,0.907,1,57.14,request_alternative_payment,0,0.0
3454.08,card_declined,upi,0.796,0,3.96,retry_later,0,0.0
9932.56,card_declined,upi,0.739,2,13.3,request_alternative_payment,0,0.0
4290.46,card_declined,wallet,0.684,0,1.92,retry_now,1,4290.46
1801.99,expired_card,upi,0.729,3,5.09,request_alternative_payment,1,1801.99
2019.42,card_declined,upi,0.991,1,3.46,request_alternative_payment,1,2019.42
2396.18,card_declined,card,0.835,2,29.94,request_card_update,1,2396.18
7442.2,insufficient_funds,card,0.685,0,6.73,retry_later,0,0.0
5603.43,network_error,wallet,0.815,0,21.78,request_card_update,0,0.0
8686.99,insufficient_funds,card,0.725,0,22.92,request_alternative_payment,1,8686.99
3552.44,insufficient_funds,card,0.647,1,13.54,request_card_update,1,3552.44
5676.13,card_declined,card,0.708,2,1.45,request_alternative_payment,1,5676.13
8247.5,card_declined,upi,0.541,1,9.95,retry_now,0,0.0
3903.84,expired_card,card,0.828,2,6.94,retry_now,0,0.0
7205.6,network_error,wallet,0.642,0,4.2,retry_now,1,7205.6
2944.38,network_error,card,0.706,3,19.75,retry_now,0,0.0
3739.66,insufficient_funds,netbanking,0.74,1,29.39,retry_now,0,0.0
3684.18,card_declined,upi,0.764,0,23.2,request_card_update,0,0.0
1920.85,expired_card,upi,0.956,1,10.4,retry_now,0,0.0
7381.79,card_declined,card,0.918,1,10.11,retry_later,1,7381.79
3434.65,network_error,card,0.923,2,6.04,request_card_update,0,0.0
5050.23,card_declined,netbanking,0.802,0,5.24,request_alternative_payment,1,5050.23
7345.11,insufficient_funds,netbanking,0.549,1,12.5,retry_later,0,0.0
7146.79,card_declined,card,0.534,2,20.64,retry_now,0,0.0
8514.29,insufficient_funds,wallet,0.88,4,12.05,retry_now,0,0.0
4621.18,insufficient_funds,netbanking,0.698,0,27.18,retry_now,0,0.0
3563.7,insufficient_funds,card,0.658,1,0.79,request_alternative_payment,0,0.0
4691.08,insufficient_funds,upi,0.79,1,6.4,retry_later,0,0.0
1296.37,card_declined,netbanking,0.603,1,44.76,request_alternative_payment,1,1296.37
1571.06,expired_card,netbanking,0.506,1,12.24,retry_later,1,1571.06
1735.47,card_declined,card,0.915,0,5.04,request_alternative_payment,0,0.0
2251.6,network_error,card,0.885,1,1.0,retry_now,1,2251.6
6884.4,card_declined,card,0.581,0,25.59,retry_now,0,0.0
2423.12,insufficient_funds,card,0.849,2,0.56,request_card_update,0,0.0
3694.73,insufficient_funds,card,0.914,2,6.7,retry_later,1,3694.73
14137.35,expired_card,upi,0.529,0,6.99,request_card_update,1,14137.35
3760.03,card_declined,upi,0.938,0,24.29,retry_now,1,3760.03
9020.05,expired_card,card,0.874,1,22.55,retry_later,0,0.0
2369.18,insufficient_funds,upi,0.53,2,5.84,retry_later,1,2369.18
4242.22,network_error,card,0.712,1,40.34,request_alternative_payment,1,4242.22
2338.29,network_error,card,0.679,0,4.26,retry_now,1,2338.29
3812.22,expired_card,netbanking,0.908,1,18.43,retry_now,0,0.0
9793.16,insufficient_funds,netbanking,0.688,0,22.17,retry_now,0,0.0
1255.56,expired_card,card,0.99,0,39.77,retry_now,0,0.0
7077.9,card_declined,netbanking,0.915,0,7.13,retry_later,1,7077.9
6047.39,network_error,netbanking,0.799,2,17.0,retry_now,0,0.0
3108.43,card_declined,upi,0.512,2,10.24,request_alternative_payment,0,0.0
1572.38,card_declined,wallet,0.829,0,2.61,retry_now,0,0.0
5297.0,card_declined,card,0.895,0,1.58,retry_now,1,5297.0
3273.45,network_error,card,0.643,0,15.69,retry_later,0,0.0
6022.96,insufficient_funds,netbanking,0.991,1,5.94,retry_now,1,6022.96
5088.18,card_declined,upi,0.775,0,0.95,retry_now,1,5088.18
18008.81,card_declined,card,0.725,2,31.99,request_alternative_payment,0,0.0
4128.66,network_error,card,0.727,2,12.67,retry_later,1,4128.66
2204.81,card_declined,card,0.577,2,24.58,retry_now,0,0.0
5771.08,network_error,card,0.704,0,12.89,retry_now,1,5771.08
5962.17,card_declined,card,0.715,1,29.35,request_card_update,1,5962.17
14832.01,network_error,wallet,0.776,0,11.26,request_alternative_payment,1,14832.01
9752.53,network_error,card,0.766,1,21.56,retry_later,1,9752.53
6652.11,network_error,netbanking,0.927,0,3.09,request_card_update,1,6652.11
16120.31,network_error,card,0.841,0,2.5,request_alternative_payment,1,16120.31
1931.75,card_declined,card,0.538,0,2.37,retry_later,1,1931.75
2997.07,insufficient_funds,wallet,0.721,1,28.55,retry_now,0,0.0
2382.56,network_error,card,0.818,2,30.08,retry_now,1,2382.56
3660.46,insufficient_funds,card,0.416,4,8.14,request_card_update,1,3660.46
1662.11,insufficient_funds,netbanking,0.736,2,0.54,retry_now,0,0.0
8310.82,network_error,card,0.821,3,24.57,request_alternative_payment,1,8310.82
4185.64,card_declined,card,0.665,0,14.23,request_card_update,0,0.0
1541.56,card_declined,wallet,0.912,2,20.32,request_alternative_payment,0,0.0
2218.82,expired_card,card,0.503,0,40.86,request_card_update,0,0.0
6425.34,insufficient_funds,upi,0.707,1,16.31,retry_later,1,6425.34
9776.09,insufficient_funds,card,0.862,1,4.04,retry_later,0,0.0
24700.48,insufficient_funds,card,0.68,2,14.36,retry_now,0,0.0
50000.0,insufficient_funds,upi,0.733,1,23.72,retry_now,1,50000.0
6965.47,network_error,upi,0.752,2,20.54,request_alternative_payment,0,0.0
2265.53,network_error,card,0.952,0,45.59,request_alternative_payment,0,0.0
908.28,card_declined,netbanking,0.526,3,5.99,request_card_update,0,0.0
6194.16,insufficient_funds,netbanking,0.824,0,3.82,retry_now,1,6194.16
2609.31,card_declined,upi,0.474,0,9.29,retry_later,0,0.0
3586.41,insufficient_funds,upi,0.577,1,2.77,retry_now,1,3586.41
3064.12,network_error,upi,0.861,0,7.05,retry_later,1,3064.12
4467.39,card_declined,upi,0.863,2,15.53,retry_later,1,4467.39
11730.85,insufficient_funds,card,0.629,0,2.78,retry_now,0,0.0
5669.36,network_error,netbanking,0.807,2,13.95,request_alternative_payment,1,5669.36
4404.07,network_error,upi,0.687,3,32.09,retry_now,0,0.0
2183.47,insufficient_funds,wallet,0.734,1,13.87,request_card_update,0,0.0
1309.56,card_declined,wallet,0.755,2,4.95,request_alternative_payment,0,0.0
3388.51,card_declined,card,0.774,1,13.8,retry_later,0,0.0
4789.43,insufficient_funds,card,0.956,0,3.74,retry_now,1,4789.43
20568.93,insufficient_funds,upi,0.857,1,21.79,retry_later,1,20568.93
5549.22,network_error,upi,0.474,1,34.11,request_card_update,1,5549.22
10975.1,expired_card,netbanking,0.519,1,13.48,request_alternative_payment,0,0.0
3353.49,card_declined,card,0.791,1,1.69,retry_later,0,0.0
1937.66,card_declined,upi,0.749,1,23.84,request_card_update,1,1937.66
2310.22,card_declined,wallet,0.487,3,34.89,retry_now,0,0.0
2798.99,card_declined,wallet,0.765,2,18.55,request_card_update,0,0.0
27445.82,insufficient_funds,card,0.807,2,4.8,retry_now,0,0.0
2591.74,card_declined,wallet,0.846,3,84.76,retry_later,0,0.0
9778.92,expired_card,card,0.635,1,0.61,request_alternative_payment,0,0.0
2428.07,network_error,upi,0.819,3,15.48,retry_later,0,0.0
10534.93,expired_card,card,0.534,1,50.33,retry_now,1,10534.93
6803.24,insufficient_funds,upi,0.481,0,10.86,request_card_update,0,0.0
4411.12,card_declined,card,0.69,2,3.27,retry_later,0,0.0
4839.58,card_declined,card,0.927,2,8.77,request_alternative_payment,1,4839.58
2961.24,insufficient_funds,card,0.704,1,1.7,request_card_update,0,0.0
7144.16,insufficient_funds,wallet,0.929,1,16.44,retry_now,1,7144.16
3474.5,network_error,upi,0.664,3,12.33,retry_later,0,0.0
1875.65,network_error,upi,0.563,0,11.35,request_alternative_payment,1,1875.65
1798.74,card_declined,upi,0.771,2,2.26,request_card_update,0,0.0
5740.28,insufficient_funds,card,0.41,0,8.35,retry_later,0,0.0
17684.9,card_declined,card,0.452,3,0.25,request_alternative_payment,0,0.0
5682.73,insufficient_funds,card,0.824,0,10.39,request_card_update,1,5682.73
4547.27,insufficient_funds,upi,0.758,1,29.04,retry_now,1,4547.27
6284.58,card_declined,wallet,0.579,2,5.41,request_card_update,1,6284.58
14214.17,insufficient_funds,card,0.552,0,6.3,request_alternative_payment,1,14214.17
5959.25,expired_card,upi,0.724,3,15.16,retry_later,0,0.0
3599.14,card_declined,netbanking,0.918,1,26.25,retry_now,1,3599.14
12115.3,insufficient_funds,wallet,0.681,0,36.34,retry_later,1,12115.3
7045.88,insufficient_funds,card,0.963,2,1.19,retry_later,1,7045.88
17082.3,network_error,wallet,0.958,0,0.54,retry_later,1,17082.3
5789.38,insufficient_funds,upi,0.754,3,1.4,request_alternative_payment,0,0.0
1877.35,insufficient_funds,upi,0.674,1,1.54,retry_later,1,1877.35
1673.49,card_declined,netbanking,0.686,3,15.44,request_alternative_payment,1,1673.49
18731.01,insufficient_funds,card,0.721,2,6.8,retry_later,0,0.0
19853.3,card_declined,netbanking,0.417,3,62.57,request_card_update,0,0.0
4331.1,card_declined,upi,0.846,1,2.16,request_alternative_payment,0,0.0
3679.91,insufficient_funds,netbanking,0.604,0,2.62,request_alternative_payment,1,3679.91
16096.36,network_error,netbanking,0.801,0,9.75,retry_now,1,16096.36
2062.26,card_declined,upi,0.946,0,11.58,retry_later,0,0.0
2444.05,card_declined,card,0.787,3,17.29,request_card_update,0,0.0
8365.36,insufficient_funds,card,0.619,4,7.26,retry_later,0,0.0
3646.45,card_declined,netbanking,0.851,0,67.72,request_card_update,1,3646.45
4979.55,insufficient_funds,upi,0.877,0,22.99,retry_now,0,0.0
4387.17,card_declined,netbanking,0.758,0,2.26,retry_now,1,4387.17
6550.21,insufficient_funds,card,0.911,1,19.45,retry_now,0,0.0
15416.27,expired_card,upi,0.936,1,7.11,retry_now,0,0.0
5375.79,insufficient_funds,netbanking,0.636,4,6.43,retry_now,0,0.0
8369.46,expired_card,netbanking,0.418,1,1.9,request_alternative_payment,0,0.0
969.77,expired_card,card,0.755,1,2.21,request_alternative_payment,1,969.77
4808.88,card_declined,card,0.644,2,27.83,request_card_update,0,0.0
2546.84,insufficient_funds,netbanking,0.828,0,21.63,retry_now,0,0.0
1885.87,card_declined,netbanking,0.851,2,4.5,retry_now,0,0.0
2476.67,expired_card,card,0.591,2,4.5,request_alternative_payment,0,0.0
3827.22,card_declined,upi,0.711,3,16.21,request_card_update,0,0.0
10403.68,card_declined,card,0.783,4,22.92,request_alternative_payment,0,0.0
1730.35,insufficient_funds,card,0.765,1,5.61,request_card_update,0,0.0
5124.04,network_error,card,0.657,2,36.14,request_alternative_payment,0,0.0
3394.32,insufficient_funds,card,0.546,4,19.81,request_card_update,0,0.0
3847.02,insufficient_funds,netbanking,0.681,2,11.38,retry_now,0,0.0
11152.28,insufficient_funds,card,0.498,1,3.64,request_alternative_payment,0,0.0
7690.07,card_declined,netbanking,0.821,0,3.23,retry_later,0,0.0
14575.71,expired_card,upi,0.263,1,16.45,request_card_update,0,0.0
4418.65,network_error,card,0.916,3,7.39,request_card_update,1,4418.65
2865.33,insufficient_funds,card,0.772,0,3.33,retry_now,1,2865.33
4180.17,card_declined,card,0.87,3,18.99,retry_now,0,0.0
6070.47,network_error,upi,0.972,1,96.0,request_card_update,0,0.0
5758.61,card_declined,wallet,0.928,2,7.28,request_card_update,0,0.0
2099.98,insufficient_funds,netbanking,0.924,1,2.83,request_alternative_payment,1,2099.98
5375.38,card_declined,netbanking,0.901,0,2.92,request_alternative_payment,1,5375.38
6001.57,card_declined,netbanking,0.783,4,4.45,retry_later,0,0.0
37465.37,expired_card,netbanking,0.883,1,3.98,request_card_update,0,0.0
22441.54,network_error,upi,0.552,2,27.33,request_card_update,1,22441.54
2526.52,insufficient_funds,upi,0.712,3,9.13,request_alternative_payment,0,0.0
3973.04,network_error,card,0.78,1,10.1,request_alternative_payment,0,0.0
1550.67,insufficient_funds,card,0.847,0,11.69,retry_now,1,1550.67
3117.0,expired_card,upi,0.569,0,8.85,request_card_update,0,0.0
6436.09,card_declined,upi,0.886,1,11.17,request_card_update,1,6436.09
13119.78,insufficient_funds,card,0.635,2,18.19,retry_later,0,0.0
2790.36,card_declined,wallet,0.592,1,8.95,request_card_update,1,2790.36
2962.76,insufficient_funds,card,0.788,1,1.78,request_alternative_payment,0,0.0
897.27,insufficient_funds,upi,0.853,2,16.49,request_card_update,0,0.0
4389.89,card_declined,wallet,0.751,0,19.11,retry_later,0,0.0
2137.22,network_error,card,0.75,1,45.25,request_card_update,0,0.0
3273.59,network_error,wallet,0.702,3,11.68,request_alternative_payment,1,3273.59
2479.23,card_declined,netbanking,0.93,0,4.6,retry_later,0,0.0
4636.82,insufficient_funds,upi,0.369,2,36.32,request_alternative_payment,0,0.0
1225.39,card_declined,wallet,0.743,1,32.2,retry_later,0,0.0
1546.2,card_declined,upi,0.812,2,13.53,request_alternative_payment,1,1546.2
27462.89,insufficient_funds,upi,0.711,3,10.03,retry_later,1,27462.89
1785.15,expired_card,upi,0.728,3,26.69,request_card_update,0,0.0
2079.25,expired_card,card,0.88,2,1.27,request_alternative_payment,0,0.0
21735.98,insufficient_funds,card,0.833,1,3.76,retry_now,1,21735.98
50000.0,network_error,card,0.809,0,28.54,request_alternative_payment,0,0.0
1958.51,card_declined,card,0.765,2,3.03,request_alternative_payment,1,1958.51
3724.15,insufficient_funds,netbanking,0.608,2,21.84,request_alternative_payment,0,0.0
6571.11,card_declined,wallet,0.935,0,12.61,request_alternative_payment,0,0.0
19933.39,insufficient_funds,wallet,0.665,2,96.0,request_card_update,0,0.0
2270.39,insufficient_funds,card,0.782,2,33.32,request_alternative_payment,0,0.0
4109.15,expired_card,upi,0.937,1,9.21,request_alternative_payment,0,0.0
9312.04,card_declined,upi,0.77,3,0.44,retry_later,0,0.0
7079.84,insufficient_funds,card,0.879,3,0.9,retry_later,0,0.0
3700.67,card_declined,upi,0.796,0,3.65,retry_later,1,3700.67
4492.37,expired_card,card,0.802,0,17.78,retry_later,0,0.0
1664.49,card_declined,wallet,0.594,0,0.55,retry_later,1,1664.49
4132.57,expired_card,card,0.371,3,12.69,request_alternative_payment,0,0.0
4040.34,expired_card,netbanking,0.297,0,68.0,retry_later,0,0.0
6020.52,insufficient_funds,netbanking,0.769,1,14.29,request_card_update,0,0.0
3206.49,network_error,upi,0.661,0,42.1,retry_later,0,0.0
7291.2,network_error,card,0.566,1,1.33,request_card_update,0,0.0
11241.48,network_error,card,0.838,1,36.87,request_alternative_payment,0,0.0
5662.02,card_declined,wallet,0.932,0,11.21,request_card_update,0,0.0
6624.95,insufficient_funds,card,0.892,2,24.78,retry_later,1,6624.95
5217.21,insufficient_funds,card,0.772,1,3.1,retry_now,0,0.0
5000.34,card_declined,wallet,0.582,1,13.55,retry_now,1,5000.34
2807.21,network_error,netbanking,0.781,4,12.44,retry_now,0,0.0
6440.67,network_error,upi,0.858,0,6.9,retry_now,1,6440.67
4625.61,card_declined,card,0.928,4,23.05,request_card_update,1,4625.61
26681.56,insufficient_funds,upi,0.839,2,7.77,request_alternative_payment,0,0.0
17603.92,insufficient_funds,netbanking,0.756,0,5.12,retry_later,1,17603.92
6808.11,network_error,card,0.627,1,40.97,retry_now,0,0.0
2715.54,card_declined,card,0.922,0,5.33,request_card_update,0,0.0
2053.42,network_error,card,0.794,2,24.39,retry_later,0,0.0
12966.28,insufficient_funds,upi,0.79,0,39.65,request_alternative_payment,0,0.0
6169.62,card_declined,card,0.806,0,41.91,retry_now,1,6169.62
7341.57,expired_card,netbanking,0.504,2,14.65,request_alternative_payment,0,0.0
1238.34,insufficient_funds,card,0.835,2,10.33,retry_now,0,0.0
10500.14,insufficient_funds,card,0.842,2,1.28,retry_later,1,10500.14
7192.04,network_error,wallet,0.935,1,2.85,request_card_update,0,0.0
2056.68,card_declined,wallet,0.885,2,13.1,retry_now,0,0.0
3428.83,expired_card,upi,0.236,1,38.88,retry_now,0,0.0
6174.4,expired_card,wallet,0.95,3,18.13,request_alternative_payment,0,0.0
5214.33,network_error,card,0.902,2,6.22,retry_now,0,0.0
3957.85,insufficient_funds,upi,0.838,1,0.28,retry_later,1,3957.85
4602.72,card_declined,card,0.76,1,18.31,retry_now,0,0.0
4087.18,expired_card,upi,0.891,0,52.01,retry_now,0,0.0
5649.05,card_declined,netbanking,0.806,1,5.26,request_card_update,1,5649.05
16226.27,expired_card,netbanking,0.76,4,0.25,request_alternative_payment,0,0.0
641.54,network_error,card,0.963,3,17.16,request_card_update,1,641.54
4136.95,insufficient_funds,card,0.917,0,22.02,request_card_update,0,0.0
5758.33,card_declined,wallet,0.717,1,6.2,request_alternative_payment,1,5758.33
6335.91,network_error,upi,0.786,0,10.98,retry_now,0,0.0
3713.25,insufficient_funds,card,0.415,2,10.09,request_alternative_payment,0,0.0
1226.37,insufficient_funds,card,0.662,1,4.63,request_card_update,0,0.0
6500.21,network_error,card,0.655,3,30.07,request_card_update,1,6500.21
19911.91,insufficient_funds,card,0.809,0,6.8,request_card_update,1,19911.91
1465.72,insufficient_funds,card,0.726,1,14.78,retry_later,1,1465.72
9979.17,network_error,upi,0.76,1,3.74,retry_now,1,9979.17
3844.4,network_error,upi,0.841,1,3.02,request_alternative_payment,1,3844.4
4760.62,card_declined,upi,0.982,2,40.11,request_alternative_payment,1,4760.62
2153.55,expired_card,card,0.64,2,27.41,retry_now,0,0.0
3826.2,expired_card,card,0.779,0,21.69,request_alternative_payment,1,3826.2
14146.59,card_declined,card,0.783,3,8.64,retry_now,0,0.0
7969.02,insufficient_funds,netbanking,0.843,4,12.93,retry_now,1,7969.02
19991.1,network_error,netbanking,0.776,2,47.44,request_alternative_payment,0,0.0
12824.63,insufficient_funds,card,0.772,0,71.47,request_card_update,1,12824.63
7104.35,network_error,upi,0.848,0,2.46,retry_later,1,7104.35
20177.85,card_declined,upi,0.458,0,12.8,request_alternative_payment,1,20177.85
7103.82,card_declined,upi,0.778,4,4.03,retry_now,0,0.0
9697.12,card_declined,upi,0.584,1,13.39,request_alternative_payment,0,0.0
3943.94,card_declined,wallet,0.874,3,22.84,retry_now,1,3943.94
5273.4,expired_card,card,0.609,2,32.39,request_card_update,0,0.0
2861.94,insufficient_funds,upi,0.616,1,3.1,request_card_update,1,2861.94
11035.36,expired_card,upi,0.774,0,28.67,retry_later,0,0.0
1947.98,insufficient_funds,upi,0.617,1,28.35,request_card_update,0,0.0
9349.46,network_error,card,0.548,0,8.1,request_alternative_payment,1,9349.46
4292.7,expired_card,upi,0.443,1,23.88,request_card_update,0,0.0
12761.54,card_declined,card,0.805,0,11.52,retry_now,1,12761.54
9116.93,insufficient_funds,upi,0.899,1,3.13,request_alternative_payment,0,0.0
21454.94,network_error,upi,0.984,3,17.91,request_card_update,1,21454.94
8971.54,network_error,card,0.597,0,4.12,retry_now,1,8971.54
1421.63,insufficient_funds,wallet,0.867,0,26.6,request_alternative_payment,1,1421.63
4739.23,card_declined,netbanking,0.651,3,5.53,request_alternative_payment,0,0.0
1957.82,network_error,upi,0.467,2,89.45,request_alternative_payment,1,1957.82
3302.94,insufficient_funds,wallet,0.786,0,8.96,request_alternative_payment,0,0.0
16750.38,card_declined,netbanking,0.937,1,33.94,request_alternative_payment,0,0.0
8326.68,card_declined,card,0.473,0,21.99,retry_now,1,8326.68
2858.49,insufficient_funds,upi,0.737,0,24.98,request_alternative_payment,1,2858.49
2222.13,network_error,upi,0.639,2,0.25,retry_now,1,2222.13
5132.86,insufficient_funds,upi,0.81,0,3.47,retry_now,0,0.0
1889.27,expired_card,wallet,0.907,0,12.1,retry_now,0,0.0
2922.75,card_declined,upi,0.734,0,17.7,request_alternative_payment,0,0.0
6417.61,card_declined,card,0.778,2,55.97,request_card_update,0,0.0
12599.88,card_declined,upi,0.731,1,14.44,retry_later,0,0.0
8137.21,card_declined,netbanking,0.857,1,18.51,request_alternative_payment,0,0.0
799.64,network_error,card,0.93,0,4.24,retry_later,1,799.64
6378.49,network_error,card,0.441,3,9.42,request_alternative_payment,0,0.0
5296.6,network_error,card,0.479,3,19.25,retry_now,0,0.0
6962.58,card_declined,upi,0.695,2,28.77,request_card_update,1,6962.58
18217.92,insufficient_funds,card,0.931,2,5.58,retry_later,1,18217.92
959.68,insufficient_funds,card,0.936,4,23.12,retry_later,1,959.68
3116.02,network_error,card,0.871,1,1.93,request_alternative_payment,1,3116.02
8021.8,card_declined,upi,0.396,3,26.39,retry_later,0,0.0
1410.81,card_declined,card,0.77,3,60.37,retry_later,1,1410.81
16284.23,card_declined,card,0.821,1,69.99,retry_later,0,0.0
6713.52,card_declined,upi,0.764,0,16.22,request_card_update,1,6713.52
9842.45,network_error,card,0.901,1,8.31,retry_later,1,9842.45
3166.68,card_declined,card,0.565,2,18.2,retry_later,1,3166.68
9587.39,expired_card,upi,0.66,2,5.41,retry_now,0,0.0
11754.25,insufficient_funds,card,0.265,2,33.68,request_alternative_payment,0,0.0
6023.93,card_declined,card,0.496,0,2.57,retry_now,0,0.0
6031.28,insufficient_funds,card,0.776,0,19.28,request_alternative_payment,1,6031.28
6207.22,network_error,card,0.912,0,19.92,retry_later,1,6207.22
2506.19,card_declined,upi,0.863,1,17.45,retry_later,0,0.0
4443.38,card_declined,wallet,0.862,0,10.41,retry_now,0,0.0
4425.66,network_error,card,0.787,0,0.25,retry_later,1,4425.66
6794.77,card_declined,upi,0.615,4,9.63,retry_now,0,0.0
11126.14,insufficient_funds,wallet,0.751,2,12.11,request_card_update,0,0.0
2143.86,card_declined,upi,0.909,1,22.44,request_alternative_payment,1,2143.86
4524.15,insufficient_funds,netbanking,0.936,0,16.65,request_card_update,1,4524.15
16356.12,expired_card,upi,0.774,0,1.39,retry_now,0,0.0
2758.17,network_error,upi,0.9,1,47.4,retry_later,0,0.0
2589.95,network_error,wallet,0.792,0,53.78,retry_now,1,2589.95
5878.39,expired_card,card,0.73,0,30.49,retry_later,0,0.0
9825.16,network_error,wallet,0.69,2,22.23,request_alternative_payment,1,9825.16
5045.91,card_declined,upi,0.793,0,1.46,retry_now,0,0.0
14477.65,insufficient_funds,upi,0.859,3,0.78,retry_now,0,0.0
9923.18,card_declined,upi,0.919,3,19.08,retry_now,1,9923.18
9805.01,expired_card,card,0.892,1,20.18,request_alternative_payment,0,0.0
7789.15,expired_card,card,0.879,0,14.65,request_alternative_payment,1,7789.15
32186.93,network_error,wallet,0.787,1,0.59,retry_later,1,32186.93
4243.16,insufficient_funds,upi,0.908,3,9.24,retry_now,1,4243.16
1006.64,insufficient_funds,netbanking,0.722,2,13.57,retry_later,1,1006.64
18044.51,expired_card,card,0.783,0,3.72,retry_now,0,0.0
3466.96,insufficient_funds,card,0.437,2,4.33,retry_now,0,0.0
5450.69,card_declined,card,0.809,1,16.31,retry_now,0,0.0
14254.58,card_declined,card,0.828,1,1.85,retry_now,1,14254.58
1387.68,insufficient_funds,upi,0.743,0,11.82,retry_now,0,0.0
1836.97,network_error,wallet,0.684,1,15.46,request_card_update,1,1836.97
1388.77,expired_card,netbanking,0.787,2,8.97,request_card_update,0,0.0
2648.86,network_error,upi,0.851,1,32.22,retry_later,1,2648.86
7107.48,card_declined,card,0.358,4,53.24,retry_later,0,0.0
7604.87,card_declined,upi,0.809,0,2.38,request_alternative_payment,1,7604.87
6236.74,expired_card,upi,0.668,0,0.25,retry_later,0,0.0
1614.82,card_declined,upi,0.871,1,0.25,request_card_update,1,1614.82
787.69,card_declined,upi,0.841,0,11.45,request_card_update,1,787.69
5222.21,network_error,card,0.786,1,24.95,request_card_update,1,5222.21
3428.14,insufficient_funds,card,0.485,1,1.0,retry_now,1,3428.14
7220.66,insufficient_funds,wallet,0.882,1,9.62,request_card_update,0,0.0
8767.05,expired_card,upi,0.572,1,5.98,retry_later,0,0.0
5584.7,card_declined,wallet,0.807,0,14.64,retry_now,0,0.0
9184.75,insufficient_funds,card,0.846,0,17.83,request_alternative_payment,0,0.0
6006.29,insufficient_funds,upi,0.764,1,14.19,request_alternative_payment,1,6006.29
7640.7,expired_card,card,0.965,2,19.7,request_card_update,1,7640.7
2845.39,card_declined,wallet,0.819,3,43.21,retry_now,1,2845.39
4330.78,card_declined,card,0.909,0,9.46,request_alternative_payment,0,0.0
5852.44,insufficient_funds,upi,0.645,0,5.33,request_alternative_payment,0,0.0
9639.42,expired_card,card,0.846,1,39.95,request_card_update,0,0.0
3648.97,expired_card,card,0.499,1,86.44,retry_later,0,0.0
7586.51,card_declined,card,0.42,1,18.0,request_alternative_payment,0,0.0
4042.11,insufficient_funds,upi,0.802,1,15.02,request_card_update,1,4042.11
4551.26,network_error,netbanking,0.712,1,13.9,request_alternative_payment,0,0.0
9709.0,network_error,wallet,0.723,0,31.08,retry_later,1,9709.0
1015.1,network_error,upi,0.711,0,36.82,request_card_update,1,1015.1
1772.27,expired_card,upi,0.519,2,7.92,request_card_update,0,0.0
1527.59,card_declined,netbanking,0.937,2,11.34,retry_now,0,0.0
773.02,insufficient_funds,card,0.699,3,3.29,retry_now,1,773.02
2906.14,card_declined,netbanking,0.896,0,44.19,request_alternative_payment,0,0.0
9106.47,network_error,netbanking,0.963,3,10.56,retry_now,1,9106.47
3980.99,insufficient_funds,upi,0.877,3,1.38,retry_now,1,3980.99
5857.19,insufficient_funds,card,0.838,2,11.91,request_card_update,0,0.0
11950.96,network_error,card,0.901,0,10.79,retry_later,1,11950.96
14462.9,card_declined,card,0.927,0,6.21,request_alternative_payment,0,0.0
4730.96,network_error,wallet,0.952,4,1.04,retry_later,0,0.0
14765.7,insufficient_funds,upi,0.875,1,17.98,retry_now,0,0.0
5382.43,insufficient_funds,upi,0.955,2,23.3,request_card_update,1,5382.43
2558.75,insufficient_funds,upi,0.826,0,8.1,retry_now,0,0.0
3107.81,network_error,netbanking,0.562,1,25.26,retry_later,0,0.0
1529.6,network_error,card,0.663,1,26.93,request_card_update,1,1529.6
2456.97,card_declined,card,0.897,2,22.49,retry_later,1,2456.97
3754.76,card_declined,upi,0.818,0,60.51,retry_later,1,3754.76
9509.64,insufficient_funds,card,0.883,1,0.45,retry_later,1,9509.64
19807.36,network_error,card,0.252,3,14.88,request_alternative_payment,0,0.0
1654.82,expired_card,upi,0.921,3,23.85,request_card_update,1,1654.82
6846.24,network_error,card,0.635,2,44.2,retry_now,1,6846.24
2174.94,insufficient_funds,wallet,0.897,0,16.7,retry_later,1,2174.94
7309.65,card_declined,netbanking,0.695,1,8.0,retry_now,1,7309.65
4502.21,insufficient_funds,wallet,0.546,0,18.56,request_alternative_payment,0,0.0
1155.71,insufficient_funds,wallet,0.663,4,9.03,request_card_update,0,0.0
10507.36,insufficient_funds,card,0.701,1,4.58,retry_later,1,10507.36
3081.56,insufficient_funds,card,0.76,3,26.13,retry_later,0,0.0
3261.93,insufficient_funds,upi,0.659,0,8.16,retry_later,1,3261.93
2124.71,network_error,card,0.93,2,8.13,request_alternative_payment,1,2124.71
2962.43,insufficient_funds,wallet,0.804,1,12.78,request_card_update,0,0.0
7041.0,network_error,card,0.704,1,33.94,retry_now,0,0.0
4297.54,expired_card,upi,0.494,2,13.45,retry_later,0,0.0
6503.68,card_declined,upi,0.742,0,62.22,retry_now,1,6503.68
6679.05,card_declined,wallet,0.451,0,16.66,request_card_update,0,0.0
14381.85,network_error,upi,0.418,0,12.47,retry_later,1,14381.85
3800.79,insufficient_funds,upi,0.954,1,31.94,request_card_update,0,0.0
1534.11,card_declined,card,0.817,2,22.41,retry_later,0,0.0
11742.51,card_declined,upi,0.659,3,10.92,retry_later,0,0.0
3835.3,network_error,upi,0.918,2,20.0,request_card_update,1,3835.3
12196.05,network_error,upi,0.806,1,6.53,retry_now,1,12196.05
6794.68,network_error,netbanking,0.56,1,38.72,retry_now,0,0.0
4502.03,network_error,card,0.904,1,9.84,request_card_update,0,0.0
6609.17,card_declined,card,0.472,1,25.24,request_alternative_payment,0,0.0
23813.39,network_error,wallet,0.702,2,24.54,request_card_update,0,0.0
26338.25,expired_card,card,0.689,1,9.71,request_card_update,0,0.0
5285.37,card_declined,upi,0.801,0,6.93,request_alternative_payment,1,5285.37
5683.63,expired_card,upi,0.741,3,8.54,retry_later,0,0.0
11827.53,expired_card,wallet,0.381,3,30.24,retry_later,0,0.0
2541.89,card_declined,card,0.919,2,4.35,request_alternative_payment,0,0.0
6526.65,insufficient_funds,card,0.671,2,33.82,retry_now,1,6526.65
4897.61,insufficient_funds,netbanking,0.766,1,87.66,request_card_update,0,0.0
6427.36,network_error,upi,0.893,2,4.8,request_alternative_payment,0,0.0
2567.01,insufficient_funds,upi,0.811,2,4.78,retry_later,1,2567.01
1401.84,card_declined,card,0.702,1,5.0,retry_later,1,1401.84
952.23,card_declined,card,0.956,1,0.72,request_card_update,0,0.0
2045.27,expired_card,wallet,0.571,0,6.35,retry_now,1,2045.27
3464.26,network_error,upi,0.477,1,1.49,request_card_update,0,0.0
3954.62,network_error,wallet,0.683,1,15.6,retry_later,0,0.0
23552.28,card_declined,wallet,0.824,1,11.13,retry_later,1,23552.28
12112.43,insufficient_funds,upi,0.837,0,6.21,retry_now,0,0.0
2315.82,network_error,upi,0.929,1,10.74,retry_now,0,0.0
6603.53,insufficient_funds,upi,0.782,2,7.29,retry_later,0,0.0
3610.24,card_declined,netbanking,0.88,1,6.06,request_card_update,1,3610.24
3982.65,expired_card,upi,0.782,1,0.25,request_card_update,1,3982.65
5799.08,card_declined,card,0.606,4,44.65,retry_now,0,0.0
8205.26,card_declined,wallet,0.753,1,29.09,retry_now,0,0.0
3811.53,network_error,upi,0.324,2,11.08,retry_now,0,0.0
11710.89,network_error,netbanking,0.769,0,37.55,request_alternative_payment,1,11710.89
2005.49,card_declined,card,0.684,0,0.37,retry_later,1,2005.49
5025.42,card_declined,upi,0.554,3,11.95,request_alternative_payment,0,0.0
39947.93,insufficient_funds,upi,0.799,3,42.78,request_alternative_payment,0,0.0
5976.9,card_declined,netbanking,0.564,0,5.63,request_card_update,0,0.0
15736.92,insufficient_funds,card,0.839,4,1.48,request_card_update,0,0.0
5379.82,card_declined,card,0.353,2,22.08,request_card_update,0,0.0
7957.06,network_error,netbanking,0.827,0,9.41,request_alternative_payment,1,7957.06
4777.95,insufficient_funds,wallet,0.599,0,15.57,retry_later,0,0.0
4362.79,card_declined,card,0.863,2,25.07,request_card_update,0,0.0
2680.09,insufficient_funds,card,0.834,0,1.3,request_card_update,0,0.0
7054.59,insufficient_funds,upi,0.716,2,45.15,retry_later,0,0.0
2529.97,insufficient_funds,card,0.692,2,45.29,retry_later,1,2529.97
8515.65,insufficient_funds,card,0.698,1,0.89,request_alternative_payment,1,8515.65
11913.44,expired_card,upi,0.72,2,22.05,request_alternative_payment,0,0.0
6703.72,expired_card,upi,0.477,2,16.01,retry_later,0,0.0
3976.65,network_error,card,0.737,1,11.56,retry_now,0,0.0
7189.42,card_declined,card,0.774,1,41.61,request_card_update,0,0.0
3905.94,network_error,wallet,0.521,2,21.96,request_alternative_payment,0,0.0
10568.48,expired_card,upi,0.568,4,14.06,retry_later,0,0.0
1155.25,card_declined,netbanking,0.734,0,3.05,retry_now,0,0.0
3822.68,insufficient_funds,card,0.756,0,15.55,request_alternative_payment,1,3822.68
1016.93,network_error,netbanking,0.641,2,19.33,retry_now,0,0.0
1511.93,expired_card,netbanking,0.721,4,15.65,retry_later,0,0.0
14887.59,insufficient_funds,card,0.882,1,16.36,retry_later,0,0.0
10232.67,card_declined,upi,0.604,1,33.52,request_alternative_payment,0,0.0
2811.88,card_declined,upi,0.854,4,2.36,request_alternative_payment,1,2811.88
1502.96,card_declined,card,0.923,0,0.25,request_alternative_payment,1,1502.96
466.65,network_error,netbanking,0.456,0,2.25,request_card_update,1,466.65
3236.98,card_declined,card,0.917,1,2.0,retry_now,0,0.0
34666.37,expired_card,upi,0.704,1,2.06,retry_later,0,0.0
7080.51,network_error,wallet,0.886,0,8.53,retry_later,1,7080.51
3195.62,insufficient_funds,card,0.582,1,45.88,request_alternative_payment,1,3195.62
7253.63,network_error,card,0.607,1,54.61,retry_later,0,0.0
1434.29,network_error,card,0.804,0,0.61,request_alternative_payment,0,0.0
3941.57,card_declined,wallet,0.939,1,2.64,retry_later,1,3941.57
5414.17,card_declined,card,0.808,0,90.97,request_alternative_payment,0,0.0
4667.19,network_error,card,0.603,0,8.75,retry_now,1,4667.19
9412.92,card_declined,upi,0.77,3,19.0,request_alternative_payment,0,0.0
6587.37,insufficient_funds,netbanking,0.961,1,17.48,request_card_update,1,6587.37
8534.35,insufficient_funds,upi,0.748,1,45.62,request_card_update,1,8534.35
2882.74,insufficient_funds,wallet,0.813,1,4.01,retry_later,0,0.0
10254.23,network_error,card,0.891,0,63.17,retry_later,1,10254.23
18404.36,insufficient_funds,upi,0.598,1,31.55,retry_later,0,0.0
2300.94,card_declined,upi,0.942,0,2.25,retry_now,1,2300.94
2457.84,card_declined,card,0.607,1,2.88,retry_later,0,0.0
14556.9,network_error,netbanking,0.463,0,17.16,retry_now,0,0.0
4290.33,card_declined,upi,0.768,2,0.25,retry_later,0,0.0
15371.19,expired_card,card,0.817,3,18.51,request_alternative_payment,1,15371.19
3509.27,expired_card,card,0.84,4,22.23,request_card_update,0,0.0
16014.18,insufficient_funds,card,0.957,3,9.17,request_alternative_payment,1,16014.18
5554.6,network_error,netbanking,0.902,2,6.34,request_alternative_payment,1,5554.6
6147.35,insufficient_funds,card,0.885,0,14.49,request_card_update,0,0.0
17482.71,network_error,wallet,0.854,0,44.51,retry_later,0,0.0
3743.5,card_declined,card,0.594,0,1.33,request_alternative_payment,1,3743.5
2355.0,insufficient_funds,wallet,0.654,2,39.0,request_alternative_payment,1,2355.0
3492.39,insufficient_funds,netbanking,0.841,2,20.87,retry_now,0,0.0
7180.04,card_declined,card,0.977,0,20.49,retry_later,1,7180.04
1428.79,network_error,card,0.529,0,36.34,request_alternative_payment,1,1428.79
8326.26,network_error,netbanking,0.802,0,14.92,retry_now,1,8326.26
3249.24,insufficient_funds,card,0.61,4,2.04,retry_later,1,3249.24
12524.52,insufficient_funds,card,0.768,0,3.11,retry_later,1,12524.52
736.41,card_declined,netbanking,0.546,2,22.7,request_alternative_payment,0,0.0
2664.95,card_declined,wallet,0.86,2,26.96,retry_later,1,2664.95
1297.27,insufficient_funds,netbanking,0.831,2,0.25,retry_later,1,1297.27
2581.72,insufficient_funds,netbanking,0.783,1,2.23,request_alternative_payment,1,2581.72
6095.62,expired_card,upi,0.751,0,18.26,request_card_update,0,0.0
4332.12,card_declined,netbanking,0.779,0,22.86,retry_now,0,0.0
4082.61,network_error,card,0.873,3,18.03,request_alternative_payment,0,0.0
4402.14,card_declined,netbanking,0.932,1,34.33,retry_later,0,0.0
5883.48,card_declined,upi,0.692,2,14.14,retry_now,0,0.0
2231.36,card_declined,upi,0.536,1,55.91,retry_now,0,0.0
8801.46,insufficient_funds,wallet,0.679,0,20.35,retry_now,1,8801.46
8495.79,insufficient_funds,upi,0.544,2,8.61,request_alternative_payment,1,8495.79
6803.71,expired_card,upi,0.877,3,15.43,retry_later,0,0.0
7804.22,expired_card,upi,0.94,0,25.38,retry_now,0,0.0
6338.06,network_error,card,0.524,0,7.52,request_card_update,1,6338.06
25469.88,insufficient_funds,card,0.717,0,37.81,retry_later,1,25469.88
4663.48,insufficient_funds,wallet,0.464,3,19.06,request_card_update,0,0.0
3910.91,insufficient_funds,card,0.954,2,2.89,retry_later,0,0.0
2736.33,expired_card,upi,0.465,2,11.36,request_alternative_payment,0,0.0
2189.4,network_error,upi,0.89,0,3.87,retry_later,1,2189.4
1847.55,card_declined,netbanking,0.841,1,12.0,retry_later,1,1847.55
2455.67,expired_card,netbanking,0.394,0,36.31,request_alternative_payment,1,2455.67
4725.12,insufficient_funds,card,0.621,2,16.02,request_alternative_payment,1,4725.12
6533.05,card_declined,card,0.67,0,22.61,retry_now,0,0.0
5208.81,insufficient_funds,upi,0.696,4,13.26,request_card_update,1,5208.81
2710.17,insufficient_funds,card,0.812,2,58.47,request_card_update,0,0.0
10273.68,expired_card,upi,0.763,0,13.98,retry_later,0,0.0
9033.75,expired_card,card,0.652,0,11.09,request_alternative_payment,1,9033.75
4400.5,insufficient_funds,card,0.721,0,9.86,request_alternative_payment,1,4400.5
2965.68,insufficient_funds,wallet,0.707,0,8.3,request_alternative_payment,1,2965.68
7753.78,card_declined,wallet,0.768,4,52.89,retry_later,0,0.0
5811.37,insufficient_funds,upi,0.753,4,69.83,retry_later,0,0.0
1569.78,card_declined,card,0.305,0,1.44,retry_now,0,0.0
4735.34,card_declined,wallet,0.81,0,0.29,retry_now,0,0.0
6166.1,insufficient_funds,upi,0.781,0,19.71,retry_now,0,0.0
2434.36,insufficient_funds,wallet,0.74,1,39.67,request_alternative_payment,0,0.0
5820.07,insufficient_funds,card,0.894,1,26.52,retry_later,0,0.0
1561.4,expired_card,card,0.774,1,3.78,retry_later,0,0.0
14561.58,card_declined,upi,0.86,0,16.14,request_card_update,0,0.0
13569.14,card_declined,wallet,0.849,0,50.4,retry_later,0,0.0
4085.42,insufficient_funds,card,0.861,1,4.5,retry_later,1,4085.42
6687.24,network_error,card,0.842,0,2.83,request_alternative_payment,1,6687.24
727.24,insufficient_funds,upi,0.978,1,10.32,request_alternative_payment,1,727.24
1982.5,insufficient_funds,wallet,0.911,0,9.29,request_alternative_payment,1,1982.5
3952.76,network_error,netbanking,0.561,1,42.27,request_card_update,1,3952.76
2120.67,network_error,wallet,0.829,2,13.54,request_alternative_payment,1,2120.67
8854.76,insufficient_funds,upi,0.891,1,28.3,retry_now,1,8854.76
24711.66,card_declined,netbanking,0.541,3,24.13,retry_later,1,24711.66
1950.62,expired_card,upi,0.491,0,0.89,retry_now,0,0.0
2558.62,insufficient_funds,card,0.731,0,12.82,request_card_update,1,2558.62
6036.33,insufficient_funds,upi,0.751,1,15.31,retry_later,0,0.0
18143.83,card_declined,upi,0.734,0,22.24,request_alternative_payment,1,18143.83
1880.5,insufficient_funds,upi,0.848,0,7.74,request_alternative_payment,1,1880.5
6102.31,card_declined,card,0.742,0,22.64,retry_later,0,0.0
21466.14,network_error,netbanking,0.958,1,21.72,retry_now,1,21466.14
1333.8,card_declined,netbanking,0.414,1,7.87,retry_now,0,0.0
1794.24,card_declined,card,0.756,0,2.38,request_alternative_payment,0,0.0
3562.82,card_declined,wallet,0.864,1,5.64,retry_later,0,0.0
3296.85,network_error,card,0.972,2,5.41,retry_later,1,3296.85
9578.48,insufficient_funds,card,0.755,0,3.3,retry_now,0,0.0
6066.4,insufficient_funds,card,0.719,1,38.51,retry_now,0,0.0
1208.61,network_error,upi,0.674,4,18.33,retry_now,0,0.0
7551.65,insufficient_funds,card,0.941,0,13.06,retry_now,1,7551.65
3150.01,insufficient_funds,upi,0.79,2,36.52,request_alternative_payment,0,0.0
13859.84,insufficient_funds,netbanking,0.629,2,8.83,retry_later,0,0.0
3026.38,network_error,upi,0.774,1,22.69,retry_later,0,0.0
3004.6,insufficient_funds,netbanking,0.95,2,10.47,retry_later,0,0.0
7708.65,network_error,wallet,0.86,2,4.9,request_card_update,1,7708.65
9205.3,network_error,card,0.637,2,29.38,retry_now,1,9205.3
7155.76,card_declined,card,0.788,0,0.35,retry_now,0,0.0
1298.18,insufficient_funds,card,0.623,1,3.6,request_alternative_payment,0,0.0
7689.57,network_error,upi,0.823,0,2.55,request_alternative_payment,1,7689.57
2185.82,insufficient_funds,card,0.936,0,21.83,retry_later,1,2185.82
6035.5,expired_card,upi,0.788,1,7.72,request_alternative_payment,1,6035.5
1600.71,network_error,upi,0.767,0,26.89,retry_now,1,1600.71
7145.59,insufficient_funds,upi,0.937,0,33.87,request_card_update,0,0.0
2622.58,network_error,card,0.83,4,5.16,retry_later,1,2622.58
1792.0,card_declined,card,0.744,3,1.7,request_card_update,1,1792.0
8850.68,card_declined,card,0.835,0,25.25,request_card_update,0,0.0
6066.33,card_declined,netbanking,0.24,0,8.25,request_card_update,0,0.0
3059.52,card_declined,upi,0.922,0,31.77,retry_later,0,0.0
15964.72,network_error,upi,0.621,0,0.25,retry_now,1,15964.72
3514.57,expired_card,upi,0.924,0,13.72,request_alternative_payment,1,3514.57
5130.09,insufficient_funds,upi,0.941,2,29.25,retry_later,1,5130.09
6200.12,card_declined,card,0.783,0,4.72,request_alternative_payment,0,0.0
3045.62,network_error,card,0.781,2,46.67,request_card_update,1,3045.62
7288.86,network_error,card,0.661,3,8.11,retry_now,0,0.0
3263.09,card_declined,card,0.758,0,3.68,request_card_update,0,0.0
3597.1,card_declined,card,0.608,1,15.98,retry_now,0,0.0
14873.07,network_error,netbanking,0.74,0,23.91,request_card_update,1,14873.07
2174.87,insufficient_funds,card,0.802,1,6.05,request_card_update,1,2174.87
725.58,insufficient_funds,card,0.855,0,66.64,request_alternative_payment,0,0.0
18141.23,card_declined,card,0.598,1,14.16,retry_now,1,18141.23
38432.38,insufficient_funds,card,0.574,1,25.88,request_card_update,1,38432.38
3615.47,insufficient_funds,card,0.554,4,26.96,retry_now,0,0.0
1061.8,insufficient_funds,card,0.866,0,19.22,retry_later,0,0.0
3900.29,network_error,card,0.919,0,13.19,request_card_update,1,3900.29
3976.73,expired_card,wallet,0.77,0,11.3,retry_later,0,0.0
4295.2,card_declined,card,0.872,0,0.69,retry_now,1,4295.2
2051.82,insufficient_funds,card,0.899,1,3.03,request_card_update,1,2051.82
7949.32,network_error,upi,0.764,4,32.29,request_card_update,0,0.0
7606.81,insufficient_funds,card,0.857,1,17.37,retry_later,0,0.0
1512.73,expired_card,upi,0.943,2,0.89,retry_later,1,1512.73
8747.74,card_declined,card,0.882,1,6.46,request_card_update,0,0.0
25831.27,insufficient_funds,netbanking,0.62,0,14.69,request_card_update,1,25831.27
5737.4,card_declined,wallet,0.586,3,23.08,retry_later,0,0.0
3817.43,insufficient_funds,upi,0.918,4,1.47,retry_later,1,3817.43
4463.06,network_error,card,0.922,0,57.23,request_alternative_payment,0,0.0
8179.6,insufficient_funds,upi,0.383,0,12.89,request_alternative_payment,0,0.0
1252.2,expired_card,card,0.787,1,15.73,retry_later,0,0.0
5702.76,network_error,netbanking,0.888,3,14.9,retry_now,0,0.0
3658.55,expired_card,card,0.684,1,0.72,request_alternative_payment,0,0.0
21926.54,expired_card,upi,0.946,1,2.31,retry_now,0,0.0
4349.67,insufficient_funds,card,0.836,1,3.2,request_card_update,1,4349.67
18986.88,card_declined,upi,0.927,1,1.9,retry_later,0,0.0
2067.72,network_error,card,0.888,3,12.09,request_alternative_payment,0,0.0
7998.43,card_declined,card,0.778,2,11.37,retry_now,1,7998.43
6455.67,insufficient_funds,upi,0.939,2,9.13,request_card_update,0,0.0
2494.78,insufficient_funds,upi,0.303,0,33.99,retry_later,1,2494.78
5762.4,insufficient_funds,card,0.896,0,3.28,retry_later,1,5762.4
13189.92,expired_card,card,0.856,2,11.28,retry_now,0,0.0
3858.99,card_declined,netbanking,0.907,0,27.83,retry_now,1,3858.99
1291.58,network_error,upi,0.837,0,25.75,request_card_update,1,1291.58
4930.24,expired_card,upi,0.843,2,45.82,request_card_update,0,0.0
2429.05,insufficient_funds,upi,0.598,1,16.89,request_alternative_payment,1,2429.05
3802.14,network_error,upi,0.75,1,33.5,request_card_update,1,3802.14
4684.07,insufficient_funds,upi,0.732,0,5.18,retry_later,0,0.0
1277.51,insufficient_funds,card,0.506,0,19.64,retry_later,1,1277.51
1372.88,insufficient_funds,upi,0.933,3,4.08,request_card_update,0,0.0
7352.87,insufficient_funds,upi,0.919,0,42.81,request_card_update,0,0.0
3291.24,card_declined,card,0.789,1,8.99,retry_now,0,0.0
642.52,card_declined,upi,0.473,1,47.1,request_alternative_payment,0,0.0
9368.13,insufficient_funds,card,0.707,1,6.64,request_card_update,1,9368.13
6217.29,insufficient_funds,card,0.773,2,53.59,retry_later,0,0.0
2824.52,network_error,netbanking,0.503,0,4.32,retry_later,1,2824.52
1743.64,insufficient_funds,netbanking,0.733,1,10.95,retry_now,0,0.0
9757.97,network_error,card,0.755,2,1.37,retry_later,0,0.0
6612.21,expired_card,upi,0.963,0,22.85,request_card_update,1,6612.21
33633.4,network_error,card,0.908,3,0.25,request_card_update,0,0.0
6997.75,card_declined,upi,0.41,1,26.79,request_card_update,1,6997.75
6818.23,network_error,upi,0.992,1,26.75,retry_later,1,6818.23
4374.95,network_error,netbanking,0.855,0,12.21,retry_now,0,0.0
9610.52,expired_card,card,0.688,1,0.26,request_card_update,0,0.0
8244.17,expired_card,card,0.836,0,30.5,retry_now,1,8244.17
13610.18,card_declined,netbanking,0.667,0,47.26,request_card_update,1,13610.18
3294.91,card_declined,card,0.449,3,5.26,retry_later,0,0.0
3529.34,network_error,card,0.539,2,9.03,retry_later,0,0.0
3408.1,insufficient_funds,card,0.582,1,11.58,request_card_update,1,3408.1
9412.88,card_declined,upi,0.855,4,1.31,request_card_update,0,0.0
16579.01,network_error,card,0.462,0,12.48,request_card_update,1,16579.01
3463.8,network_error,upi,0.848,0,9.32,request_alternative_payment,1,3463.8
3559.5,card_declined,card,0.883,2,23.07,retry_later,0,0.0
6428.23,insufficient_funds,upi,0.811,0,51.81,retry_later,1,6428.23
4107.56,insufficient_funds,wallet,0.727,2,9.94,request_card_update,0,0.0
10708.96,card_declined,card,0.653,1,5.81,request_card_update,0,0.0
825.32,expired_card,upi,0.742,0,30.55,retry_later,1,825.32
2580.73,expired_card,upi,0.887,1,1.32,request_alternative_payment,0,0.0
2673.81,card_declined,card,0.848,1,41.14,request_alternative_payment,1,2673.81
781.26,insufficient_funds,netbanking,0.886,0,36.83,retry_now,1,781.26
2312.96,network_error,netbanking,0.987,2,3.58,request_alternative_payment,0,0.0
2404.43,network_error,netbanking,0.727,0,3.03,retry_now,1,2404.43
4256.96,card_declined,wallet,0.599,0,28.34,retry_now,1,4256.96
12180.19,card_declined,upi,0.911,2,4.22,request_alternative_payment,0,0.0
4109.86,insufficient_funds,upi,0.739,1,6.25,retry_now,0,0.0
2191.94,network_error,card,0.608,0,7.14,request_card_update,1,2191.94
4777.29,card_declined,wallet,0.775,1,16.02,retry_now,0,0.0
11574.18,card_declined,upi,0.813,2,41.16,request_card_update,0,0.0
2290.27,expired_card,card,0.85,0,5.44,request_card_update,0,0.0
2413.26,network_error,netbanking,0.474,3,50.73,request_card_update,0,0.0
7816.81,expired_card,upi,0.792,1,18.35,retry_later,0,0.0
4187.94,card_declined,wallet,0.888,0,13.14,retry_later,1,4187.94
8393.23,card_declined,netbanking,0.655,0,13.26,retry_later,1,8393.23
4945.71,expired_card,netbanking,0.782,3,22.66,request_card_update,0,0.0
8765.02,expired_card,upi,0.858,0,31.32,retry_later,1,8765.02
2184.47,expired_card,upi,0.71,2,5.15,request_alternative_payment,0,0.0
4951.89,network_error,netbanking,0.638,0,6.0,request_card_update,0,0.0
4224.44,card_declined,card,0.692,3,9.79,retry_now,0,0.0
1890.28,insufficient_funds,card,0.698,3,35.32,retry_now,0,0.0
1431.4,card_declined,wallet,0.626,0,17.94,retry_later,0,0.0
8654.13,expired_card,wallet,0.94,0,6.95,request_card_update,0,0.0
3776.04,card_declined,wallet,0.889,0,8.91,retry_now,0,0.0
2206.95,network_error,card,0.839,4,32.11,request_alternative_payment,1,2206.95
4629.71,expired_card,card,0.8,1,3.23,request_alternative_payment,0,0.0
12327.75,expired_card,wallet,0.574,4,10.05,request_alternative_payment,0,0.0
806.42,expired_card,card,0.675,1,1.6,retry_later,0,0.0
1510.03,card_declined,upi,0.375,2,4.02,retry_later,0,0.0
2389.61,card_declined,card,0.634,3,4.5,retry_later,1,2389.61
16092.95,expired_card,netbanking,0.619,0,25.67,retry_now,1,16092.95
6268.31,insufficient_funds,upi,0.875,0,31.33,request_card_update,1,6268.31
9237.69,insufficient_funds,card,0.714,0,43.9,request_card_update,0,0.0
2008.34,expired_card,upi,0.849,1,55.05,request_card_update,0,0.0
2041.75,network_error,card,0.637,2,10.85,request_alternative_payment,1,2041.75
7154.12,card_declined,upi,0.779,4,1.21,retry_later,0,0.0
5238.62,insufficient_funds,upi,0.655,2,8.15,retry_now,1,5238.62
7755.71,card_declined,upi,0.738,0,25.78,request_alternative_payment,1,7755.71
4302.95,expired_card,card,0.806,3,11.43,request_alternative_payment,0,0.0
6246.07,card_declined,card,0.96,2,4.54,request_card_update,0,0.0
5674.22,card_declined,card,0.889,0,0.35,retry_later,0,0.0
9315.24,card_declined,wallet,0.922,3,14.15,request_alternative_payment,1,9315.24
9535.72,expired_card,card,0.784,0,36.54,retry_later,0,0.0
1368.26,expired_card,upi,0.865,1,76.88,request_card_update,0,0.0
828.3,card_declined,card,0.636,2,22.55,retry_now,0,0.0
11143.25,card_declined,wallet,0.881,0,9.67,request_alternative_payment,1,11143.25
12930.88,insufficient_funds,netbanking,0.779,2,33.61,request_alternative_payment,1,12930.88
2209.88,card_declined,card,0.844,1,10.7,retry_now,0,0.0
1129.27,insufficient_funds,upi,0.761,1,45.33,request_alternative_payment,1,1129.27
5412.25,card_declined,upi,0.792,1,16.29,request_card_update,0,0.0
10528.74,card_declined,netbanking,0.682,0,37.05,request_card_update,0,0.0
21062.91,insufficient_funds,wallet,0.698,0,12.11,retry_now,0,0.0
7557.01,insufficient_funds,upi,0.653,0,41.48,retry_now,0,0.0
3713.83,insufficient_funds,netbanking,0.789,0,16.12,retry_later,1,3713.83
2447.17,insufficient_funds,upi,0.771,1,11.24,request_card_update,0,0.0
5046.02,network_error,card,0.9,1,27.11,retry_later,0,0.0
3935.45,insufficient_funds,upi,0.481,0,5.23,retry_later,1,3935.45
2219.73,insufficient_funds,upi,0.928,2,17.88,request_alternative_payment,1,2219.73
25750.2,expired_card,card,0.378,2,24.58,retry_now,0,0.0
20854.56,insufficient_funds,upi,0.478,0,34.11,request_card_update,1,20854.56
12407.2,expired_card,card,0.396,0,11.36,request_card_update,0,0.0
2393.5,card_declined,card,0.836,1,22.52,request_card_update,1,2393.5
9909.1,network_error,netbanking,0.298,2,10.52,retry_later,1,9909.1
8340.63,card_declined,card,0.652,0,4.67,request_card_update,1,8340.63
7124.04,insufficient_funds,netbanking,0.824,0,25.21,retry_now,0,0.0
13587.77,network_error,card,0.885,4,18.13,retry_later,0,0.0
8312.29,network_error,upi,0.556,1,3.43,retry_now,0,0.0
9038.1,insufficient_funds,wallet,0.959,0,85.51,request_alternative_payment,0,0.0
8322.5,network_error,netbanking,0.665,1,14.74,request_card_update,1,8322.5
6567.09,card_declined,netbanking,0.458,1,1.24,request_card_update,0,0.0
1200.27,expired_card,card,0.814,3,2.65,request_alternative_payment,1,1200.27
5345.93,network_error,card,0.867,4,2.06,request_alternative_payment,1,5345.93
3204.27,insufficient_funds,upi,0.695,0,1.04,request_card_update,0,0.0
1796.01,expired_card,netbanking,0.6,3,4.79,request_alternative_payment,1,1796.01
19199.63,expired_card,netbanking,0.778,2,9.53,request_card_update,0,0.0
19938.13,network_error,upi,0.922,0,23.28,retry_later,1,19938.13
14832.41,insufficient_funds,card,0.762,2,16.18,request_alternative_payment,0,0.0
6132.54,network_error,card,0.802,0,1.39,request_alternative_payment,1,6132.54
14730.76,card_declined,wallet,0.874,0,8.17,retry_now,0,0.0
5048.45,insufficient_funds,upi,0.826,2,69.6,request_alternative_payment,1,5048.45
5880.7,expired_card,netbanking,0.729,0,13.07,retry_later,0,0.0
2084.77,card_declined,upi,0.807,3,15.08,request_card_update,1,2084.77
6869.09,expired_card,wallet,0.719,1,65.96,retry_now,0,0.0
5247.47,network_error,netbanking,0.876,1,10.92,retry_later,1,5247.47
1763.53,insufficient_funds,card,0.81,2,13.66,retry_now,0,0.0
4799.35,expired_card,netbanking,0.613,2,25.54,retry_now,0,0.0
4691.04,card_declined,card,0.76,0,21.42,retry_later,0,0.0
21062.34,card_declined,card,0.919,0,15.79,request_card_update,1,21062.34
10224.72,card_declined,netbanking,0.639,3,70.32,retry_later,0,0.0
5045.99,insufficient_funds,card,0.936,0,10.54,request_card_update,1,5045.99
6101.09,network_error,card,0.757,1,10.7,request_card_update,0,0.0
5180.01,card_declined,upi,0.828,0,18.12,request_card_update,1,5180.01
4250.8,expired_card,wallet,0.822,2,24.62,retry_now,0,0.0
2103.28,expired_card,card,0.892,0,36.95,request_alternative_payment,0,0.0
4430.87,network_error,upi,0.82,2,52.15,retry_now,0,0.0
2752.64,insufficient_funds,upi,0.864,2,21.15,retry_later,1,2752.64
1838.93,network_error,card,0.724,1,2.63,request_alternative_payment,1,1838.93
7526.39,insufficient_funds,upi,0.772,0,0.43,request_card_update,0,0.0
6837.69,network_error,upi,0.666,0,1.54,retry_now,0,0.0
1197.3,card_declined,netbanking,0.827,0,4.94,request_card_update,1,1197.3
4532.57,expired_card,upi,0.896,0,14.9,request_alternative_payment,0,0.0
11089.5,card_declined,wallet,0.651,1,2.58,request_alternative_payment,0,0.0
11667.61,insufficient_funds,netbanking,0.464,1,96.0,request_card_update,0,0.0
11360.1,expired_card,card,0.78,4,79.96,request_alternative_payment,0,0.0
5158.1,card_declined,netbanking,0.908,2,27.82,retry_now,1,5158.1
2543.15,expired_card,upi,0.956,1,1.38,request_card_update,1,2543.15
2101.14,expired_card,card,0.67,2,6.13,retry_now,0,0.0
6587.16,card_declined,upi,0.888,1,21.1,retry_now,0,0.0
6772.44,card_declined,netbanking,0.751,1,10.31,request_card_update,0,0.0
14003.44,card_declined,card,0.799,0,37.01,request_card_update,1,14003.44
12054.3,network_error,card,0.546,2,11.65,request_card_update,1,12054.3
4498.1,expired_card,upi,0.664,0,0.64,request_card_update,1,4498.1
1847.94,insufficient_funds,card,0.653,0,18.57,retry_now,1,1847.94
3873.48,network_error,netbanking,0.65,0,5.71,request_card_update,1,3873.48
5949.0,insufficient_funds,card,0.449,2,8.32,retry_later,0,0.0
4253.62,card_declined,netbanking,0.846,3,16.61,retry_now,0,0.0
3149.12,network_error,netbanking,0.848,1,4.85,retry_now,0,0.0
6121.12,expired_card,card,0.914,3,23.68,request_alternative_payment,1,6121.12
3341.01,card_declined,upi,0.876,1,9.18,request_card_update,1,3341.01
3025.22,card_declined,card,0.612,1,2.39,retry_later,0,0.0
6414.75,insufficient_funds,card,0.787,3,7.21,retry_now,0,0.0
3624.96,insufficient_funds,upi,0.648,1,30.25,retry_now,0,0.0
6078.28,card_declined,card,0.926,1,16.7,request_card_update,1,6078.28
6221.44,expired_card,netbanking,0.931,0,9.69,request_card_update,0,0.0
2009.52,card_declined,upi,0.57,3,25.02,retry_now,0,0.0
3402.28,insufficient_funds,card,0.581,0,56.49,retry_now,1,3402.28
15794.46,network_error,card,0.725,1,15.97,retry_now,1,15794.46
1973.43,insufficient_funds,netbanking,0.931,2,10.67,retry_later,0,0.0
919.54,insufficient_funds,card,0.835,1,6.94,retry_now,0,0.0
1127.45,expired_card,upi,0.903,2,7.39,retry_later,0,0.0
5117.81,insufficient_funds,card,0.728,2,10.48,request_alternative_payment,1,5117.81
5125.21,card_declined,wallet,0.661,3,18.39,retry_now,1,5125.21
4551.01,card_declined,card,0.851,0,43.57,request_card_update,0,0.0
13207.57,insufficient_funds,upi,0.711,0,7.08,request_card_update,0,0.0
589.29,insufficient_funds,upi,0.487,3,1.62,retry_now,0,0.0
6863.28,insufficient_funds,card,0.853,0,13.65,retry_later,0,0.0
17436.9,insufficient_funds,upi,0.565,2,1.47,retry_now,0,0.0
2028.33,expired_card,card,0.827,1,5.7,request_card_update,1,2028.33
3689.88,card_declined,card,0.429,3,1.83,request_alternative_payment,0,0.0
2737.72,card_declined,card,0.842,0,1.95,retry_now,1,2737.72
2444.79,card_declined,upi,0.927,2,6.01,retry_now,1,2444.79
3851.37,expired_card,netbanking,0.713,1,6.15,retry_later,1,3851.37
15664.96,insufficient_funds,card,0.661,0,31.32,retry_later,0,0.0
21744.2,expired_card,netbanking,0.77,1,10.63,retry_later,1,21744.2
3821.67,insufficient_funds,netbanking,0.685,1,8.69,retry_later,1,3821.67
22953.86,expired_card,card,0.813,0,0.59,retry_now,0,0.0
5144.35,insufficient_funds,card,0.956,0,18.9,retry_later,0,0.0
20335.96,insufficient_funds,card,0.741,3,23.41,retry_later,0,0.0
4640.39,card_declined,card,0.455,2,19.26,request_alternative_payment,0,0.0
5552.7,insufficient_funds,netbanking,0.778,2,23.12,request_card_update,0,0.0
6698.06,network_error,upi,0.548,1,3.47,retry_now,1,6698.06
50000.0,network_error,card,0.636,1,13.22,retry_now,0,0.0
9879.54,network_error,upi,0.667,0,14.03,retry_later,1,9879.54
2839.5,insufficient_funds,card,0.935,0,3.46,retry_now,1,2839.5
10855.11,network_error,netbanking,0.783,4,10.57,retry_later,1,10855.11
3743.32,insufficient_funds,upi,0.823,0,15.43,request_card_update,1,3743.32
3379.2,expired_card,card,0.883,1,54.21,retry_later,0,0.0
10343.09,network_error,upi,0.697,3,7.23,request_card_update,1,10343.09
5125.9,card_declined,card,0.711,2,10.94,request_alternative_payment,0,0.0
6248.23,expired_card,wallet,0.526,0,22.96,request_card_update,0,0.0
5056.25,card_declined,card,0.794,1,8.43,retry_now,1,5056.25
6545.02,card_declined,netbanking,0.843,1,3.88,request_alternative_payment,0,0.0
7024.55,insufficient_funds,wallet,0.527,1,6.46,retry_now,1,7024.55
1061.69,network_error,upi,0.833,2,6.71,request_alternative_payment,1,1061.69
8522.38,card_declined,upi,0.682,1,9.61,retry_now,0,0.0
2279.2,insufficient_funds,upi,0.53,2,9.75,request_card_update,0,0.0
1577.12,network_error,card,0.752,1,0.57,request_alternative_payment,1,1577.12
4771.73,insufficient_funds,wallet,0.771,2,13.26,request_alternative_payment,0,0.0
5347.47,network_error,upi,0.769,1,24.52,retry_now,1,5347.47
2870.92,insufficient_funds,netbanking,0.942,2,5.99,retry_later,0,0.0
9720.76,card_declined,upi,0.56,2,17.72,retry_now,1,9720.76
1708.64,expired_card,card,0.51,0,34.81,request_card_update,1,1708.64
3610.63,insufficient_funds,card,0.597,1,9.45,request_card_update,0,0.0
3131.58,network_error,card,0.902,2,7.05,request_alternative_payment,1,3131.58
4817.08,card_declined,card,0.952,1,5.71,request_card_update,1,4817.08
6249.67,expired_card,upi,0.433,1,6.82,request_card_update,0,0.0
2232.5,insufficient_funds,card,0.877,4,0.25,retry_now,0,0.0
8925.07,network_error,wallet,0.695,0,4.62,request_card_update,0,0.0
5258.47,card_declined,card,0.537,1,4.94,retry_now,0,0.0
1100.63,card_declined,upi,0.949,0,17.13,retry_now,0,0.0
1043.48,card_declined,card,0.843,0,38.48,request_alternative_payment,0,0.0
4950.96,card_declined,card,0.872,1,42.64,request_alternative_payment,0,0.0
4189.85,card_declined,upi,0.849,0,18.76,request_card_update,1,4189.85
4602.97,insufficient_funds,card,0.92,0,7.0,request_alternative_payment,0,0.0
4889.31,card_declined,upi,0.621,0,6.74,request_alternative_payment,1,4889.31
5988.77,network_error,upi,0.782,1,7.24,retry_now,1,5988.77
10671.3,card_declined,card,0.608,4,33.06,retry_later,0,0.0
2055.57,insufficient_funds,upi,0.646,2,56.55,retry_now,0,0.0
1957.88,card_declined,card,0.741,2,34.79,request_card_update,0,0.0
2085.02,card_declined,card,0.638,1,2.76,retry_later,0,0.0
6300.14,network_error,netbanking,0.647,0,8.45,request_card_update,0,0.0
13536.58,expired_card,card,0.37,2,13.2,retry_now,0,0.0
3540.85,card_declined,card,0.452,0,9.41,request_card_update,0,0.0
675.76,network_error,upi,0.549,2,5.35,request_alternative_payment,0,0.0
1279.21,insufficient_funds,upi,0.411,1,15.43,retry_now,1,1279.21
2567.69,expired_card,wallet,0.53,1,26.77,request_card_update,1,2567.69
3200.33,insufficient_funds,netbanking,0.809,1,48.1,request_alternative_payment,1,3200.33
3606.46,card_declined,netbanking,0.898,0,10.21,request_alternative_payment,1,3606.46
5156.73,insufficient_funds,upi,0.883,2,27.48,retry_now,1,5156.73
3896.35,insufficient_funds,card,0.753,0,0.25,retry_later,1,3896.35
11575.72,network_error,card,0.607,0,13.73,retry_later,1,11575.72
2911.37,insufficient_funds,netbanking,0.851,1,28.07,retry_now,1,2911.37
2508.25,insufficient_funds,card,0.747,2,8.61,request_card_update,0,0.0
7334.13,insufficient_funds,card,0.911,1,16.19,request_alternative_payment,1,7334.13
1463.64,expired_card,upi,0.625,4,22.49,request_card_update,1,1463.64
6829.09,network_error,netbanking,0.731,0,3.03,request_card_update,0,0.0
5427.51,expired_card,upi,0.801,0,32.63,request_alternative_payment,0,0.0
4443.68,expired_card,card,0.801,3,26.41,retry_later,0,0.0
17815.32,expired_card,wallet,0.893,0,25.49,request_card_update,1,17815.32
3039.44,card_declined,card,0.78,0,24.78,request_alternative_payment,0,0.0
25989.08,insufficient_funds,wallet,0.781,2,0.86,retry_now,0,0.0
4174.91,insufficient_funds,card,0.574,0,6.79,retry_later,1,4174.91
1800.07,insufficient_funds,wallet,0.881,1,6.85,request_card_update,1,1800.07
5287.65,network_error,wallet,0.665,0,11.27,request_alternative_payment,0,0.0
2113.7,insufficient_funds,card,0.944,3,34.57,request_card_update,1,2113.7
2740.21,insufficient_funds,netbanking,0.809,1,17.6,request_card_update,1,2740.21
6869.32,network_error,card,0.663,1,2.56,request_alternative_payment,0,0.0
7798.28,insufficient_funds,card,0.466,1,13.19,retry_later,0,0.0
3039.53,insufficient_funds,card,0.803,0,14.89,retry_now,1,3039.53
11016.15,insufficient_funds,upi,0.812,0,6.8,retry_now,1,11016.15
12622.04,network_error,card,0.854,4,48.56,retry_now,1,12622.04
15775.83,insufficient_funds,upi,0.736,0,8.83,retry_later,0,0.0
7636.72,insufficient_funds,wallet,0.967,0,13.36,retry_now,1,7636.72
14882.42,insufficient_funds,netbanking,0.897,1,8.86,request_alternative_payment,0,0.0
1110.49,network_error,card,0.949,0,0.25,request_alternative_payment,1,1110.49
3877.2,insufficient_funds,upi,0.682,0,15.21,retry_now,0,0.0
2498.86,insufficient_funds,card,0.833,0,24.75,retry_later,1,2498.86
5500.39,expired_card,card,0.76,0,41.66,retry_now,0,0.0
3165.4,expired_card,wallet,0.609,3,6.32,retry_now,0,0.0
4377.65,insufficient_funds,wallet,0.587,0,6.46,request_alternative_payment,0,0.0
22537.44,insufficient_funds,card,0.607,0,32.83,request_alternative_payment,1,22537.44
4365.19,insufficient_funds,card,0.85,2,3.4,retry_now,1,4365.19
6962.03,network_error,card,0.583,1,5.1,retry_later,0,0.0
4152.13,insufficient_funds,card,0.658,1,34.13,request_card_update,0,0.0
5312.21,expired_card,card,0.867,1,31.71,retry_later,0,0.0
5024.12,network_error,card,0.939,1,6.78,request_card_update,1,5024.12
7157.04,card_declined,card,0.463,1,4.74,request_alternative_payment,1,7157.04
12701.04,insufficient_funds,card,0.887,3,6.13,retry_later,1,12701.04
18678.13,expired_card,netbanking,0.795,2,2.39,retry_now,0,0.0
6405.35,network_error,netbanking,0.719,1,8.67,request_card_update,0,0.0
8013.08,network_error,upi,0.697,0,5.83,request_card_update,1,8013.08
1991.22,insufficient_funds,card,0.652,1,18.34,retry_now,1,1991.22
4660.56,network_error,netbanking,0.963,0,7.5,request_alternative_payment,1,4660.56
10608.65,network_error,card,0.645,0,1.4,retry_now,0,0.0
9996.28,expired_card,netbanking,0.626,1,25.47,request_card_update,0,0.0
5922.3,card_declined,card,0.508,1,40.49,retry_now,0,0.0
10160.96,card_declined,wallet,0.939,0,38.97,retry_later,1,10160.96
7404.23,card_declined,card,0.848,1,30.39,retry_later,0,0.0
13061.68,network_error,netbanking,0.815,1,18.18,request_alternative_payment,1,13061.68
6302.37,expired_card,card,0.696,1,6.73,request_card_update,0,0.0
3761.73,card_declined,netbanking,0.547,2,3.41,request_card_update,0,0.0
6541.14,insufficient_funds,upi,0.835,0,3.1,retry_later,0,0.0
479.49,insufficient_funds,card,0.784,0,9.44,retry_now,1,479.49
6792.01,card_declined,netbanking,0.91,1,23.37,request_card_update,0,0.0
300.0,expired_card,card,0.883,1,28.61,retry_later,0,0.0
1259.44,insufficient_funds,upi,0.58,0,5.86,request_card_update,1,1259.44
7176.79,card_declined,card,0.937,0,21.11,retry_now,0,0.0
7326.23,expired_card,netbanking,0.785,0,11.67,request_alternative_payment,1,7326.23
1972.88,card_declined,netbanking,0.831,1,8.37,request_card_update,0,0.0
2828.53,insufficient_funds,upi,0.466,1,19.91,retry_now,0,0.0
14967.34,card_declined,netbanking,0.67,2,78.02,request_card_update,0,0.0
3394.69,card_declined,wallet,0.73,1,15.55,retry_now,0,0.0
30077.4,insufficient_funds,upi,0.822,0,15.55,request_card_update,1,30077.4
4992.33,network_error,card,0.66,2,47.29,retry_now,1,4992.33
6930.05,card_declined,upi,0.997,0,67.64,request_card_update,1,6930.05
18227.61,card_declined,card,0.733,1,6.34,retry_later,1,18227.61
5552.56,card_declined,upi,0.728,1,5.41,retry_later,0,0.0
2242.44,insufficient_funds,card,0.921,0,7.39,request_alternative_payment,1,2242.44
4579.8,insufficient_funds,netbanking,0.854,0,10.72,request_alternative_payment,0,0.0
4859.57,insufficient_funds,upi,0.678,0,36.93,request_card_update,0,0.0
1678.07,insufficient_funds,upi,0.835,1,19.16,retry_later,1,1678.07
4074.6,network_error,card,0.656,1,0.25,retry_later,1,4074.6
2761.25,insufficient_funds,card,0.923,4,6.29,retry_later,0,0.0
10474.29,network_error,netbanking,0.769,1,96.0,request_alternative_payment,0,0.0
5140.38,insufficient_funds,upi,0.821,0,6.35,retry_now,1,5140.38
3987.65,insufficient_funds,wallet,0.493,1,27.42,request_alternative_payment,1,3987.65
4592.81,insufficient_funds,upi,0.855,0,2.92,request_alternative_payment,1,4592.81
5977.1,card_declined,card,0.662,1,1.65,retry_later,0,0.0
8189.8,card_declined,upi,0.769,3,1.31,request_card_update,1,8189.8
2247.16,network_error,upi,0.8,2,1.1,retry_now,0,0.0
2173.13,insufficient_funds,card,0.949,0,12.82,retry_later,1,2173.13
12099.71,card_declined,upi,0.842,0,21.45,retry_later,0,0.0
3595.09,network_error,card,0.797,3,11.22,request_card_update,1,3595.09
1609.57,insufficient_funds,card,0.935,0,0.64,request_alternative_payment,1,1609.57
7131.26,insufficient_funds,card,0.413,2,4.29,retry_later,0,0.0
7243.71,insufficient_funds,upi,0.503,0,17.53,retry_later,1,7243.71
1469.42,insufficient_funds,upi,0.396,0,3.81,request_alternative_payment,1,1469.42
6007.59,expired_card,card,0.87,0,11.9,request_alternative_payment,0,0.0
9006.12,card_declined,netbanking,0.844,0,68.62,retry_now,0,0.0
6745.98,card_declined,netbanking,0.989,0,6.43,request_card_update,1,6745.98
8289.78,network_error,card,0.611,1,34.06,request_alternative_payment,0,0.0
1625.84,card_declined,card,0.899,1,46.3,retry_later,1,1625.84
6516.06,card_declined,card,0.904,1,1.08,retry_later,0,0.0
3924.9,insufficient_funds,card,0.839,0,1.0,request_alternative_payment,1,3924.9
3398.06,card_declined,wallet,0.554,2,29.41,request_card_update,1,3398.06
10033.03,insufficient_funds,netbanking,0.673,0,24.87,request_card_update,0,0.0
16327.61,insufficient_funds,card,0.815,2,5.53,retry_now,0,0.0
21008.64,insufficient_funds,upi,0.938,0,15.54,request_alternative_payment,1,21008.64
14314.66,network_error,card,0.957,1,1.94,retry_now,1,14314.66
4579.78,network_error,card,0.649,2,78.27,retry_later,0,0.0
6630.06,network_error,card,0.748,1,30.17,request_card_update,1,6630.06
9234.04,insufficient_funds,card,0.984,1,81.93,retry_now,1,9234.04
5508.98,expired_card,card,0.564,1,0.75,retry_later,0,0.0
5551.4,insufficient_funds,card,0.726,1,13.51,retry_now,0,0.0
9664.32,network_error,card,0.601,0,14.7,retry_later,0,0.0
4768.4,network_error,upi,0.584,0,5.0,request_alternative_payment,1,4768.4
2789.91,card_declined,upi,0.869,2,26.6,retry_now,0,0.0
3588.95,card_declined,card,0.663,2,3.85,request_card_update,1,3588.95
8302.58,network_error,upi,0.834,0,5.03,retry_later,1,8302.58
5011.99,network_error,card,0.745,2,13.44,retry_now,0,0.0
6564.04,insufficient_funds,wallet,0.653,2,6.54,request_card_update,0,0.0
8546.32,network_error,card,0.87,1,7.29,retry_now,1,8546.32
3704.56,insufficient_funds,upi,0.735,4,38.77,request_alternative_payment,0,0.0
9156.25,card_declined,card,0.578,0,38.54,retry_later,0,0.0
6770.07,card_declined,card,0.934,0,2.54,retry_now,1,6770.07
1861.88,network_error,upi,0.907,0,24.63,retry_later,1,1861.88
15851.78,card_declined,netbanking,0.917,0,13.64,retry_later,0,0.0
3349.6,insufficient_funds,wallet,0.725,2,7.16,retry_later,0,0.0
1330.24,card_declined,upi,0.883,1,46.05,retry_later,1,1330.24
2167.13,insufficient_funds,card,0.927,0,96.0,retry_now,0,0.0
2209.14,card_declined,netbanking,0.732,2,19.73,retry_now,0,0.0
5213.11,card_declined,card,0.813,0,26.84,request_card_update,0,0.0
4016.29,network_error,upi,0.815,1,2.66,retry_later,1,4016.29
3818.94,insufficient_funds,netbanking,0.767,4,0.91,request_card_update,1,3818.94
8208.74,insufficient_funds,card,0.715,0,7.14,retry_now,0,0.0
6562.28,card_declined,upi,0.414,2,45.83,request_alternative_payment,1,6562.28
6438.38,insufficient_funds,card,0.915,0,3.9,request_alternative_payment,1,6438.38
6939.99,insufficient_funds,card,0.772,0,11.35,request_alternative_payment,1,6939.99
8185.35,card_declined,wallet,0.869,0,48.6,retry_now,0,0.0
925.96,card_declined,card,0.69,2,1.67,retry_now,0,0.0
3735.52,insufficient_funds,card,0.557,0,9.6,retry_later,0,0.0
873.95,card_declined,upi,0.412,0,22.68,request_alternative_payment,0,0.0
5146.34,expired_card,card,0.719,0,29.68,retry_now,1,5146.34
4981.5,card_declined,card,0.908,1,24.59,retry_now,1,4981.5
11540.51,insufficient_funds,card,0.863,0,34.94,request_card_update,1,11540.51
12929.94,insufficient_funds,upi,0.874,0,79.37,retry_now,0,0.0
5880.6,insufficient_funds,card,0.726,1,27.28,request_card_update,0,0.0
3350.63,card_declined,netbanking,0.595,1,8.88,request_card_update,0,0.0
7371.1,network_error,card,0.726,0,16.84,retry_now,1,7371.1
3277.57,insufficient_funds,wallet,0.792,4,2.8,retry_now,0,0.0
4994.43,insufficient_funds,card,0.801,0,25.08,request_alternative_payment,1,4994.43
11004.97,insufficient_funds,card,0.793,2,22.64,retry_later,0,0.0
3200.22,insufficient_funds,wallet,0.632,1,7.71,request_card_update,1,3200.22
9525.58,expired_card,netbanking,0.854,1,5.77,retry_later,1,9525.58
8596.53,insufficient_funds,card,0.766,2,8.97,request_card_update,1,8596.53
2329.39,insufficient_funds,card,0.458,0,12.6,request_alternative_payment,1,2329.39
10897.72,card_declined,netbanking,0.797,3,21.02,retry_now,0,0.0
8743.33,insufficient_funds,card,0.727,2,15.51,retry_later,0,0.0
5424.79,insufficient_funds,card,0.876,2,1.44,request_alternative_payment,0,0.0
2717.14,card_declined,upi,0.377,4,6.98,retry_later,0,0.0
2514.5,insufficient_funds,netbanking,0.621,3,6.92,request_alternative_payment,1,2514.5
3252.12,insufficient_funds,upi,0.963,0,30.68,request_alternative_payment,1,3252.12
7717.68,card_declined,upi,0.468,3,7.81,retry_later,0,0.0
2327.83,card_declined,wallet,0.677,2,3.86,request_card_update,1,2327.83
7095.41,insufficient_funds,card,0.901,1,4.78,request_card_update,0,0.0
1851.57,expired_card,netbanking,0.709,1,24.81,request_card_update,1,1851.57
4246.87,insufficient_funds,card,0.791,1,11.74,retry_now,1,4246.87
5458.4,expired_card,upi,0.876,1,40.91,retry_now,1,5458.4
35358.61,expired_card,upi,0.813,1,25.74,request_card_update,1,35358.61
1661.28,card_declined,card,0.8,1,35.83,request_card_update,0,0.0
16233.05,insufficient_funds,upi,0.704,2,18.19,retry_now,0,0.0
5636.77,network_error,netbanking,0.923,4,96.0,request_card_update,1,5636.77
6947.46,card_declined,upi,0.909,2,8.57,retry_now,0,0.0
5496.53,insufficient_funds,card,0.597,3,21.99,request_card_update,0,0.0
7136.48,card_declined,card,0.878,4,10.7,request_alternative_payment,0,0.0
4421.55,card_declined,upi,0.882,2,41.4,request_card_update,0,0.0
16001.43,expired_card,upi,0.79,0,45.73,request_card_update,1,16001.43
3470.37,network_error,card,0.787,1,17.39,retry_now,1,3470.37
12369.4,expired_card,card,0.823,3,15.15,request_alternative_payment,0,0.0
2986.03,network_error,upi,0.878,0,4.28,retry_later,1,2986.03
4764.71,card_declined,card,0.781,2,18.07,request_card_update,0,0.0
2120.96,card_declined,card,0.865,3,22.06,request_card_update,1,2120.96
7195.51,expired_card,card,0.747,2,8.42,request_alternative_payment,1,7195.51
15887.6,expired_card,upi,0.542,3,49.65,retry_later,0,0.0
4699.96,network_error,wallet,0.626,2,34.54,request_alternative_payment,1,4699.96
4271.35,network_error,upi,0.487,4,0.28,request_alternative_payment,0,0.0
2049.8,card_declined,card,0.817,4,0.25,retry_now,0,0.0
4162.03,insufficient_funds,netbanking,0.594,1,31.74,request_alternative_payment,0,0.0
1398.22,expired_card,card,0.722,1,2.0,retry_now,0,0.0
2408.82,insufficient_funds,wallet,0.581,3,16.47,retry_now,0,0.0
5994.65,insufficient_funds,card,0.859,2,21.13,request_alternative_payment,0,0.0
14362.9,card_declined,wallet,0.839,1,3.28,request_card_update,0,0.0
47314.02,card_declined,netbanking,0.691,2,11.84,retry_now,1,47314.02
3127.3,card_declined,netbanking,0.876,0,26.48,request_alternative_payment,1,3127.3
15763.2,insufficient_funds,card,0.63,4,2.95,request_card_update,1,15763.2
6076.57,insufficient_funds,netbanking,0.635,1,2.57,request_card_update,0,0.0
4430.18,insufficient_funds,upi,0.622,0,28.07,retry_later,0,0.0
7067.55,insufficient_funds,card,0.742,1,2.62,request_card_update,0,0.0
5253.9,insufficient_funds,upi,0.803,1,4.16,retry_later,0,0.0
5461.67,network_error,upi,0.77,4,13.09,retry_now,0,0.0
3606.62,insufficient_funds,wallet,0.84,1,2.22,retry_now,0,0.0
1633.87,card_declined,netbanking,0.841,0,58.17,request_alternative_payment,1,1633.87
1454.32,insufficient_funds,card,0.907,0,31.97,retry_later,1,1454.32
8432.0,card_declined,upi,0.852,1,11.32,retry_now,0,0.0
4007.14,expired_card,card,0.9,3,16.78,retry_now,0,0.0
3103.61,insufficient_funds,card,0.812,1,1.29,request_alternative_payment,1,3103.61
5034.14,insufficient_funds,netbanking,0.636,4,5.25,request_card_update,1,5034.14
9444.04,network_error,upi,0.82,0,1.17,retry_later,1,9444.04
5776.1,insufficient_funds,netbanking,0.76,1,7.81,retry_now,1,5776.1
2958.24,network_error,upi,0.86,4,12.71,request_alternative_payment,1,2958.24
13336.07,expired_card,card,0.935,1,8.39,retry_later,0,0.0
17686.23,card_declined,upi,0.884,1,21.18,request_alternative_payment,0,0.0
7426.71,expired_card,card,0.843,0,1.03,request_card_update,1,7426.71
10895.71,card_declined,wallet,0.584,2,2.38,request_alternative_payment,1,10895.71
13504.27,card_declined,wallet,0.61,3,4.12,request_card_update,0,0.0
12348.29,insufficient_funds,netbanking,0.634,1,1.4,request_card_update,0,0.0
8172.03,insufficient_funds,netbanking,0.64,3,9.76,request_card_update,1,8172.03
8069.69,insufficient_funds,upi,0.946,0,14.26,retry_later,0,0.0
7577.37,card_declined,upi,0.901,2,11.72,retry_now,0,0.0
2078.34,card_declined,netbanking,0.691,0,0.46,request_alternative_payment,0,0.0
8758.43,insufficient_funds,card,0.881,0,10.28,retry_now,0,0.0
1690.1,card_declined,netbanking,0.835,1,3.49,retry_now,0,0.0
2647.88,insufficient_funds,card,0.678,1,23.36,retry_now,0,0.0
14186.49,insufficient_funds,netbanking,0.795,1,6.58,retry_now,1,14186.49
9792.47,insufficient_funds,upi,0.698,2,10.94,request_card_update,0,0.0
16434.07,network_error,netbanking,0.769,1,0.25,request_alternative_payment,1,16434.07
4023.28,card_declined,upi,0.939,1,0.46,request_card_update,1,4023.28
1989.01,network_error,upi,0.406,2,11.15,request_alternative_payment,1,1989.01
4125.09,insufficient_funds,wallet,0.938,2,64.05,request_alternative_payment,0,0.0
5425.24,card_declined,card,0.713,1,10.63,retry_now,0,0.0
5326.15,expired_card,card,0.811,1,19.63,request_alternative_payment,0,0.0
12383.71,insufficient_funds,card,0.872,1,11.76,retry_later,1,12383.71
3745.0,card_declined,upi,0.736,1,16.54,retry_later,0,0.0
6626.43,insufficient_funds,upi,0.779,1,19.69,request_card_update,1,6626.43
2267.18,insufficient_funds,upi,0.793,2,13.88,request_card_update,0,0.0
7168.47,card_declined,card,0.778,2,17.26,request_alternative_payment,0,0.0
5012.45,insufficient_funds,card,0.812,2,28.64,retry_now,0,0.0
2744.47,card_declined,netbanking,0.79,4,2.94,request_card_update,0,0.0
4140.33,expired_card,upi,0.554,1,5.68,request_card_update,0,0.0
4315.0,insufficient_funds,card,0.797,4,6.59,retry_now,1,4315.0
4028.18,insufficient_funds,card,0.904,1,6.68,retry_later,0,0.0
20625.14,network_error,card,0.8,3,16.68,retry_later,0,0.0
4621.32,card_declined,netbanking,0.45,1,3.1,retry_later,0,0.0
4113.69,expired_card,upi,0.785,1,37.97,request_card_update,0,0.0
933.77,insufficient_funds,upi,0.532,3,1.03,request_alternative_payment,0,0.0
2445.07,card_declined,upi,0.855,4,28.27,retry_now,0,0.0
4051.06,expired_card,netbanking,0.661,0,51.61,retry_later,0,0.0
2888.55,insufficient_funds,card,0.821,0,0.95,request_alternative_payment,1,2888.55
15101.65,network_error,card,0.66,2,21.55,request_card_update,1,15101.65
4381.92,card_declined,card,0.554,1,20.15,retry_now,1,4381.92
14015.91,network_error,wallet,0.619,0,7.12,retry_now,0,0.0
5253.01,insufficient_funds,upi,0.731,0,4.58,retry_later,0,0.0
5151.15,card_declined,upi,0.806,0,5.24,retry_now,1,5151.15
4657.14,insufficient_funds,netbanking,0.968,2,8.14,retry_later,1,4657.14
5015.21,expired_card,card,0.893,0,5.34,request_alternative_payment,0,0.0
19776.1,insufficient_funds,card,0.943,1,8.95,request_alternative_payment,1,19776.1
781.73,insufficient_funds,upi,0.49,0,11.82,request_card_update,0,0.0
1008.24,expired_card,wallet,0.807,2,11.89,retry_later,0,0.0
3237.82,insufficient_funds,card,0.647,4,14.21,retry_later,1,3237.82
5058.45,card_declined,upi,0.932,1,7.41,request_card_update,1,5058.45
8684.34,insufficient_funds,wallet,0.64,3,52.06,request_alternative_payment,0,0.0
7300.24,card_declined,upi,0.63,3,27.55,retry_later,1,7300.24
3676.79,insufficient_funds,upi,0.456,0,7.11,retry_later,0,0.0
11298.53,card_declined,card,0.878,0,7.26,retry_later,1,11298.53
11399.78,card_declined,card,0.621,0,39.4,request_card_update,0,0.0
5793.2,insufficient_funds,card,0.904,3,9.9,retry_later,1,5793.2
10800.19,insufficient_funds,card,0.863,1,15.02,request_alternative_payment,1,10800.19
6218.66,insufficient_funds,netbanking,0.692,1,7.06,request_alternative_payment,0,0.0
3190.74,network_error,upi,0.852,0,4.88,request_card_update,1,3190.74
8738.09,insufficient_funds,netbanking,0.722,0,1.82,retry_later,0,0.0
5462.62,insufficient_funds,card,0.902,3,2.39,request_alternative_payment,0,0.0
5005.36,insufficient_funds,card,0.942,3,1.35,request_alternative_payment,0,0.0
16245.25,card_declined,netbanking,0.674,0,9.19,request_alternative_payment,0,0.0
703.8,network_error,card,0.384,2,14.35,request_card_update,1,703.8
1608.48,card_declined,card,0.526,2,7.52,request_alternative_payment,0,0.0
1934.37,expired_card,card,0.665,1,9.19,retry_later,0,0.0
3739.04,network_error,card,0.817,2,12.67,request_alternative_payment,1,3739.04
4078.59,network_error,card,0.858,3,13.99,retry_later,1,4078.59
1497.17,network_error,card,0.845,2,19.44,retry_now,1,1497.17
2273.48,insufficient_funds,netbanking,0.691,1,7.52,request_card_update,0,0.0
2511.21,expired_card,card,0.692,1,31.08,retry_later,0,0.0
35708.09,network_error,upi,0.775,2,4.9,request_alternative_payment,1,35708.09
21132.91,card_declined,upi,0.836,2,6.37,retry_now,1,21132.91
3596.78,insufficient_funds,upi,0.389,3,18.99,retry_now,0,0.0
3738.08,insufficient_funds,upi,0.78,2,69.9,request_card_update,1,3738.08
1993.86,card_declined,card,0.713,0,69.7,retry_now,1,1993.86
1086.47,card_declined,card,0.953,2,0.93,request_card_update,0,0.0
4553.67,network_error,upi,0.879,0,44.57,request_alternative_payment,1,4553.67
2250.51,card_declined,wallet,0.959,2,14.52,retry_later,0,0.0
4671.86,card_declined,card,0.922,0,31.37,retry_later,0,0.0
1389.96,insufficient_funds,upi,0.921,0,64.83,retry_now,1,1389.96
2717.9,insufficient_funds,wallet,0.49,0,39.96,retry_later,0,0.0
5631.3,insufficient_funds,netbanking,0.793,3,16.9,retry_later,1,5631.3
6702.0,network_error,netbanking,0.572,4,1.5,retry_now,1,6702.0
6982.56,card_declined,upi,0.639,1,35.8,request_card_update,0,0.0
1738.54,expired_card,netbanking,0.732,1,33.01,request_card_update,0,0.0
9906.45,network_error,upi,0.841,1,29.09,retry_now,0,0.0
2636.02,network_error,upi,0.887,1,22.45,request_alternative_payment,1,2636.02
8295.59,card_declined,netbanking,0.78,0,73.56,request_card_update,1,8295.59
4957.63,network_error,card,0.82,0,1.8,retry_now,0,0.0
1662.51,expired_card,wallet,0.742,1,0.25,retry_now,0,0.0
3882.5,network_error,wallet,0.933,0,7.51,retry_later,1,3882.5
6697.46,insufficient_funds,upi,0.893,1,5.94,request_alternative_payment,1,6697.46
8164.62,network_error,card,0.583,3,7.48,request_alternative_payment,0,0.0
4466.69,insufficient_funds,netbanking,0.73,2,18.93,request_card_update,1,4466.69
17028.03,insufficient_funds,card,0.671,1,8.36,request_card_update,1,17028.03
11194.77,network_error,upi,0.605,0,42.27,request_alternative_payment,1,11194.77
4071.92,network_error,card,0.649,1,9.51,retry_now,0,0.0
9111.48,insufficient_funds,netbanking,0.786,0,2.88,retry_now,1,9111.48
23487.6,insufficient_funds,wallet,0.866,0,19.3,request_card_update,0,0.0
23994.52,expired_card,card,0.818,4,67.56,request_card_update,0,0.0
1872.06,insufficient_funds,upi,0.829,3,2.48,retry_now,0,0.0
2382.65,insufficient_funds,netbanking,0.69,1,0.91,request_card_update,0,0.0
16401.5,network_error,card,0.847,1,8.46,retry_later,1,16401.5
2144.3,network_error,card,0.843,0,13.71,retry_now,1,2144.3
1735.69,card_declined,card,0.802,1,11.1,request_alternative_payment,1,1735.69
3388.82,card_declined,netbanking,0.855,0,4.94,request_alternative_payment,0,0.0
6997.96,insufficient_funds,upi,0.968,4,10.85,retry_now,1,6997.96
4606.74,insufficient_funds,card,0.459,2,3.78,request_alternative_payment,0,0.0
2971.26,network_error,card,0.84,0,1.8,retry_now,1,2971.26
2915.58,network_error,upi,0.92,1,28.19,request_alternative_payment,1,2915.58
2828.0,insufficient_funds,card,0.911,0,0.34,request_card_update,1,2828.0
2473.98,insufficient_funds,upi,0.385,0,62.6,retry_later,0,0.0
31023.48,insufficient_funds,card,0.893,0,4.46,retry_now,1,31023.48
6343.6,insufficient_funds,netbanking,0.654,0,30.01,request_card_update,1,6343.6
10163.93,insufficient_funds,upi,0.75,3,76.04,retry_now,0,0.0
3381.01,insufficient_funds,netbanking,0.815,0,15.75,retry_later,1,3381.01
4308.86,network_error,card,0.77,1,8.82,retry_now,1,4308.86
2825.24,insufficient_funds,upi,0.713,1,24.41,retry_later,0,0.0
599.34,network_error,netbanking,0.653,1,2.81,retry_now,1,599.34
1660.35,card_declined,upi,0.91,0,4.53,request_alternative_payment,1,1660.35
1174.62,network_error,card,0.847,2,13.96,retry_now,0,0.0
826.64,expired_card,card,0.583,0,14.83,retry_now,0,0.0
1921.59,card_declined,upi,0.723,2,44.67,request_card_update,1,1921.59
14431.34,insufficient_funds,upi,0.614,0,0.73,retry_now,0,0.0
4825.38,network_error,wallet,0.886,3,4.51,retry_later,1,4825.38
14039.7,insufficient_funds,netbanking,0.865,0,28.77,request_card_update,1,14039.7
6946.4,insufficient_funds,upi,0.627,2,0.25,retry_later,1,6946.4
9351.02,insufficient_funds,wallet,0.47,2,41.27,retry_later,0,0.0
2432.02,expired_card,upi,0.77,3,7.69,request_alternative_payment,0,0.0
7603.42,insufficient_funds,card,0.818,4,1.76,request_alternative_payment,0,0.0
8956.77,card_declined,card,0.81,1,14.22,request_card_update,0,0.0
3152.26,card_declined,netbanking,0.523,2,14.27,request_card_update,0,0.0
7823.02,network_error,card,0.907,1,30.18,request_alternative_payment,1,7823.02
7864.73,insufficient_funds,wallet,0.828,3,0.25,request_card_update,1,7864.73
3221.33,expired_card,card,0.957,1,1.67,retry_now,0,0.0
2036.48,network_error,card,0.761,2,16.74,request_card_update,0,0.0
1938.93,card_declined,netbanking,0.728,0,33.68,request_alternative_payment,1,1938.93
5358.28,card_declined,netbanking,0.725,0,3.73,request_alternative_payment,0,0.0
6495.09,network_error,netbanking,0.856,0,4.66,request_card_update,0,0.0
2652.27,network_error,card,0.617,2,72.29,retry_now,0,0.0
5107.48,card_declined,card,0.846,2,15.67,request_alternative_payment,0,0.0
7892.14,insufficient_funds,upi,0.911,0,18.1,retry_now,0,0.0
8198.82,insufficient_funds,wallet,0.739,1,8.93,request_card_update,1,8198.82
17304.07,insufficient_funds,card,0.758,1,3.33,retry_now,0,0.0
13887.96,insufficient_funds,upi,0.905,2,2.07,retry_now,1,13887.96
2244.32,insufficient_funds,card,0.871,0,4.79,retry_later,0,0.0
19226.83,insufficient_funds,upi,0.4,0,42.65,request_alternative_payment,1,19226.83
3269.56,expired_card,card,0.597,2,54.24,retry_later,0,0.0
11534.43,network_error,wallet,0.576,0,0.97,request_alternative_payment,0,0.0
5279.48,network_error,card,0.908,2,23.34,request_card_update,0,0.0
3595.63,card_declined,upi,0.97,0,7.88,retry_now,1,3595.63
1177.37,card_declined,netbanking,0.658,0,4.05,request_card_update,1,1177.37
4358.75,insufficient_funds,card,0.866,0,14.95,request_alternative_payment,1,4358.75
1436.1,network_error,card,0.602,0,7.44,request_alternative_payment,1,1436.1
10840.37,insufficient_funds,upi,0.805,4,30.56,request_alternative_payment,0,0.0
16825.1,card_declined,upi,0.872,1,20.29,request_alternative_payment,1,16825.1
2642.99,expired_card,upi,0.744,1,8.78,retry_later,0,0.0
6366.27,expired_card,upi,0.907,2,58.8,request_alternative_payment,1,6366.27
2798.62,insufficient_funds,card,0.761,0,19.47,retry_now,0,0.0
3024.21,network_error,wallet,0.809,1,38.32,retry_now,1,3024.21
9290.88,insufficient_funds,card,0.823,2,21.36,request_alternative_payment,0,0.0
4848.2,insufficient_funds,upi,0.859,3,10.74,request_card_update,0,0.0
20108.78,insufficient_funds,wallet,0.692,0,7.02,retry_now,0,0.0
3399.58,insufficient_funds,wallet,0.702,2,3.12,retry_now,0,0.0
11121.8,network_error,card,0.701,0,4.59,retry_later,1,11121.8
5405.24,card_declined,card,0.852,1,10.12,request_alternative_payment,0,0.0
9450.43,insufficient_funds,upi,0.769,1,21.04,request_card_update,0,0.0
3496.32,expired_card,card,0.931,2,23.13,retry_now,0,0.0
4805.64,card_declined,upi,0.956,2,29.13,request_card_update,1,4805.64
4558.71,card_declined,upi,0.852,2,43.77,request_card_update,1,4558.71
2561.5,card_declined,card,0.69,0,18.47,request_alternative_payment,1,2561.5
8491.82,card_declined,card,0.655,0,19.87,request_alternative_payment,0,0.0
8411.81,card_declined,upi,0.897,0,7.56,request_card_update,1,8411.81
8038.81,card_declined,netbanking,0.761,0,7.15,retry_now,1,8038.81
17098.84,expired_card,card,0.888,1,16.97,request_card_update,0,0.0
15941.31,insufficient_funds,card,0.665,1,2.83,request_card_update,0,0.0
3704.26,card_declined,card,0.702,0,32.08,request_card_update,1,3704.26
6738.79,insufficient_funds,upi,0.514,2,31.32,request_card_update,0,0.0
3036.05,expired_card,netbanking,0.646,2,3.17,retry_now,0,0.0
5094.3,insufficient_funds,netbanking,0.863,2,34.02,retry_later,0,0.0
3094.54,insufficient_funds,wallet,0.714,2,14.4,request_alternative_payment,0,0.0
18274.27,expired_card,upi,0.33,0,25.13,request_alternative_payment,0,0.0
6688.55,card_declined,netbanking,0.696,3,2.77,request_card_update,1,6688.55
4199.71,insufficient_funds,card,0.812,2,10.78,retry_now,0,0.0
12991.99,insufficient_funds,upi,0.766,2,9.22,request_card_update,1,12991.99
880.69,card_declined,upi,0.551,3,13.54,retry_later,0,0.0
998.16,expired_card,netbanking,0.571,2,14.1,retry_later,0,0.0
9450.89,card_declined,netbanking,0.946,1,6.32,request_alternative_payment,0,0.0
5247.82,insufficient_funds,card,0.339,1,41.73,request_card_update,1,5247.82
6109.19,card_declined,netbanking,0.647,1,29.63,retry_now,1,6109.19
1730.35,card_declined,netbanking,0.47,3,18.63,request_alternative_payment,0,0.0
4907.92,insufficient_funds,wallet,0.854,0,64.21,retry_later,0,0.0
24834.79,expired_card,upi,0.516,1,6.94,request_alternative_payment,0,0.0
9667.77,insufficient_funds,wallet,0.748,0,5.86,retry_later,0,0.0
5727.06,expired_card,netbanking,0.433,1,50.59,retry_now,0,0.0
3519.06,network_error,upi,0.623,1,96.0,request_alternative_payment,0,0.0
3646.54,insufficient_funds,card,0.702,2,24.25,request_alternative_payment,0,0.0
910.36,network_error,netbanking,0.401,0,17.9,retry_later,1,910.36
6144.46,network_error,netbanking,0.697,1,10.31,retry_now,1,6144.46
9833.79,card_declined,upi,0.907,0,46.09,request_card_update,1,9833.79
1417.57,card_declined,wallet,0.682,2,4.67,retry_later,1,1417.57
2945.58,insufficient_funds,card,0.723,0,27.83,request_card_update,0,0.0
1980.73,insufficient_funds,upi,0.669,0,5.84,retry_later,0,0.0
2309.79,network_error,card,0.961,0,24.85,request_alternative_payment,1,2309.79
5218.57,insufficient_funds,upi,0.832,1,8.59,request_card_update,0,0.0
943.57,insufficient_funds,card,0.665,0,49.93,request_alternative_payment,1,943.57
8173.15,card_declined,card,0.871,2,2.86,request_alternative_payment,0,0.0
9138.73,insufficient_funds,card,0.901,3,4.58,retry_later,1,9138.73
4090.04,network_error,card,0.669,0,7.26,retry_now,0,0.0
687.2,network_error,card,0.797,1,18.1,retry_later,1,687.2
2253.09,network_error,upi,0.842,3,2.83,retry_later,0,0.0
13406.77,insufficient_funds,card,0.715,3,11.28,request_alternative_payment,1,13406.77
541.75,card_declined,card,0.825,2,3.84,retry_later,1,541.75
3786.41,network_error,card,0.623,0,5.85,retry_later,0,0.0
1945.34,card_declined,card,0.79,1,2.46,retry_now,1,1945.34
9517.14,network_error,card,0.857,4,27.96,request_card_update,1,9517.14
2913.48,card_declined,wallet,0.684,0,32.12,retry_now,0,0.0
6907.45,insufficient_funds,upi,0.518,0,12.56,request_alternative_payment,0,0.0
7860.15,insufficient_funds,card,0.857,1,5.92,request_alternative_payment,1,7860.15
21724.02,network_error,upi,0.508,0,10.44,retry_later,0,0.0
4250.7,insufficient_funds,card,0.692,1,22.95,retry_now,1,4250.7
6754.94,expired_card,upi,0.893,1,5.62,retry_later,1,6754.94
1524.08,card_declined,wallet,0.584,1,22.88,retry_later,0,0.0
12958.72,insufficient_funds,card,0.468,0,12.95,request_card_update,1,12958.72
2721.09,network_error,card,0.861,1,30.39,request_card_update,1,2721.09
3192.6,card_declined,upi,0.657,2,7.01,retry_later,1,3192.6
4911.8,insufficient_funds,card,0.746,2,27.55,request_alternative_payment,0,0.0
1432.08,expired_card,card,0.949,0,96.0,retry_now,0,0.0
6004.17,network_error,upi,0.542,0,11.84,retry_later,1,6004.17
10841.82,card_declined,upi,0.672,3,12.57,retry_now,1,10841.82
6320.42,network_error,card,0.854,0,38.01,retry_later,1,6320.42
1402.59,card_declined,netbanking,0.516,1,8.68,request_card_update,0,0.0
4528.5,card_declined,card,0.658,0,0.74,retry_now,1,4528.5
9052.68,insufficient_funds,card,0.89,0,9.6,retry_later,1,9052.68
1112.99,insufficient_funds,upi,0.673,2,12.09,retry_later,0,0.0
2116.21,card_declined,upi,0.849,0,23.03,request_alternative_payment,1,2116.21
10081.2,card_declined,upi,0.798,1,18.87,request_alternative_payment,1,10081.2
6205.99,network_error,upi,0.887,1,10.94,request_card_update,0,0.0
6951.9,card_declined,upi,0.868,0,8.59,request_alternative_payment,1,6951.9
22132.2,card_declined,netbanking,0.598,2,2.44,retry_later,0,0.0
7273.81,network_error,upi,0.768,0,3.57,request_card_update,1,7273.81
8463.38,expired_card,card,0.798,1,14.46,request_alternative_payment,0,0.0
43730.0,insufficient_funds,netbanking,0.455,3,29.74,retry_later,0,0.0
4213.92,expired_card,card,0.717,0,8.22,request_alternative_payment,0,0.0
2640.93,network_error,netbanking,0.535,0,21.4,retry_later,1,2640.93
7040.47,insufficient_funds,card,0.865,2,7.29,retry_now,0,0.0
7103.81,insufficient_funds,upi,0.899,0,0.3,retry_now,1,7103.81
3280.73,insufficient_funds,upi,0.791,0,28.77,retry_later,0,0.0
2189.17,network_error,upi,0.794,1,47.83,request_alternative_payment,1,2189.17
31731.61,card_declined,card,0.5,1,19.92,retry_now,0,0.0
6494.22,card_declined,card,0.643,2,11.13,retry_later,0,0.0
2783.22,network_error,netbanking,0.942,1,20.93,retry_now,1,2783.22
10403.91,insufficient_funds,wallet,0.74,1,28.67,request_card_update,1,10403.91
4581.94,card_declined,upi,0.539,3,14.76,request_card_update,0,0.0
4084.23,expired_card,card,0.86,4,24.43,request_card_update,0,0.0
7840.14,expired_card,card,0.528,1,21.75,retry_later,0,0.0
1778.79,network_error,upi,0.838,1,1.24,request_card_update,0,0.0
6629.57,insufficient_funds,card,0.893,2,9.37,retry_now,0,0.0
23099.29,insufficient_funds,netbanking,0.91,3,31.34,retry_later,1,23099.29
7260.0,insufficient_funds,upi,0.664,0,9.8,request_card_update,1,7260.0
3700.5,card_declined,card,0.79,1,6.81,request_alternative_payment,1,3700.5
3332.6,insufficient_funds,card,0.891,0,2.99,request_card_update,0,0.0
3600.84,expired_card,card,0.839,4,5.78,request_alternative_payment,0,0.0
4080.7,network_error,upi,0.916,2,25.48,request_alternative_payment,1,4080.7
3695.78,card_declined,upi,0.954,0,7.35,retry_later,0,0.0
10407.09,insufficient_funds,card,0.702,3,19.46,retry_later,0,0.0
1249.66,card_declined,upi,0.593,2,5.65,retry_now,1,1249.66
9964.59,card_declined,card,0.753,3,15.41,request_card_update,0,0.0
3690.23,network_error,upi,0.823,3,8.17,retry_later,0,0.0
6759.82,insufficient_funds,netbanking,0.738,0,26.28,retry_now,0,0.0
2029.62,network_error,card,0.712,0,20.58,request_alternative_payment,1,2029.62
14473.84,insufficient_funds,card,0.852,0,35.95,request_alternative_payment,0,0.0
13544.03,insufficient_funds,netbanking,0.908,2,13.72,request_card_update,1,13544.03
10773.73,expired_card,card,0.863,2,22.94,retry_now,1,10773.73
1488.3,insufficient_funds,card,0.885,1,49.94,request_card_update,0,0.0
9705.91,insufficient_funds,netbanking,0.83,1,31.99,request_card_update,0,0.0
6912.44,card_declined,upi,0.509,1,0.47,retry_now,0,0.0
1384.34,card_declined,wallet,0.652,0,78.44,request_card_update,0,0.0
4903.75,insufficient_funds,upi,0.373,2,3.23,request_alternative_payment,1,4903.75
6693.02,insufficient_funds,upi,0.726,1,31.52,request_card_update,1,6693.02
7801.36,insufficient_funds,card,0.802,2,16.4,retry_now,1,7801.36
5761.78,card_declined,card,0.496,0,31.88,request_card_update,0,0.0
6311.81,insufficient_funds,upi,0.518,0,9.94,request_alternative_payment,1,6311.81
16253.8,network_error,card,0.883,1,13.55,request_card_update,0,0.0
13333.3,expired_card,upi,0.795,0,3.95,retry_later,1,13333.3
504.49,insufficient_funds,card,0.649,1,10.11,retry_later,0,0.0
3878.65,insufficient_funds,card,0.951,2,0.26,request_alternative_payment,1,3878.65
4382.93,insufficient_funds,upi,0.732,0,11.02,request_alternative_payment,1,4382.93
1230.92,insufficient_funds,upi,0.641,0,0.77,request_card_update,1,1230.92
5391.29,insufficient_funds,card,0.69,1,57.71,request_card_update,1,5391.29
13577.91,network_error,netbanking,0.362,4,0.25,retry_later,0,0.0
2096.32,insufficient_funds,card,0.508,0,1.06,retry_now,0,0.0
6544.07,card_declined,card,0.988,1,48.71,request_card_update,0,0.0
2403.15,network_error,wallet,0.826,0,13.23,retry_now,1,2403.15
2920.95,network_error,wallet,0.963,1,23.24,request_card_update,1,2920.95
16303.06,insufficient_funds,card,0.944,1,60.14,request_alternative_payment,1,16303.06
3239.41,insufficient_funds,card,0.965,1,5.96,request_card_update,1,3239.41
7237.01,expired_card,netbanking,0.984,1,52.07,request_alternative_payment,0,0.0
1119.03,insufficient_funds,upi,0.818,1,6.06,retry_later,1,1119.03
22182.24,network_error,card,0.69,3,43.18,retry_later,0,0.0
8097.54,network_error,card,0.638,0,20.52,request_card_update,0,0.0
4320.79,card_declined,card,0.894,1,85.42,retry_now,0,0.0
7923.83,insufficient_funds,netbanking,0.881,1,32.14,retry_now,0,0.0
1618.63,insufficient_funds,upi,0.554,2,1.45,request_card_update,0,0.0
12877.25,card_declined,card,0.684,1,28.35,request_alternative_payment,0,0.0
3858.39,card_declined,card,0.789,0,19.23,retry_later,0,0.0
4246.87,network_error,card,0.87,0,9.19,request_alternative_payment,1,4246.87
3374.05,network_error,upi,0.777,0,7.45,request_card_update,1,3374.05
3142.18,expired_card,netbanking,0.853,1,0.25,request_alternative_payment,0,0.0
8716.12,expired_card,upi,0.976,1,13.22,request_alternative_payment,1,8716.12
6135.94,network_error,netbanking,0.825,0,26.06,request_card_update,1,6135.94
8421.91,insufficient_funds,card,0.649,0,5.88,request_card_update,1,8421.91
4964.94,card_declined,upi,0.678,3,32.62,retry_later,0,0.0
7538.31,card_declined,card,0.903,1,15.6,retry_now,0,0.0
3576.41,card_declined,card,0.844,2,21.61,retry_now,1,3576.41
29761.73,insufficient_funds,upi,0.929,0,23.75,request_alternative_payment,0,0.0
1426.31,card_declined,netbanking,0.874,1,49.82,request_card_update,0,0.0
13710.85,insufficient_funds,card,0.928,0,0.6,request_card_update,0,0.0
14935.84,insufficient_funds,upi,0.662,0,7.89,retry_later,1,14935.84
2528.71,network_error,netbanking,0.781,1,80.4,retry_now,0,0.0
29750.82,card_declined,netbanking,0.879,0,6.13,request_card_update,0,0.0
11087.63,card_declined,upi,0.906,3,33.53,request_alternative_payment,1,11087.63
10873.72,card_declined,card,0.951,1,8.78,retry_later,1,10873.72
5113.35,card_declined,netbanking,0.848,0,0.38,retry_later,0,0.0
4202.41,insufficient_funds,card,0.505,1,35.79,retry_now,0,0.0
4228.77,card_declined,card,0.736,3,1.47,retry_now,0,0.0
6833.67,insufficient_funds,card,0.914,4,15.65,retry_later,0,0.0
15338.82,network_error,upi,0.643,0,19.55,request_card_update,1,15338.82
5780.49,insufficient_funds,upi,0.708,4,10.94,request_alternative_payment,0,0.0
2411.58,expired_card,netbanking,0.608,0,3.11,retry_later,0,0.0
9669.53,network_error,upi,0.921,2,22.01,request_alternative_payment,0,0.0
10447.46,card_declined,wallet,0.857,2,38.52,retry_later,0,0.0
8441.55,insufficient_funds,upi,0.842,3,6.7,retry_now,1,8441.55
9077.85,card_declined,upi,0.589,1,28.66,request_card_update,1,9077.85
4025.69,network_error,card,0.933,2,11.31,retry_later,1,4025.69
2377.97,network_error,card,0.964,2,39.83,retry_now,1,2377.97
2496.48,network_error,upi,0.842,0,62.76,retry_now,0,0.0
1351.3,expired_card,upi,0.872,2,9.5,request_alternative_payment,0,0.0
6043.58,card_declined,card,0.716,3,5.65,retry_now,0,0.0
4677.1,network_error,upi,0.783,1,18.09,retry_now,0,0.0
3516.44,card_declined,card,0.656,2,15.69,retry_now,0,0.0
469.98,card_declined,card,0.755,1,11.51,request_card_update,1,469.98
1843.35,card_declined,card,0.803,2,15.98,retry_later,0,0.0
12257.16,network_error,card,0.601,1,5.56,request_card_update,0,0.0
2938.02,insufficient_funds,card,0.774,2,50.28,retry_later,1,2938.02
6671.94,insufficient_funds,netbanking,0.809,0,1.26,request_alternative_payment,0,0.0
1643.6,insufficient_funds,netbanking,0.873,0,5.1,retry_later,1,1643.6
15806.2,expired_card,card,0.814,1,31.69,request_alternative_payment,1,15806.2
4455.84,card_declined,card,0.642,2,30.88,retry_later,1,4455.84
6305.8,card_declined,upi,0.777,0,16.18,request_card_update,1,6305.8
32138.73,card_declined,card,0.669,0,31.53,request_card_update,0,0.0
16820.36,card_declined,netbanking,0.559,0,59.72,request_alternative_payment,1,16820.36
3912.53,expired_card,upi,0.873,3,4.61,retry_now,0,0.0
3110.74,expired_card,netbanking,0.597,3,21.78,retry_later,0,0.0
3853.58,network_error,card,0.745,0,7.47,retry_now,1,3853.58
7518.42,network_error,wallet,0.793,2,14.91,retry_now,0,0.0
4596.33,insufficient_funds,netbanking,0.607,2,3.4,retry_now,0,0.0
3644.59,insufficient_funds,upi,0.801,0,10.61,request_card_update,0,0.0
16170.41,card_declined,wallet,0.768,1,26.48,request_alternative_payment,0,0.0
4563.41,network_error,upi,0.657,0,70.04,request_alternative_payment,1,4563.41
31472.34,insufficient_funds,card,0.818,0,5.0,retry_later,0,0.0
5376.47,network_error,upi,0.901,0,8.04,retry_later,1,5376.47
20857.06,insufficient_funds,netbanking,0.765,0,15.4,request_alternative_payment,1,20857.06
6654.5,insufficient_funds,netbanking,0.875,4,0.25,retry_later,0,0.0
10802.81,insufficient_funds,upi,0.708,1,19.56,retry_now,0,0.0
2800.36,network_error,upi,0.936,0,9.85,request_alternative_payment,1,2800.36
2525.48,network_error,card,0.727,0,6.45,request_alternative_payment,1,2525.48
7222.51,card_declined,card,0.948,0,8.72,request_alternative_payment,1,7222.51
11026.27,network_error,upi,0.97,0,43.79,retry_now,1,11026.27
5163.65,network_error,card,0.702,0,4.91,request_card_update,1,5163.65
1786.62,card_declined,card,0.95,0,1.95,request_card_update,1,1786.62
1684.1,network_error,netbanking,0.562,1,15.91,retry_now,1,1684.1
1596.36,insufficient_funds,upi,0.738,2,4.74,request_alternative_payment,0,0.0
1215.72,card_declined,upi,0.623,2,17.02,request_alternative_payment,0,0.0
5457.69,insufficient_funds,card,0.64,0,30.6,request_alternative_payment,0,0.0
12298.45,card_declined,card,0.745,0,10.23,retry_later,0,0.0
4946.62,card_declined,upi,0.948,0,13.1,retry_later,1,4946.62
819.64,insufficient_funds,netbanking,0.934,0,17.78,retry_later,0,0.0
4292.33,card_declined,card,0.445,0,3.24,request_card_update,0,0.0
4389.43,network_error,netbanking,0.753,0,15.56,request_card_update,1,4389.43
26742.04,card_declined,netbanking,0.481,3,54.77,retry_later,0,0.0
1558.51,insufficient_funds,netbanking,0.794,1,10.68,retry_later,0,0.0
3657.92,insufficient_funds,upi,0.606,3,31.55,request_alternative_payment,0,0.0
19572.39,card_declined,card,0.737,1,10.64,retry_later,0,0.0
7166.52,network_error,netbanking,0.79,2,1.38,request_alternative_payment,1,7166.52
7846.66,expired_card,upi,0.761,0,1.83,retry_later,0,0.0
5480.0,insufficient_funds,card,0.874,0,19.2,request_alternative_payment,0,0.0
6510.35,network_error,card,0.772,1,30.12,request_alternative_payment,0,0.0
9314.06,card_declined,upi,0.772,3,7.56,retry_later,1,9314.06
2616.53,expired_card,upi,0.861,2,6.65,retry_later,0,0.0
10093.43,insufficient_funds,netbanking,0.876,0,5.27,request_card_update,1,10093.43
1667.02,card_declined,card,0.793,4,2.4,retry_later,0,0.0
6502.15,card_declined,card,0.523,1,25.1,retry_now,0,0.0
5768.61,insufficient_funds,wallet,0.615,1,9.71,request_alternative_payment,1,5768.61
3053.85,insufficient_funds,card,0.752,0,5.9,request_alternative_payment,1,3053.85
4910.08,insufficient_funds,card,0.858,1,5.25,request_alternative_payment,1,4910.08
3038.63,card_declined,netbanking,0.552,1,14.71,request_card_update,0,0.0
2121.4,network_error,wallet,0.886,2,23.88,request_card_update,0,0.0
3768.01,network_error,upi,0.854,3,13.89,retry_later,0,0.0
2067.31,insufficient_funds,card,0.794,2,16.26,retry_later,0,0.0
6473.23,expired_card,upi,0.707,0,6.72,retry_now,0,0.0
1992.46,card_declined,netbanking,0.842,0,3.68,request_card_update,0,0.0
8837.64,expired_card,netbanking,0.463,1,0.53,request_alternative_payment,0,0.0
1943.04,insufficient_funds,card,0.861,0,7.14,request_alternative_payment,1,1943.04
3178.48,network_error,netbanking,0.522,1,21.7,request_card_update,1,3178.48
3033.62,expired_card,upi,0.522,0,27.0,retry_now,0,0.0
14433.55,network_error,card,0.788,0,5.62,request_card_update,0,0.0
6512.15,network_error,card,0.376,0,10.99,request_alternative_payment,0,0.0
4220.91,card_declined,card,0.557,2,46.76,retry_later,0,0.0
7451.49,network_error,wallet,0.82,1,1.06,retry_later,0,0.0
926.52,card_declined,card,0.522,0,16.56,request_card_update,0,0.0
4830.41,card_declined,upi,0.803,1,69.26,request_card_update,0,0.0
24715.96,expired_card,card,0.456,0,0.94,retry_now,0,0.0
5558.43,insufficient_funds,netbanking,0.776,2,7.89,retry_later,0,0.0
5279.17,card_declined,upi,0.66,0,3.94,request_alternative_payment,1,5279.17
7751.92,expired_card,wallet,0.702,0,4.4,retry_now,0,0.0
10236.11,insufficient_funds,upi,0.617,1,9.18,retry_later,0,0.0
1011.53,insufficient_funds,netbanking,0.766,0,8.93,request_alternative_payment,1,1011.53
1301.58,insufficient_funds,upi,0.654,1,13.74,retry_later,1,1301.58
5916.06,network_error,upi,0.665,3,2.34,retry_later,0,0.0
2822.26,expired_card,wallet,0.587,2,9.07,retry_now,0,0.0
14282.83,insufficient_funds,upi,0.603,0,4.93,request_alternative_payment,1,14282.83
3885.68,card_declined,netbanking,0.619,0,20.2,retry_now,0,0.0
1063.76,card_declined,card,0.834,1,46.73,retry_later,1,1063.76
1813.08,network_error,upi,0.705,0,3.35,request_card_update,1,1813.08
554.16,network_error,wallet,0.821,0,78.37,retry_later,0,0.0
4145.97,expired_card,netbanking,0.983,0,21.73,request_card_update,1,4145.97
4300.5,insufficient_funds,upi,0.755,0,5.07,request_alternative_payment,1,4300.5
3560.38,insufficient_funds,upi,0.799,0,7.52,retry_now,1,3560.38
11852.53,card_declined,netbanking,0.699,1,38.23,request_alternative_payment,1,11852.53
13043.03,card_declined,card,0.787,2,11.49,retry_later,0,0.0
4362.86,card_declined,wallet,0.444,2,61.26,request_card_update,1,4362.86
906.36,insufficient_funds,card,0.952,0,3.42,request_card_update,0,0.0
8192.86,insufficient_funds,card,0.786,1,7.62,request_alternative_payment,0,0.0
7796.9,expired_card,netbanking,0.852,0,4.44,request_card_update,1,7796.9
6404.18,insufficient_funds,card,0.928,0,21.72,request_alternative_payment,1,6404.18
10964.05,card_declined,card,0.772,1,39.08,retry_now,0,0.0
1969.1,network_error,card,0.719,0,0.85,request_card_update,1,1969.1
24939.23,insufficient_funds,wallet,0.375,1,10.71,request_alternative_payment,0,0.0
2320.76,insufficient_funds,upi,0.824,0,31.35,retry_now,0,0.0
9104.93,card_declined,wallet,0.548,0,16.34,retry_now,0,0.0
1296.36,card_declined,card,0.646,1,69.9,request_card_update,1,1296.36
2375.54,insufficient_funds,card,0.777,1,6.95,retry_later,1,2375.54
16819.4,card_declined,card,0.761,2,13.64,retry_later,0,0.0
4058.11,insufficient_funds,card,0.77,0,20.31,request_alternative_payment,0,0.0
9790.14,insufficient_funds,card,0.895,4,15.81,request_card_update,0,0.0
6043.61,insufficient_funds,card,0.872,1,2.14,request_alternative_payment,0,0.0
4597.31,insufficient_funds,upi,0.92,4,0.61,request_alternative_payment,0,0.0
14887.44,card_declined,upi,0.37,0,29.03,retry_now,0,0.0
4137.58,expired_card,card,0.525,4,17.02,request_card_update,1,4137.58
1203.03,insufficient_funds,upi,0.885,4,24.17,retry_now,0,0.0
2629.64,card_declined,card,0.761,0,18.27,retry_later,0,0.0
7770.94,card_declined,upi,0.884,0,5.36,request_alternative_payment,0,0.0
6860.95,network_error,netbanking,0.773,1,14.39,request_card_update,1,6860.95
1427.31,card_declined,netbanking,0.536,0,76.71,request_alternative_payment,0,0.0
2800.96,insufficient_funds,netbanking,0.765,0,9.2,request_card_update,1,2800.96
3139.49,card_declined,card,0.384,4,35.72,retry_now,0,0.0
3732.44,insufficient_funds,upi,0.785,2,3.53,retry_later,1,3732.44
1663.14,network_error,netbanking,0.939,2,25.81,request_alternative_payment,1,1663.14
3024.49,insufficient_funds,wallet,0.807,3,0.25,request_alternative_payment,0,0.0
2791.42,network_error,upi,0.81,2,36.54,retry_now,1,2791.42
9268.9,card_declined,upi,0.476,2,2.91,retry_now,1,9268.9
9551.85,network_error,netbanking,0.525,2,27.62,retry_later,0,0.0
4449.49,insufficient_funds,wallet,0.238,1,5.77,request_alternative_payment,0,0.0
3653.94,network_error,card,0.914,0,38.16,request_alternative_payment,1,3653.94
5592.23,network_error,card,0.986,1,16.5,request_card_update,1,5592.23
2601.73,card_declined,netbanking,0.581,2,16.15,request_alternative_payment,1,2601.73
1997.65,insufficient_funds,upi,0.816,0,3.31,request_alternative_payment,1,1997.65
2356.7,insufficient_funds,card,0.752,0,2.59,retry_later,1,2356.7
3008.94,insufficient_funds,card,0.661,4,10.83,request_alternative_payment,1,3008.94
1971.23,network_error,upi,0.584,0,24.13,request_alternative_payment,1,1971.23
5692.14,card_declined,upi,0.491,1,20.82,request_card_update,0,0.0
8963.95,network_error,netbanking,0.422,2,15.81,retry_now,0,0.0
1404.61,network_error,card,0.829,0,10.71,request_alternative_payment,0,0.0
5101.53,network_error,card,0.683,1,56.26,retry_later,0,0.0
4193.31,network_error,upi,0.807,2,7.83,retry_later,1,4193.31
6570.86,card_declined,card,0.88,0,4.38,retry_now,0,0.0
4948.51,card_declined,upi,0.583,1,15.36,request_alternative_payment,0,0.0
1562.92,insufficient_funds,upi,0.656,1,51.29,retry_later,1,1562.92
1821.26,network_error,card,0.914,1,0.47,request_card_update,1,1821.26
5119.09,expired_card,netbanking,0.945,0,0.48,retry_later,0,0.0
11386.89,card_declined,card,0.769,3,27.57,request_alternative_payment,0,0.0
850.52,expired_card,netbanking,0.914,3,16.96,retry_later,0,0.0
6593.07,expired_card,upi,0.795,3,2.97,retry_later,1,6593.07
12950.51,card_declined,upi,0.567,1,20.54,request_alternative_payment,0,0.0
4423.88,network_error,netbanking,0.74,2,28.49,request_card_update,0,0.0
7764.79,card_declined,card,0.558,2,3.84,request_alternative_payment,0,0.0
2849.04,insufficient_funds,netbanking,0.688,4,96.0,request_card_update,0,0.0
4544.62,insufficient_funds,card,0.828,2,4.38,retry_later,1,4544.62
1367.12,card_declined,wallet,0.557,0,17.72,retry_now,1,1367.12
766.41,network_error,card,0.808,0,17.6,retry_now,1,766.41
10629.68,insufficient_funds,upi,0.78,1,13.94,retry_later,1,10629.68
2273.78,network_error,card,0.787,2,6.78,request_card_update,1,2273.78
3472.99,network_error,card,0.946,2,2.55,retry_now,1,3472.99
1649.19,network_error,card,0.753,0,2.56,request_alternative_payment,1,1649.19
1618.44,insufficient_funds,card,0.902,1,3.0,request_card_update,0,0.0
4350.83,card_declined,card,0.58,1,8.41,request_alternative_payment,0,0.0
2789.26,insufficient_funds,card,0.569,2,1.39,request_alternative_payment,1,2789.26
6765.35,insufficient_funds,upi,0.792,1,11.12,request_alternative_payment,0,0.0
7181.22,insufficient_funds,upi,0.846,2,6.46,retry_later,1,7181.22
6463.16,insufficient_funds,card,0.59,2,0.3,request_alternative_payment,0,0.0
6051.57,insufficient_funds,wallet,0.752,1,10.7,retry_later,0,0.0
17666.19,card_declined,upi,0.596,0,5.94,request_card_update,0,0.0
2128.38,card_declined,card,0.834,1,11.56,request_alternative_payment,0,0.0
4785.02,insufficient_funds,card,0.737,0,9.25,retry_later,1,4785.02
12373.9,expired_card,upi,0.754,1,34.14,request_card_update,1,12373.9
13750.43,card_declined,upi,0.603,0,8.97,retry_later,0,0.0
1603.24,expired_card,netbanking,0.445,0,52.39,retry_later,1,1603.24
3894.45,card_declined,upi,0.689,1,37.18,retry_now,0,0.0
14819.37,insufficient_funds,wallet,0.884,1,9.38,request_card_update,0,0.0
7507.49,expired_card,upi,0.613,4,17.65,request_alternative_payment,0,0.0
5845.36,expired_card,wallet,0.965,1,8.05,request_alternative_payment,0,0.0
4200.86,card_declined,upi,0.661,1,24.84,request_card_update,0,0.0
3678.1,card_declined,upi,0.691,2,28.85,request_alternative_payment,0,0.0
6296.62,card_declined,upi,0.559,0,36.24,request_card_update,0,0.0
4085.89,card_declined,netbanking,0.799,0,18.47,retry_now,1,4085.89
4832.55,network_error,card,0.962,0,0.25,retry_later,1,4832.55
5324.49,card_declined,card,0.579,1,3.1,retry_now,0,0.0
2906.59,insufficient_funds,card,0.88,1,32.05,retry_later,0,0.0
7653.33,insufficient_funds,card,0.738,2,13.81,request_alternative_payment,1,7653.33
50000.0,insufficient_funds,wallet,0.532,1,71.13,request_alternative_payment,1,50000.0
1206.65,insufficient_funds,upi,0.74,0,14.38,retry_now,0,0.0
6479.53,card_declined,card,0.917,2,8.19,request_alternative_payment,0,0.0
2721.78,expired_card,card,0.712,0,15.04,request_alternative_payment,0,0.0
7935.61,insufficient_funds,card,0.782,2,2.82,retry_later,0,0.0
5189.74,insufficient_funds,netbanking,0.905,1,10.85,request_alternative_payment,0,0.0
9197.41,insufficient_funds,wallet,0.514,1,38.89,request_card_update,0,0.0
12805.1,card_declined,card,0.717,2,5.49,request_alternative_payment,0,0.0
5832.09,card_declined,card,0.711,0,1.27,retry_now,1,5832.09
12367.59,card_declined,wallet,0.798,1,5.4,request_alternative_payment,0,0.0
766.44,expired_card,upi,0.802,3,96.0,retry_later,0,0.0
17846.36,expired_card,netbanking,0.849,0,2.86,retry_now,0,0.0
6749.63,network_error,card,0.703,3,20.75,request_card_update,0,0.0
11842.71,network_error,card,0.67,1,43.03,request_card_update,1,11842.71
1884.26,card_declined,upi,0.52,3,9.96,request_card_update,0,0.0
2572.36,card_declined,card,0.79,0,23.04,request_card_update,0,0.0
5619.2,card_declined,netbanking,0.826,2,33.7,request_card_update,0,0.0
4932.31,network_error,netbanking,0.731,1,13.07,retry_now,1,4932.31
6270.73,insufficient_funds,card,0.712,0,7.76,request_card_update,1,6270.73
11906.09,insufficient_funds,upi,0.831,1,1.18,request_alternative_payment,1,11906.09
1218.06,insufficient_funds,netbanking,0.974,3,16.87,retry_later,0,0.0
10897.06,card_declined,wallet,0.798,1,10.14,retry_now,0,0.0
5033.24,network_error,card,0.653,0,1.65,retry_now,0,0.0
4247.85,insufficient_funds,netbanking,0.515,0,16.74,retry_now,0,0.0
1541.18,card_declined,card,0.958,0,61.87,retry_later,1,1541.18
7477.34,card_declined,wallet,0.64,0,0.76,retry_now,0,0.0
724.81,network_error,upi,0.79,1,34.14,retry_later,0,0.0
8399.34,insufficient_funds,card,0.664,1,47.63,request_card_update,0,0.0
1515.51,insufficient_funds,upi,0.682,3,27.99,retry_later,0,0.0
5218.47,card_declined,upi,0.659,2,4.89,request_alternative_payment,0,0.0
4545.34,card_declined,upi,0.704,1,18.72,request_alternative_payment,0,0.0
12744.1,network_error,card,0.838,0,9.16,request_alternative_payment,1,12744.1
4334.1,card_declined,upi,0.536,1,12.45,retry_later,0,0.0
2869.47,expired_card,netbanking,0.818,1,25.47,retry_now,0,0.0
3333.94,insufficient_funds,card,0.963,0,21.86,retry_now,1,3333.94
13842.51,card_declined,card,0.747,3,1.79,retry_now,0,0.0
7678.89,expired_card,netbanking,0.623,2,14.77,retry_now,0,0.0
3672.73,insufficient_funds,upi,0.85,4,17.63,retry_now,0,0.0
4138.28,network_error,upi,0.739,2,0.69,retry_now,0,0.0
1427.17,insufficient_funds,netbanking,0.811,1,4.76,retry_later,1,1427.17
6822.44,card_declined,card,0.847,1,7.41,retry_now,0,0.0
1223.34,insufficient_funds,netbanking,0.927,0,1.84,request_card_update,1,1223.34
9123.7,card_declined,upi,0.653,0,7.59,request_alternative_payment,0,0.0
5541.89,network_error,card,0.745,0,34.26,retry_now,0,0.0
33750.64,insufficient_funds,wallet,0.845,1,8.42,retry_now,0,0.0
2073.69,insufficient_funds,netbanking,0.623,0,33.66,retry_now,0,0.0
4605.76,insufficient_funds,card,0.728,1,2.22,retry_now,1,4605.76
21074.59,insufficient_funds,wallet,0.958,1,48.79,retry_now,1,21074.59
12968.84,card_declined,wallet,0.942,1,11.75,retry_now,0,0.0
2864.71,expired_card,netbanking,0.729,1,1.2,request_card_update,1,2864.71
5981.14,insufficient_funds,card,0.975,3,4.96,request_alternative_payment,0,0.0
5008.0,card_declined,card,0.84,1,32.31,retry_now,0,0.0
6265.15,card_declined,netbanking,0.781,2,63.81,retry_now,1,6265.15
2859.06,insufficient_funds,wallet,0.884,2,10.43,retry_now,0,0.0
4655.18,insufficient_funds,card,0.6,1,11.03,request_card_update,0,0.0
1392.35,network_error,upi,0.775,0,4.08,request_alternative_payment,1,1392.35
5570.79,card_declined,card,0.842,0,35.09,retry_later,1,5570.79
7166.77,network_error,upi,0.816,0,21.64,request_alternative_payment,0,0.0
4168.28,card_declined,upi,0.902,0,8.99,retry_later,1,4168.28
1373.55,card_declined,card,0.804,3,96.0,retry_later,1,1373.55
11026.08,expired_card,upi,0.667,0,8.37,retry_later,0,0.0
6692.97,expired_card,upi,0.678,2,16.38,request_card_update,0,0.0
2797.22,expired_card,upi,0.537,1,5.03,request_card_update,0,0.0
3994.66,insufficient_funds,netbanking,0.847,1,22.9,request_alternative_payment,1,3994.66
1505.16,expired_card,card,0.518,0,18.84,request_card_update,0,0.0
2201.44,network_error,card,0.83,2,3.69,retry_now,1,2201.44
3251.74,network_error,upi,0.766,0,1.5,request_alternative_payment,1,3251.74
13358.79,network_error,upi,0.844,1,2.65,retry_later,0,0.0
2997.67,expired_card,card,0.646,0,8.9,retry_now,0,0.0
8344.55,card_declined,wallet,0.807,3,32.48,request_card_update,1,8344.55
3250.42,network_error,card,0.858,1,47.52,request_card_update,0,0.0
6096.99,network_error,card,0.963,1,5.57,retry_now,0,0.0
4465.23,network_error,netbanking,0.854,0,28.41,request_alternative_payment,1,4465.23
10053.12,network_error,wallet,0.73,1,43.76,request_card_update,0,0.0
3259.55,insufficient_funds,upi,0.745,0,4.87,request_alternative_payment,1,3259.55
1421.08,insufficient_funds,card,0.858,1,96.0,request_alternative_payment,0,0.0
1655.13,card_declined,card,0.642,0,33.85,retry_later,0,0.0
3267.21,network_error,card,0.626,3,5.03,retry_later,1,3267.21
1840.78,network_error,upi,0.959,0,21.48,request_card_update,1,1840.78
6942.12,network_error,upi,0.777,1,10.78,retry_now,1,6942.12
3444.65,network_error,card,0.609,0,1.45,retry_now,0,0.0
33418.95,card_declined,upi,0.703,2,5.9,retry_later,0,0.0
1245.16,insufficient_funds,netbanking,0.81,0,0.32,retry_later,1,1245.16
5884.63,card_declined,card,0.715,4,18.4,retry_now,0,0.0
2028.05,expired_card,card,0.902,0,1.61,request_alternative_payment,1,2028.05
3369.34,card_declined,netbanking,0.629,2,7.53,request_alternative_payment,0,0.0
5598.92,expired_card,card,0.949,4,0.42,request_card_update,1,5598.92
778.13,expired_card,card,0.563,2,11.27,retry_later,0,0.0
6042.99,card_declined,card,0.577,0,3.58,retry_later,1,6042.99
22914.36,network_error,upi,0.958,3,3.72,request_card_update,0,0.0
3478.8,card_declined,upi,0.9,0,0.25,retry_later,1,3478.8
6155.12,card_declined,upi,0.63,1,66.07,retry_now,1,6155.12
11351.79,insufficient_funds,card,0.692,2,4.6,request_alternative_payment,0,0.0
4385.37,insufficient_funds,upi,0.562,1,18.1,retry_later,1,4385.37
3141.4,insufficient_funds,card,0.817,2,21.72,request_alternative_payment,1,3141.4
809.65,card_declined,netbanking,0.612,1,13.19,request_alternative_payment,1,809.65
8349.74,insufficient_funds,wallet,0.59,3,9.64,request_card_update,1,8349.74
4567.21,card_declined,upi,0.759,0,18.12,request_card_update,1,4567.21
2223.96,card_declined,card,0.736,3,15.33,request_card_update,0,0.0
5532.92,card_declined,netbanking,0.711,1,2.81,retry_now,0,0.0
3134.58,expired_card,card,0.94,1,0.87,request_card_update,0,0.0
3276.24,card_declined,card,0.561,0,12.4,request_card_update,0,0.0
8121.14,insufficient_funds,wallet,0.81,0,8.48,retry_now,1,8121.14
1713.83,expired_card,card,0.978,0,21.43,request_card_update,0,0.0
11556.99,network_error,card,0.742,1,8.08,retry_later,1,11556.99
1634.42,network_error,upi,0.583,1,1.9,retry_later,1,1634.42
2942.55,network_error,upi,0.852,2,8.69,request_alternative_payment,0,0.0
23284.66,insufficient_funds,upi,0.778,0,4.08,retry_later,0,0.0
12321.2,network_error,card,0.889,4,14.37,retry_later,1,12321.2
5406.06,insufficient_funds,upi,0.967,0,0.48,retry_later,1,5406.06
2356.11,card_declined,card,0.659,2,20.79,retry_later,0,0.0
3274.02,insufficient_funds,wallet,0.908,2,13.87,retry_later,0,0.0
5301.86,network_error,card,0.726,1,4.62,request_alternative_payment,1,5301.86
5152.37,insufficient_funds,card,0.721,1,11.57,request_card_update,0,0.0
4649.41,insufficient_funds,upi,0.559,0,72.04,retry_now,0,0.0
4878.18,insufficient_funds,card,0.697,1,0.37,request_alternative_payment,1,4878.18
4212.0,network_error,upi,0.93,3,18.46,retry_later,0,0.0
1577.52,insufficient_funds,card,0.862,1,8.63,request_card_update,1,1577.52
3307.62,card_declined,card,0.763,3,20.79,retry_now,0,0.0
10393.05,insufficient_funds,card,0.565,2,2.54,retry_later,1,10393.05
1673.25,network_error,card,0.756,3,2.18,retry_later,1,1673.25
4296.47,insufficient_funds,card,0.475,0,0.98,request_alternative_payment,0,0.0
2595.13,expired_card,card,0.498,2,12.52,retry_now,0,0.0
5465.84,insufficient_funds,card,0.534,0,2.03,request_alternative_payment,1,5465.84
3663.91,insufficient_funds,netbanking,0.832,1,11.98,request_card_update,0,0.0
16303.06,insufficient_funds,upi,0.928,2,28.68,retry_later,0,0.0
7498.51,insufficient_funds,card,0.758,0,17.25,retry_later,1,7498.51
1750.66,card_declined,card,0.689,4,2.33,request_card_update,0,0.0
8554.18,insufficient_funds,card,0.689,1,13.6,retry_later,0,0.0
2690.47,expired_card,card,0.899,1,19.76,request_alternative_payment,1,2690.47
3151.38,card_declined,upi,0.908,3,12.51,retry_now,0,0.0
6426.91,insufficient_funds,card,0.69,3,6.02,request_alternative_payment,1,6426.91
3373.8,card_declined,wallet,0.918,3,42.25,request_card_update,0,0.0
10213.62,insufficient_funds,netbanking,0.927,2,4.06,retry_now,1,10213.62
2690.78,insufficient_funds,card,0.778,2,10.74,request_card_update,1,2690.78
3047.38,insufficient_funds,card,0.865,0,11.2,request_card_update,1,3047.38
2957.49,insufficient_funds,card,0.702,2,62.35,retry_now,0,0.0
3180.15,insufficient_funds,card,0.846,1,20.85,request_alternative_payment,0,0.0
12046.7,expired_card,upi,0.788,0,17.07,request_alternative_payment,0,0.0
8268.68,network_error,card,0.495,4,13.52,retry_now,0,0.0
19636.56,expired_card,card,0.649,1,12.32,retry_now,0,0.0
30678.23,insufficient_funds,card,0.512,2,42.82,retry_later,0,0.0
2192.11,expired_card,upi,0.931,2,46.24,request_alternative_payment,1,2192.11
5289.76,card_declined,card,0.681,0,30.93,retry_later,1,5289.76
1951.26,insufficient_funds,wallet,0.911,1,11.78,retry_now,1,1951.26
2684.12,network_error,card,0.76,1,41.91,request_card_update,1,2684.12
3020.35,insufficient_funds,card,0.882,4,0.45,request_card_update,1,3020.35
2146.23,card_declined,upi,0.911,0,5.02,request_card_update,0,0.0
2155.3,network_error,upi,0.769,2,0.86,request_card_update,1,2155.3
4454.93,card_declined,card,0.785,1,24.38,request_alternative_payment,0,0.0
1889.03,card_declined,upi,0.72,1,57.82,retry_later,0,0.0
9807.42,card_declined,card,0.712,0,15.16,request_card_update,1,9807.42
2399.44,insufficient_funds,card,0.534,1,9.34,request_card_update,0,0.0
47327.57,expired_card,card,0.463,0,8.34,request_alternative_payment,0,0.0
3484.52,insufficient_funds,upi,0.682,1,1.41,retry_now,0,0.0
5296.53,insufficient_funds,upi,0.859,1,2.05,retry_now,1,5296.53
1773.87,insufficient_funds,upi,0.89,0,0.91,request_card_update,1,1773.87
19576.14,expired_card,wallet,0.934,4,96.0,retry_now,0,0.0
12244.03,network_error,upi,0.94,2,6.61,retry_later,1,12244.03
6340.58,card_declined,netbanking,0.721,4,8.08,retry_later,0,0.0
1702.33,expired_card,card,0.937,2,2.73,request_card_update,0,0.0
5917.84,insufficient_funds,upi,0.55,1,1.01,retry_now,1,5917.84
2038.66,expired_card,upi,0.711,1,21.91,retry_later,0,0.0
16108.1,insufficient_funds,card,0.615,0,9.29,request_card_update,1,16108.1
9552.41,card_declined,card,0.749,0,15.28,retry_later,0,0.0
5396.71,insufficient_funds,upi,0.829,1,16.57,retry_now,1,5396.71
712.01,expired_card,card,0.613,0,13.69,retry_later,1,712.01
2276.65,expired_card,card,0.789,2,15.89,retry_now,1,2276.65
8668.08,card_declined,netbanking,0.512,0,18.47,request_card_update,1,8668.08
13193.77,insufficient_funds,upi,0.724,0,15.4,request_card_update,0,0.0
12143.25,insufficient_funds,card,0.607,1,56.45,request_card_update,0,0.0
1399.1,card_declined,card,0.854,1,61.84,retry_now,0,0.0
6364.14,insufficient_funds,wallet,0.663,0,51.62,retry_later,1,6364.14
11266.68,insufficient_funds,wallet,0.946,0,5.86,retry_now,1,11266.68
1326.8,network_error,upi,0.829,1,14.42,retry_later,1,1326.8
4968.48,card_declined,card,0.962,2,20.93,request_alternative_payment,1,4968.48
6224.62,expired_card,card,0.885,0,26.82,retry_later,1,6224.62
3930.73,card_declined,card,0.823,2,38.62,retry_now,0,0.0
1136.22,insufficient_funds,netbanking,0.825,2,19.13,retry_now,0,0.0
3853.11,card_declined,upi,0.426,2,41.07,retry_later,0,0.0
3848.15,insufficient_funds,netbanking,0.65,0,18.67,request_card_update,1,3848.15
4441.45,card_declined,card,0.739,4,25.23,retry_later,0,0.0
3185.66,network_error,netbanking,0.841,2,14.68,request_alternative_payment,1,3185.66
3507.94,insufficient_funds,card,0.739,0,2.88,request_card_update,0,0.0
4843.67,insufficient_funds,card,0.932,3,16.05,retry_now,0,0.0
7123.52,expired_card,upi,0.861,1,1.31,retry_now,1,7123.52
3919.24,card_declined,upi,0.861,0,5.25,request_alternative_payment,1,3919.24
3602.83,card_declined,netbanking,0.521,3,7.7,retry_now,0,0.0
5383.41,network_error,upi,0.503,2,0.25,retry_later,0,0.0
1075.41,card_declined,wallet,0.794,0,21.54,request_card_update,0,0.0
7323.34,insufficient_funds,card,0.686,1,8.93,request_card_update,1,7323.34
4997.75,network_error,card,0.872,1,1.6,retry_later,1,4997.75
5161.32,expired_card,card,0.944,0,18.69,retry_now,0,0.0
10783.59,insufficient_funds,card,0.777,1,11.76,request_alternative_payment,0,0.0
1048.32,insufficient_funds,netbanking,0.649,0,8.3,retry_later,0,0.0
1030.84,network_error,card,0.929,0,15.01,retry_now,1,1030.84
6224.42,card_declined,card,0.637,0,0.25,request_card_update,0,0.0
4971.61,card_declined,card,0.927,0,24.72,request_card_update,0,0.0
5729.22,card_declined,upi,0.944,2,11.09,retry_now,0,0.0
3454.7,network_error,wallet,0.645,1,28.62,request_alternative_payment,0,0.0
8507.27,card_declined,netbanking,0.498,0,31.88,retry_later,1,8507.27
10543.92,insufficient_funds,card,0.571,0,18.63,request_alternative_payment,0,0.0
7364.15,insufficient_funds,upi,0.973,2,9.43,retry_now,0,0.0
4058.34,card_declined,card,0.594,1,96.0,request_alternative_payment,0,0.0
926.16,expired_card,wallet,0.773,1,4.3,retry_now,1,926.16
9251.88,card_declined,card,0.787,0,10.81,retry_later,1,9251.88
13287.46,card_declined,wallet,0.437,2,13.86,retry_later,0,0.0
8373.61,expired_card,netbanking,0.912,4,17.15,retry_later,0,0.0
2473.72,card_declined,upi,0.787,2,2.73,retry_later,1,2473.72
8571.76,card_declined,netbanking,0.722,2,22.34,retry_later,0,0.0
9952.88,insufficient_funds,card,0.674,0,36.02,retry_now,1,9952.88
17400.36,network_error,card,0.805,1,50.51,request_card_update,1,17400.36
2480.72,network_error,card,0.606,0,15.88,request_card_update,1,2480.72
4171.49,network_error,card,1.0,2,53.76,retry_now,1,4171.49
9090.73,insufficient_funds,upi,0.73,2,12.63,request_alternative_payment,0,0.0
5235.0,card_declined,upi,0.733,0,14.6,retry_later,1,5235.0
2045.36,insufficient_funds,netbanking,0.701,2,0.41,request_card_update,0,0.0
6966.63,expired_card,netbanking,0.8,1,2.96,request_card_update,1,6966.63
7943.61,insufficient_funds,card,0.698,4,16.65,request_alternative_payment,0,0.0
5364.53,card_declined,card,0.622,4,0.74,retry_now,1,5364.53
5960.21,network_error,card,0.947,0,19.5,request_card_update,1,5960.21
4065.24,insufficient_funds,card,0.817,2,2.99,request_card_update,1,4065.24
16314.61,card_declined,upi,0.616,0,17.77,request_card_update,0,0.0
2432.41,insufficient_funds,upi,0.887,1,20.45,request_alternative_payment,1,2432.41
3125.46,card_declined,upi,0.872,1,21.55,request_alternative_payment,1,3125.46
5044.14,expired_card,upi,0.524,0,15.77,retry_now,1,5044.14
10100.66,card_declined,netbanking,0.767,2,9.93,retry_now,0,0.0
1509.14,expired_card,upi,0.865,1,7.86,retry_now,0,0.0
1752.78,insufficient_funds,wallet,0.833,1,2.6,retry_later,0,0.0
979.47,card_declined,netbanking,0.472,2,1.11,retry_now,0,0.0
5132.51,expired_card,upi,0.741,1,49.03,retry_later,1,5132.51
2043.76,expired_card,card,0.804,0,3.62,retry_now,0,0.0
3675.9,insufficient_funds,netbanking,0.931,0,22.31,request_card_update,0,0.0
8487.04,network_error,card,0.835,0,21.09,request_alternative_payment,1,8487.04
2992.78,expired_card,card,0.902,2,37.92,retry_now,1,2992.78
6016.25,network_error,upi,0.797,0,14.27,request_card_update,1,6016.25
3935.22,card_declined,card,0.524,1,1.11,retry_now,0,0.0
8560.25,insufficient_funds,card,0.742,1,3.98,retry_now,0,0.0
7312.17,insufficient_funds,card,0.877,2,17.0,request_alternative_payment,0,0.0
2874.54,card_declined,netbanking,0.676,2,1.54,retry_now,0,0.0
4368.92,card_declined,upi,0.778,0,0.38,retry_later,0,0.0
11524.01,insufficient_funds,wallet,0.884,1,30.55,retry_now,0,0.0
6849.25,insufficient_funds,netbanking,0.725,0,9.03,retry_now,0,0.0
1635.37,card_declined,card,0.771,4,20.54,retry_now,1,1635.37
8448.02,card_declined,netbanking,0.444,1,10.04,retry_now,0,0.0
2099.61,card_declined,upi,0.987,0,27.0,retry_now,0,0.0
15478.44,card_declined,card,0.36,0,24.51,request_card_update,1,15478.44
11344.32,insufficient_funds,wallet,0.72,3,0.68,retry_later,0,0.0
6305.02,expired_card,wallet,0.304,1,3.47,retry_now,0,0.0
5670.2,card_declined,card,0.833,3,30.49,request_alternative_payment,0,0.0
4230.04,insufficient_funds,netbanking,0.936,2,8.63,retry_now,1,4230.04
8604.26,card_declined,card,0.861,1,2.59,retry_now,0,0.0
3716.62,card_declined,wallet,0.79,2,11.51,request_alternative_payment,1,3716.62
6036.92,card_declined,upi,0.934,2,11.97,retry_later,0,0.0
10044.1,card_declined,card,0.88,1,14.25,request_card_update,0,0.0
3189.91,card_declined,netbanking,0.659,0,1.33,retry_now,0,0.0
3054.1,network_error,upi,0.992,2,20.74,retry_later,1,3054.1
1923.11,insufficient_funds,card,0.835,2,9.91,request_card_update,0,0.0
2133.7,insufficient_funds,netbanking,0.701,3,10.96,request_alternative_payment,0,0.0
1158.03,insufficient_funds,netbanking,0.851,0,0.94,request_alternative_payment,1,1158.03
8964.76,card_declined,upi,0.723,4,30.05,retry_now,0,0.0
21254.52,card_declined,upi,0.722,1,3.63,retry_now,0,0.0
15637.96,network_error,card,0.974,0,21.72,request_alternative_payment,1,15637.96
1361.48,insufficient_funds,card,0.585,2,8.99,retry_now,1,1361.48
8929.15,card_declined,upi,0.738,2,15.28,request_alternative_payment,1,8929.15
15597.69,insufficient_funds,card,0.975,0,8.97,retry_later,0,0.0
3469.43,card_declined,upi,0.484,0,1.8,retry_later,0,0.0
5422.71,network_error,wallet,0.689,1,9.51,request_alternative_payment,0,0.0
1003.13,insufficient_funds,netbanking,0.544,2,1.28,retry_now,1,1003.13
6189.33,insufficient_funds,upi,0.889,0,0.44,request_card_update,0,0.0
2135.26,card_declined,upi,0.655,2,39.77,request_card_update,0,0.0
5865.84,network_error,netbanking,0.588,3,3.07,retry_later,1,5865.84
1434.01,insufficient_funds,netbanking,0.695,3,12.49,retry_later,1,1434.01
7719.31,expired_card,card,0.62,0,0.25,request_card_update,1,7719.31
11348.07,expired_card,upi,0.58,1,11.7,request_alternative_payment,0,0.0
2672.18,network_error,card,0.493,1,1.44,request_card_update,1,2672.18
2013.55,insufficient_funds,card,0.644,1,11.11,request_alternative_payment,0,0.0
891.03,network_error,card,0.887,1,50.9,request_alternative_payment,0,0.0
4040.25,insufficient_funds,upi,0.658,3,60.09,request_card_update,0,0.0
3139.81,expired_card,netbanking,0.815,2,13.75,request_alternative_payment,1,3139.81
1445.74,card_declined,wallet,0.618,1,1.3,retry_later,1,1445.74
7183.98,insufficient_funds,card,0.839,4,2.82,request_card_update,0,0.0
3488.46,insufficient_funds,card,0.545,3,24.04,request_card_update,0,0.0
2114.57,network_error,card,0.658,0,5.69,request_alternative_payment,1,2114.57
3208.42,expired_card,card,0.778,1,24.24,retry_later,1,3208.42
11780.92,card_declined,card,0.715,3,4.21,request_alternative_payment,0,0.0
8099.38,card_declined,wallet,0.823,2,49.3,request_alternative_payment,1,8099.38
4506.03,network_error,card,0.82,3,8.51,request_alternative_payment,1,4506.03
8204.82,network_error,netbanking,0.411,1,4.74,retry_later,1,8204.82
1975.28,network_error,card,0.697,0,21.16,request_card_update,0,0.0
5131.17,card_declined,upi,0.541,0,8.64,request_alternative_payment,0,0.0
5625.42,card_declined,netbanking,0.731,0,31.95,retry_now,1,5625.42
3433.46,expired_card,wallet,0.585,1,11.99,retry_now,0,0.0
7083.76,insufficient_funds,card,0.704,3,38.72,request_card_update,1,7083.76
2678.06,card_declined,wallet,0.963,1,7.96,request_alternative_payment,1,2678.06
7517.96,insufficient_funds,card,0.597,1,2.47,request_card_update,0,0.0
7775.09,card_declined,netbanking,0.615,1,15.13,retry_later,1,7775.09
484.67,network_error,card,0.682,0,14.14,retry_later,0,0.0
12957.6,insufficient_funds,upi,0.718,0,5.27,retry_later,1,12957.6
436.63,card_declined,upi,0.8,1,3.52,retry_now,0,0.0
3054.45,insufficient_funds,netbanking,0.643,2,5.05,request_alternative_payment,0,0.0
11355.66,expired_card,netbanking,0.82,2,18.47,request_card_update,0,0.0
3879.12,network_error,card,0.863,1,35.07,request_alternative_payment,0,0.0
1547.27,card_declined,netbanking,0.759,4,0.73,request_card_update,0,0.0
2084.33,network_error,card,0.874,0,10.77,request_card_update,0,0.0
11369.82,insufficient_funds,card,0.845,2,11.83,request_alternative_payment,1,11369.82
1074.91,network_error,card,0.954,0,7.45,retry_now,1,1074.91
12337.34,network_error,card,0.621,1,39.4,request_alternative_payment,0,0.0
4784.38,insufficient_funds,card,0.57,2,0.85,request_alternative_payment,0,0.0
1926.15,expired_card,upi,0.672,1,3.99,request_card_update,0,0.0
3135.99,insufficient_funds,card,0.661,1,0.87,request_alternative_payment,0,0.0
2215.9,card_declined,upi,0.791,1,2.32,retry_later,1,2215.9
9998.33,insufficient_funds,card,0.668,0,15.84,retry_now,1,9998.33
8983.42,network_error,upi,0.626,3,27.21,retry_now,1,8983.42
1263.78,insufficient_funds,card,0.81,2,25.93,retry_later,0,0.0
3620.33,insufficient_funds,card,0.786,2,7.65,request_card_update,0,0.0
2506.51,card_declined,upi,0.541,3,30.82,retry_now,0,0.0
14072.83,expired_card,wallet,0.922,2,9.77,retry_later,0,0.0
1697.84,insufficient_funds,wallet,0.455,0,65.37,retry_now,0,0.0
18044.14,card_declined,card,0.644,1,12.15,retry_later,0,0.0
4868.58,card_declined,wallet,0.903,1,3.77,retry_now,0,0.0
1973.66,network_error,upi,0.874,0,18.21,request_card_update,0,0.0
2908.44,insufficient_funds,wallet,0.735,1,5.41,request_card_update,1,2908.44
2633.05,card_declined,card,0.496,2,20.12,retry_later,0,0.0
1803.53,expired_card,card,0.614,1,5.45,retry_now,0,0.0
5394.07,insufficient_funds,card,0.847,0,1.5,retry_later,1,5394.07
1872.18,card_declined,netbanking,0.729,1,25.98,retry_now,0,0.0
873.84,expired_card,card,0.954,0,17.96,retry_now,0,0.0
3690.26,insufficient_funds,card,0.643,0,5.85,retry_later,0,0.0
1181.94,card_declined,upi,0.575,2,19.83,retry_now,0,0.0
2739.32,insufficient_funds,wallet,0.712,1,20.25,retry_later,0,0.0
2416.1,network_error,upi,0.77,1,13.92,request_alternative_payment,0,0.0
2490.45,expired_card,upi,0.878,0,21.96,retry_later,0,0.0
24784.25,card_declined,card,0.679,1,3.66,request_card_update,0,0.0
5230.82,card_declined,wallet,0.737,0,67.19,request_alternative_payment,0,0.0
6084.44,card_declined,card,0.858,0,8.92,retry_now,0,0.0
1207.22,insufficient_funds,card,0.767,3,14.96,request_card_update,0,0.0
2963.19,insufficient_funds,upi,0.816,0,22.72,request_card_update,1,2963.19
5939.83,insufficient_funds,card,0.61,2,14.55,retry_now,0,0.0
2202.99,insufficient_funds,upi,0.67,1,38.68,retry_now,0,0.0
10338.64,network_error,upi,0.84,0,24.72,retry_later,1,10338.64
1910.34,insufficient_funds,card,0.677,0,2.85,request_card_update,1,1910.34
3976.27,insufficient_funds,card,0.917,0,23.89,request_alternative_payment,1,3976.27
3128.63,card_declined,card,0.653,1,9.98,request_card_update,1,3128.63
5702.44,insufficient_funds,card,0.797,0,19.48,request_card_update,0,0.0
2995.3,insufficient_funds,wallet,0.807,4,3.75,retry_now,0,0.0
4025.8,insufficient_funds,upi,0.656,0,0.41,request_alternative_payment,0,0.0
4139.33,insufficient_funds,card,0.94,1,2.99,retry_later,1,4139.33
2778.55,card_declined,card,0.68,0,3.01,request_card_update,1,2778.55
7370.7,network_error,netbanking,0.78,1,6.89,retry_now,1,7370.7
6050.55,expired_card,netbanking,0.605,0,0.25,request_alternative_payment,1,6050.55
4657.82,network_error,wallet,0.818,2,23.01,request_card_update,1,4657.82
3543.35,card_declined,card,0.904,2,9.74,request_card_update,0,0.0
9456.22,expired_card,upi,0.677,4,25.86,retry_later,0,0.0
4140.31,card_declined,card,0.877,0,41.86,request_card_update,0,0.0
3912.12,card_declined,netbanking,0.779,2,14.73,request_alternative_payment,0,0.0
5436.8,card_declined,card,0.737,0,40.6,request_card_update,1,5436.8
19427.84,insufficient_funds,upi,0.77,0,0.93,retry_later,1,19427.84
1711.13,insufficient_funds,card,0.914,3,39.2,request_alternative_payment,1,1711.13
9256.48,insufficient_funds,netbanking,0.934,3,18.01,request_alternative_payment,0,0.0
1099.55,network_error,card,0.892,0,12.35,request_alternative_payment,1,1099.55
5949.2,insufficient_funds,netbanking,0.798,1,42.77,request_alternative_payment,0,0.0
17628.28,network_error,card,0.777,2,2.14,request_card_update,1,17628.28
7391.81,expired_card,netbanking,0.696,0,21.86,retry_later,1,7391.81
5731.27,card_declined,card,0.937,0,27.17,request_alternative_payment,1,5731.27
3193.37,insufficient_funds,upi,0.629,2,17.35,request_card_update,1,3193.37
5125.74,card_declined,netbanking,0.94,1,3.38,request_card_update,1,5125.74
4086.9,insufficient_funds,card,0.81,0,5.37,retry_now,1,4086.9
2666.21,expired_card,card,0.527,0,8.08,retry_later,0,0.0
3965.13,network_error,card,0.836,3,43.85,request_card_update,1,3965.13
5859.96,network_error,card,0.739,1,2.31,request_card_update,0,0.0
2706.52,card_declined,upi,0.782,1,2.87,request_alternative_payment,1,2706.52
2623.25,network_error,card,0.815,0,0.59,retry_later,1,2623.25
1684.12,network_error,card,0.948,0,7.99,request_card_update,0,0.0
6834.74,insufficient_funds,card,0.916,1,3.42,retry_now,0,0.0
7734.54,insufficient_funds,card,0.78,0,5.25,request_card_update,1,7734.54
6018.07,insufficient_funds,card,0.953,0,18.93,request_card_update,0,0.0
10821.93,card_declined,upi,0.397,0,27.86,request_card_update,0,0.0
5364.12,expired_card,card,0.649,2,22.25,retry_later,0,0.0
6841.77,card_declined,wallet,0.525,0,16.68,retry_later,1,6841.77
6375.79,card_declined,netbanking,0.787,4,3.72,retry_later,0,0.0
4646.93,expired_card,card,0.859,3,1.12,retry_now,0,0.0
3269.97,insufficient_funds,netbanking,0.759,0,1.4,retry_later,1,3269.97
29393.1,insufficient_funds,upi,0.657,2,16.25,request_card_update,0,0.0
3482.94,expired_card,upi,0.542,0,41.26,request_alternative_payment,0,0.0
2935.08,expired_card,card,0.804,1,2.68,retry_now,0,0.0
7075.55,network_error,upi,0.684,1,11.72,retry_now,1,7075.55
6116.08,insufficient_funds,card,0.639,3,1.69,retry_now,0,0.0
1625.16,expired_card,upi,0.498,1,89.35,request_card_update,0,0.0
12275.19,network_error,card,0.835,0,2.64,request_card_update,0,0.0
4637.07,network_error,card,0.907,2,4.47,request_alternative_payment,1,4637.07
2055.86,insufficient_funds,upi,0.623,1,83.19,request_card_update,0,0.0
12941.84,card_declined,card,0.85,0,8.28,retry_later,1,12941.84
8248.06,network_error,card,0.723,2,20.09,request_card_update,0,0.0
1818.12,expired_card,netbanking,0.713,1,1.62,request_card_update,0,0.0
20721.76,card_declined,card,0.512,0,82.25,request_alternative_payment,0,0.0
8469.54,card_declined,card,0.658,0,2.79,retry_now,1,8469.54
4959.38,network_error,card,0.779,2,3.92,request_card_update,0,0.0
17843.03,card_declined,wallet,0.809,1,17.41,retry_later,0,0.0
5679.57,card_declined,upi,0.533,0,8.54,retry_now,0,0.0
4888.92,insufficient_funds,upi,0.764,0,8.44,request_card_update,1,4888.92
2948.21,insufficient_funds,netbanking,0.671,0,23.64,request_alternative_payment,0,0.0
7963.9,network_error,upi,0.371,4,40.68,request_alternative_payment,0,0.0
7320.8,insufficient_funds,netbanking,0.984,1,77.16,request_card_update,1,7320.8
5059.07,insufficient_funds,upi,0.813,1,0.8,retry_now,1,5059.07
2657.67,expired_card,netbanking,0.698,0,3.65,request_card_update,1,2657.67
5547.69,network_error,upi,0.853,1,42.37,retry_later,1,5547.69
4728.46,insufficient_funds,card,0.895,4,4.36,request_card_update,0,0.0
1720.57,insufficient_funds,card,0.646,3,6.2,retry_now,0,0.0
1540.32,network_error,card,0.723,1,12.85,request_alternative_payment,0,0.0
7858.22,card_declined,upi,0.594,3,1.43,retry_later,1,7858.22
623.71,card_declined,wallet,0.392,1,15.92,retry_later,0,0.0
5893.01,card_declined,netbanking,0.864,1,5.63,request_card_update,1,5893.01
3410.88,insufficient_funds,netbanking,0.836,1,16.99,retry_now,0,0.0
14239.72,network_error,upi,0.768,2,35.4,retry_now,1,14239.72
3369.16,insufficient_funds,wallet,0.78,2,29.08,retry_now,1,3369.16
8474.19,card_declined,upi,0.334,0,0.46,request_alternative_payment,0,0.0
3639.72,insufficient_funds,card,0.85,3,12.81,retry_now,0,0.0
5476.34,insufficient_funds,upi,0.904,0,7.53,request_card_update,0,0.0
9015.16,insufficient_funds,card,0.713,2,92.57,retry_now,0,0.0
3453.52,expired_card,card,0.858,3,16.74,request_alternative_payment,0,0.0
11097.08,insufficient_funds,card,0.928,0,29.26,request_alternative_payment,1,11097.08
2258.0,insufficient_funds,card,0.548,4,14.9,retry_later,0,0.0
6328.81,insufficient_funds,card,0.94,2,30.01,retry_now,1,6328.81
10459.91,network_error,card,0.796,2,2.04,request_alternative_payment,0,0.0
8477.94,card_declined,wallet,0.644,0,19.97,retry_now,0,0.0
23163.87,expired_card,card,0.927,1,6.75,retry_later,1,23163.87
2714.71,network_error,netbanking,0.668,1,6.36,retry_later,1,2714.71
1658.84,card_declined,card,0.794,3,28.73,request_alternative_payment,1,1658.84
2256.85,network_error,wallet,0.76,1,1.97,request_alternative_payment,0,0.0
8480.69,insufficient_funds,netbanking,0.543,1,46.36,request_card_update,1,8480.69
7446.74,expired_card,wallet,0.589,1,2.25,request_card_update,0,0.0
5426.22,expired_card,upi,0.723,4,15.42,request_alternative_payment,0,0.0
2036.17,insufficient_funds,upi,0.704,1,9.49,retry_later,0,0.0
9234.36,card_declined,card,0.65,1,41.82,request_card_update,0,0.0
1877.0,insufficient_funds,card,0.812,2,25.73,retry_later,0,0.0
12636.6,card_declined,netbanking,0.905,0,18.32,request_alternative_payment,1,12636.6
49175.16,network_error,card,0.806,3,8.48,request_alternative_payment,1,49175.16
6703.29,expired_card,card,0.791,1,30.93,retry_later,1,6703.29
7971.91,insufficient_funds,netbanking,0.619,0,1.59,request_alternative_payment,0,0.0
3370.8,network_error,card,0.825,0,14.92,request_alternative_payment,0,0.0
1175.0,network_error,upi,0.824,1,7.97,retry_later,1,1175.0
3087.19,insufficient_funds,card,0.845,2,35.09,retry_now,0,0.0
2085.74,card_declined,card,0.786,0,5.98,request_alternative_payment,1,2085.74
1571.19,network_error,card,0.724,4,35.62,retry_now,1,1571.19
19832.58,network_error,upi,0.753,1,39.84,retry_later,0,0.0
6219.74,expired_card,netbanking,0.794,3,8.92,request_card_update,0,0.0
6774.65,insufficient_funds,netbanking,0.879,0,21.15,retry_now,0,0.0
3904.85,insufficient_funds,card,0.946,1,5.88,retry_now,0,0.0
4354.2,insufficient_funds,card,0.768,4,11.7,request_card_update,1,4354.2
10816.56,insufficient_funds,netbanking,0.898,1,22.14,request_card_update,0,0.0
4872.31,card_declined,card,0.608,2,3.94,retry_now,0,0.0
7644.55,expired_card,card,0.966,2,9.93,retry_now,0,0.0
4274.36,card_declined,upi,0.782,0,34.97,request_card_update,0,0.0
3802.72,network_error,netbanking,0.806,2,2.24,request_alternative_payment,1,3802.72
1622.4,card_declined,card,0.645,1,1.9,request_alternative_payment,0,0.0
1027.61,insufficient_funds,card,0.762,1,15.88,request_card_update,1,1027.61
4055.96,network_error,wallet,0.919,2,12.05,request_card_update,1,4055.96
5231.17,network_error,wallet,0.718,0,21.93,retry_later,0,0.0
1786.99,card_declined,upi,0.397,3,15.54,retry_now,0,0.0
4863.98,expired_card,upi,0.888,0,3.36,retry_later,1,4863.98
5219.7,card_declined,wallet,0.567,3,29.77,retry_now,0,0.0
891.04,insufficient_funds,upi,0.907,1,2.61,request_alternative_payment,0,0.0
2404.49,card_declined,netbanking,0.837,2,44.05,retry_later,0,0.0
6925.77,network_error,upi,0.974,4,40.58,retry_now,0,0.0
6814.72,card_declined,card,0.84,4,1.31,request_card_update,1,6814.72
1986.75,network_error,netbanking,0.629,3,43.59,retry_now,1,1986.75
5675.71,card_declined,upi,0.677,2,28.58,retry_now,0,0.0
11328.98,card_declined,card,0.864,1,17.86,request_card_update,0,0.0
9310.07,expired_card,upi,0.838,0,9.77,request_alternative_payment,1,9310.07
4633.02,card_declined,netbanking,0.746,1,16.51,request_card_update,0,0.0
3438.57,card_declined,card,0.852,1,25.43,request_card_update,0,0.0
3022.13,insufficient_funds,netbanking,0.432,0,14.11,retry_now,0,0.0
7269.55,card_declined,card,0.875,1,14.97,retry_now,0,0.0
5844.62,card_declined,upi,0.962,1,40.0,retry_later,1,5844.62
8272.7,insufficient_funds,wallet,0.893,2,46.95,retry_now,0,0.0
5556.33,card_declined,netbanking,0.894,1,28.5,retry_later,0,0.0
9625.82,insufficient_funds,netbanking,0.938,3,48.05,retry_later,1,9625.82
5393.05,insufficient_funds,upi,0.908,1,12.28,retry_later,1,5393.05
9366.96,card_declined,upi,0.612,1,28.68,retry_now,0,0.0
10035.17,insufficient_funds,upi,0.841,1,14.69,retry_now,1,10035.17
2626.93,card_declined,card,0.483,0,37.77,retry_now,0,0.0
1176.95,network_error,upi,0.777,2,23.53,request_alternative_payment,0,0.0
17188.36,insufficient_funds,upi,0.441,0,13.21,retry_now,1,17188.36
6139.63,insufficient_funds,upi,0.849,2,63.31,request_alternative_payment,0,0.0
1268.52,card_declined,card,0.996,3,19.28,retry_later,0,0.0
2824.64,insufficient_funds,card,0.842,0,24.6,request_alternative_payment,1,2824.64
9271.43,card_declined,card,0.871,1,25.39,retry_later,0,0.0
3997.61,network_error,card,0.948,3,7.35,retry_now,1,3997.61
3319.42,card_declined,card,0.862,1,6.42,request_card_update,1,3319.42
15335.09,card_declined,card,0.562,1,11.04,request_card_update,0,0.0
2163.24,expired_card,wallet,0.569,2,0.42,retry_later,0,0.0
2640.36,insufficient_funds,card,0.808,1,6.33,retry_now,1,2640.36
5921.25,expired_card,netbanking,0.472,1,2.13,request_alternative_payment,0,0.0
6833.26,network_error,card,0.767,4,16.94,request_alternative_payment,0,0.0
7437.33,card_declined,netbanking,0.81,1,2.44,retry_later,1,7437.33
10364.93,insufficient_funds,upi,0.482,3,38.49,retry_later,1,10364.93
5860.89,insufficient_funds,wallet,0.921,2,7.61,retry_now,0,0.0
7396.04,expired_card,netbanking,0.626,1,15.29,retry_later,1,7396.04
4063.6,insufficient_funds,upi,0.748,3,27.35,retry_later,0,0.0
5257.19,expired_card,card,0.844,0,90.26,request_alternative_payment,1,5257.19
5449.18,card_declined,upi,0.535,4,9.71,retry_later,0,0.0
5938.86,card_declined,card,0.705,2,11.22,request_card_update,0,0.0
9276.36,card_declined,netbanking,0.704,1,10.46,request_card_update,1,9276.36
7795.56,insufficient_funds,netbanking,0.699,1,56.98,request_card_update,0,0.0
5180.03,card_declined,card,0.771,3,15.32,request_card_update,0,0.0
2617.28,expired_card,upi,0.876,2,1.71,request_card_update,0,0.0
5278.15,insufficient_funds,card,0.769,1,19.11,retry_now,0,0.0
4889.18,expired_card,upi,0.705,2,30.35,request_card_update,0,0.0
5835.64,expired_card,upi,0.664,1,13.43,retry_later,1,5835.64
29214.3,insufficient_funds,upi,0.791,2,29.18,retry_now,0,0.0
3288.46,card_declined,netbanking,0.926,1,27.75,request_alternative_payment,0,0.0
7009.52,insufficient_funds,card,0.803,0,30.76,request_alternative_payment,1,7009.52
11754.16,card_declined,netbanking,0.909,0,8.88,request_alternative_payment,0,0.0
5407.78,expired_card,upi,0.813,2,0.93,request_card_update,1,5407.78
32450.44,expired_card,card,0.733,0,32.83,retry_later,0,0.0
3695.1,expired_card,card,0.868,3,6.1,request_card_update,0,0.0
6479.93,insufficient_funds,card,0.849,1,2.4,request_alternative_payment,1,6479.93
2638.98,card_declined,upi,0.826,0,45.28,request_alternative_payment,1,2638.98
3774.31,insufficient_funds,netbanking,0.782,2,2.65,request_alternative_payment,0,0.0
6101.81,expired_card,card,0.911,2,29.0,retry_later,0,0.0
9840.25,insufficient_funds,card,0.9,2,0.69,request_alternative_payment,0,0.0
6454.09,insufficient_funds,upi,0.522,3,5.82,request_alternative_payment,0,0.0
13690.88,insufficient_funds,card,0.916,2,4.17,retry_later,0,0.0
4634.21,insufficient_funds,card,0.866,2,40.51,request_alternative_payment,0,0.0
3833.21,insufficient_funds,upi,0.962,1,1.82,retry_now,1,3833.21
43494.13,insufficient_funds,card,0.921,2,5.23,request_card_update,0,0.0
6853.97,expired_card,netbanking,0.592,1,15.75,retry_now,0,0.0
2811.88,network_error,card,0.863,1,63.38,request_card_update,1,2811.88
2869.18,insufficient_funds,upi,0.598,1,10.71,retry_later,0,0.0
2352.07,network_error,card,0.523,2,39.03,request_alternative_payment,0,0.0
10577.12,card_declined,card,0.726,0,3.34,retry_later,1,10577.12
3735.7,network_error,upi,0.896,1,7.92,request_alternative_payment,1,3735.7
5536.31,insufficient_funds,upi,0.617,0,0.47,retry_now,0,0.0
4752.31,card_declined,wallet,0.932,1,23.25,request_alternative_payment,0,0.0
8976.7,card_declined,card,0.49,1,42.13,request_alternative_payment,0,0.0
2539.69,insufficient_funds,upi,0.379,0,2.2,request_card_update,0,0.0
2114.84,card_declined,upi,0.778,1,5.47,retry_now,0,0.0
5982.72,network_error,card,0.729,0,5.35,retry_later,1,5982.72
8086.58,network_error,netbanking,0.876,3,6.67,retry_later,0,0.0
6523.84,card_declined,card,0.645,1,10.28,request_card_update,0,0.0
2616.6,card_declined,netbanking,0.91,0,2.75,retry_later,1,2616.6
8597.11,network_error,upi,0.178,1,8.2,request_alternative_payment,1,8597.11
2757.57,insufficient_funds,card,0.816,1,2.38,request_alternative_payment,1,2757.57
3294.34,insufficient_funds,upi,0.738,3,18.89,request_alternative_payment,0,0.0
2349.67,card_declined,card,0.897,3,28.52,request_alternative_payment,1,2349.67
14159.2,insufficient_funds,upi,0.743,1,41.65,retry_now,0,0.0
8299.33,card_declined,netbanking,0.795,1,36.49,retry_later,0,0.0
8112.72,insufficient_funds,upi,0.878,4,4.14,request_alternative_payment,1,8112.72
13561.12,card_declined,card,0.44,0,4.86,request_card_update,0,0.0
47444.34,network_error,card,0.659,3,29.34,request_alternative_payment,0,0.0
1273.87,network_error,upi,0.911,2,41.36,retry_later,1,1273.87
2769.69,network_error,upi,0.599,3,4.16,request_alternative_payment,1,2769.69
3054.14,card_declined,upi,0.947,4,3.93,request_card_update,1,3054.14
2531.42,expired_card,card,0.834,0,0.51,retry_later,0,0.0
2111.44,network_error,netbanking,0.781,1,45.78,retry_now,1,2111.44
3934.23,card_declined,netbanking,0.83,0,3.02,request_card_update,0,0.0
1889.2,insufficient_funds,upi,0.875,0,6.41,retry_later,1,1889.2
6536.96,card_declined,card,0.703,2,12.48,request_card_update,0,0.0
5211.13,card_declined,upi,0.75,3,12.94,request_alternative_payment,0,0.0
7346.77,network_error,card,0.57,1,1.64,request_card_update,1,7346.77
7505.38,network_error,netbanking,0.814,2,3.0,request_alternative_payment,1,7505.38
8099.83,expired_card,netbanking,0.86,0,6.98,retry_now,0,0.0
3708.81,expired_card,netbanking,0.876,1,24.13,retry_later,1,3708.81
27285.42,card_declined,card,0.861,0,46.63,retry_now,0,0.0
6031.42,expired_card,upi,0.885,2,6.81,retry_now,1,6031.42
1126.88,expired_card,netbanking,0.837,0,8.19,request_alternative_payment,0,0.0
2242.38,insufficient_funds,card,0.795,0,8.75,request_alternative_payment,0,0.0
1242.39,card_declined,card,0.782,1,29.37,request_card_update,0,0.0
5069.82,insufficient_funds,card,0.654,1,23.54,retry_now,0,0.0
4535.76,insufficient_funds,upi,0.663,2,1.4,retry_now,1,4535.76
3437.34,insufficient_funds,card,0.824,1,13.87,retry_later,0,0.0
24982.58,card_declined,card,0.943,0,6.29,request_card_update,0,0.0
7757.22,insufficient_funds,upi,0.802,0,31.07,retry_now,1,7757.22
8938.04,insufficient_funds,netbanking,0.663,2,4.88,request_alternative_payment,1,8938.04
2374.01,insufficient_funds,netbanking,0.816,0,13.82,retry_later,0,0.0
2248.18,network_error,netbanking,0.868,0,7.36,request_card_update,1,2248.18
5149.41,expired_card,netbanking,0.712,0,1.4,request_card_update,0,0.0
5742.21,expired_card,upi,0.801,4,5.82,request_alternative_payment,1,5742.21
1132.46,card_declined,netbanking,0.294,1,13.99,retry_later,0,0.0
4328.38,insufficient_funds,card,0.629,0,4.49,retry_later,1,4328.38
5056.61,expired_card,netbanking,0.492,2,7.47,request_alternative_payment,0,0.0
4209.39,insufficient_funds,netbanking,0.638,3,40.84,retry_now,1,4209.39
2608.37,expired_card,upi,0.866,2,11.98,request_alternative_payment,0,0.0
3247.25,network_error,card,0.644,1,2.42,retry_now,1,3247.25
4340.33,card_declined,card,0.624,0,28.32,retry_now,1,4340.33
5376.72,insufficient_funds,card,0.889,1,3.78,retry_now,0,0.0
8111.41,insufficient_funds,card,0.758,0,8.21,retry_now,1,8111.41
11871.29,card_declined,card,0.799,0,3.51,retry_now,1,11871.29
3950.96,card_declined,card,0.509,3,12.44,retry_later,0,0.0
3471.24,network_error,card,0.55,2,4.05,retry_later,1,3471.24
7096.22,card_declined,netbanking,0.943,0,5.06,request_alternative_payment,0,0.0
8150.78,card_declined,upi,0.881,2,6.95,retry_later,1,8150.78
3532.75,insufficient_funds,netbanking,0.882,3,37.25,request_alternative_payment,0,0.0
9409.81,card_declined,card,0.4,2,10.54,request_alternative_payment,0,0.0
10947.45,insufficient_funds,card,0.584,1,12.9,request_alternative_payment,0,0.0
14052.31,network_error,card,0.735,1,83.7,request_card_update,1,14052.31
20740.63,card_declined,netbanking,0.894,1,48.33,request_alternative_payment,0,0.0
2500.04,network_error,card,0.802,3,4.67,request_alternative_payment,0,0.0
5055.9,card_declined,upi,0.351,0,1.38,retry_later,0,0.0
5045.31,insufficient_funds,card,0.85,2,5.54,request_alternative_payment,0,0.0
4622.7,network_error,card,0.681,1,1.73,retry_later,0,0.0
2974.36,network_error,card,0.87,0,13.45,request_card_update,1,2974.36
1523.47,network_error,upi,0.67,0,0.37,request_alternative_payment,1,1523.47
5384.81,card_declined,card,0.994,3,6.43,retry_later,1,5384.81
2704.06,expired_card,netbanking,0.86,0,4.31,request_card_update,1,2704.06
5356.08,insufficient_funds,card,0.707,1,1.4,request_card_update,1,5356.08
2649.06,card_declined,card,0.822,0,1.75,request_alternative_payment,1,2649.06
2074.48,network_error,card,0.779,1,16.08,retry_later,1,2074.48
6030.78,insufficient_funds,wallet,0.722,0,29.47,retry_now,0,0.0
5641.64,network_error,upi,0.736,1,24.89,retry_now,0,0.0
7947.55,card_declined,upi,0.872,1,16.08,request_card_update,1,7947.55
28735.37,insufficient_funds,upi,0.8,2,68.09,retry_now,0,0.0
6241.81,insufficient_funds,netbanking,0.795,0,1.02,request_alternative_payment,1,6241.81
7370.63,network_error,card,0.986,1,29.68,retry_later,1,7370.63
2111.48,network_error,netbanking,0.778,1,11.39,request_alternative_payment,1,2111.48
1785.88,insufficient_funds,netbanking,0.682,2,26.04,retry_now,1,1785.88
17737.86,insufficient_funds,card,0.411,2,18.17,request_alternative_payment,0,0.0
2388.47,insufficient_funds,card,0.794,0,37.38,retry_now,1,2388.47
2169.04,insufficient_funds,upi,0.811,0,12.45,retry_later,1,2169.04
4846.02,network_error,card,0.575,0,43.99,retry_later,1,4846.02
4651.94,insufficient_funds,card,0.585,0,26.15,request_alternative_payment,1,4651.94
2428.89,insufficient_funds,card,0.768,0,20.47,retry_now,1,2428.89
3917.52,insufficient_funds,card,0.762,1,8.74,retry_later,1,3917.52
13369.0,card_declined,upi,0.898,2,1.91,retry_later,0,0.0
2623.85,network_error,upi,0.524,3,8.3,request_alternative_payment,0,0.0
1639.68,network_error,upi,0.731,0,14.1,retry_later,1,1639.68
10628.22,card_declined,upi,0.89,0,28.81,retry_later,0,0.0
7413.3,expired_card,card,0.622,1,0.25,request_alternative_payment,0,0.0
3043.55,card_declined,upi,0.854,2,9.11,retry_later,0,0.0
1410.16,expired_card,netbanking,0.833,1,1.37,retry_now,0,0.0
2755.89,card_declined,card,0.705,2,3.16,retry_now,0,0.0
4785.9,insufficient_funds,upi,0.662,1,43.97,retry_later,0,0.0
12704.75,network_error,netbanking,0.627,0,3.27,request_alternative_payment,0,0.0
2181.85,card_declined,upi,0.771,1,8.22,retry_now,0,0.0
4673.1,network_error,card,0.968,2,21.49,retry_later,0,0.0
8581.03,insufficient_funds,card,0.873,0,4.33,retry_later,0,0.0
744.1,card_declined,upi,0.799,0,13.86,retry_now,1,744.1
11432.58,expired_card,upi,0.931,4,14.44,request_alternative_payment,1,11432.58
1941.53,insufficient_funds,netbanking,0.819,2,5.44,request_card_update,1,1941.53
6521.04,insufficient_funds,upi,0.622,1,1.02,request_alternative_payment,0,0.0
6090.83,insufficient_funds,card,0.894,0,11.72,request_alternative_payment,1,6090.83
11906.77,card_declined,netbanking,0.846,3,9.67,request_alternative_payment,1,11906.77
7769.28,network_error,upi,0.881,1,6.6,request_alternative_payment,1,7769.28
746.47,card_declined,wallet,0.981,0,20.42,request_card_update,0,0.0
2668.76,expired_card,netbanking,0.868,1,1.2,request_alternative_payment,0,0.0
5584.54,card_declined,card,0.553,1,7.85,request_card_update,0,0.0
4277.86,card_declined,upi,0.889,0,90.15,request_alternative_payment,0,0.0
7326.71,insufficient_funds,upi,0.728,1,44.05,retry_later,0,0.0
9402.08,insufficient_funds,card,0.494,0,4.49,retry_now,1,9402.08
8135.19,network_error,upi,0.753,1,37.46,retry_now,0,0.0
4212.34,insufficient_funds,card,0.667,1,11.37,retry_later,1,4212.34
1141.53,insufficient_funds,card,0.545,0,10.05,request_alternative_payment,0,0.0
3473.12,expired_card,upi,0.968,0,7.48,request_card_update,1,3473.12
6976.4,card_declined,card,0.913,3,8.74,request_alternative_payment,1,6976.4
2089.82,insufficient_funds,netbanking,0.708,0,0.93,request_card_update,0,0.0
8285.09,network_error,upi,0.566,1,71.17,request_card_update,0,0.0
10341.37,card_declined,netbanking,0.815,2,52.56,retry_now,0,0.0
5534.11,expired_card,upi,0.753,3,24.21,request_alternative_payment,0,0.0
431.03,network_error,netbanking,0.655,1,0.82,request_alternative_payment,0,0.0
1798.53,insufficient_funds,card,0.681,0,8.55,request_card_update,1,1798.53
22609.93,insufficient_funds,wallet,0.703,2,1.9,retry_now,1,22609.93
3229.11,insufficient_funds,card,0.953,1,19.07,request_alternative_payment,0,0.0
1022.37,network_error,netbanking,0.56,2,29.13,request_card_update,1,1022.37
13431.94,card_declined,upi,0.851,1,3.41,retry_later,1,13431.94
5053.71,network_error,card,0.751,0,0.38,retry_later,0,0.0
12102.24,card_declined,upi,0.717,1,15.27,retry_later,0,0.0
6240.15,insufficient_funds,upi,0.845,0,2.42,retry_later,1,6240.15
7215.89,insufficient_funds,card,0.743,1,0.42,request_alternative_payment,1,7215.89
6684.86,insufficient_funds,card,0.916,0,65.9,retry_later,0,0.0
8735.79,card_declined,card,0.611,3,4.01,request_card_update,0,0.0
30919.35,card_declined,wallet,0.918,1,3.21,request_alternative_payment,1,30919.35
10872.57,expired_card,upi,0.734,0,36.78,retry_later,1,10872.57
1412.22,insufficient_funds,card,0.522,1,10.99,request_alternative_payment,0,0.0
7147.53,network_error,netbanking,0.9,2,47.5,retry_later,0,0.0
12461.23,insufficient_funds,upi,0.969,0,4.78,request_alternative_payment,1,12461.23
13086.73,network_error,upi,0.789,2,14.52,retry_later,1,13086.73
3554.29,insufficient_funds,upi,0.753,2,31.61,request_card_update,0,0.0
12697.35,network_error,card,0.827,2,10.66,retry_now,0,0.0
10502.69,insufficient_funds,card,0.793,1,29.5,retry_later,1,10502.69
39152.01,insufficient_funds,netbanking,0.98,1,21.19,request_alternative_payment,1,39152.01
2744.05,card_declined,netbanking,0.69,1,21.98,request_alternative_payment,1,2744.05
3331.82,card_declined,netbanking,0.46,1,18.56,retry_now,0,0.0
3913.93,card_declined,card,0.642,0,24.09,retry_later,0,0.0
3377.92,insufficient_funds,netbanking,0.624,1,64.19,request_alternative_payment,0,0.0
2453.27,expired_card,card,0.873,2,8.94,request_alternative_payment,0,0.0
548.43,insufficient_funds,upi,0.672,0,20.55,request_card_update,0,0.0
3531.34,card_declined,card,0.678,0,95.45,retry_now,0,0.0
6718.9,expired_card,netbanking,0.421,0,46.18,retry_later,0,0.0
3369.82,network_error,wallet,0.91,0,0.47,request_card_update,1,3369.82
23517.45,insufficient_funds,card,0.841,1,62.18,request_alternative_payment,0,0.0
5053.79,card_declined,netbanking,0.787,2,1.05,request_card_update,0,0.0
14044.93,insufficient_funds,upi,0.957,0,6.27,retry_later,1,14044.93
6163.07,card_declined,card,0.805,2,20.96,request_card_update,0,0.0
9684.86,card_declined,card,0.817,2,4.01,retry_later,1,9684.86
6251.56,network_error,upi,0.643,1,26.87,request_alternative_payment,0,0.0
14946.33,network_error,card,0.642,0,2.96,retry_later,0,0.0
5228.84,insufficient_funds,card,0.646,0,49.14,request_alternative_payment,0,0.0
7436.01,insufficient_funds,netbanking,0.766,0,46.28,request_card_update,1,7436.01
6702.66,card_declined,upi,0.925,0,2.62,retry_now,1,6702.66
3970.17,card_declined,netbanking,0.816,1,48.77,request_card_update,1,3970.17
6913.14,card_declined,upi,0.391,0,51.2,retry_later,1,6913.14
29872.76,card_declined,upi,0.679,1,12.93,request_alternative_payment,1,29872.76
4027.4,card_declined,netbanking,0.884,3,0.54,retry_now,1,4027.4
6993.7,expired_card,card,0.599,0,39.98,retry_now,0,0.0
13676.25,card_declined,card,0.786,3,4.39,request_card_update,0,0.0
12449.0,insufficient_funds,upi,0.713,0,14.49,request_card_update,1,12449.0
5047.09,insufficient_funds,wallet,0.856,1,12.32,request_alternative_payment,1,5047.09
742.84,card_declined,card,0.838,2,24.05,request_alternative_payment,1,742.84
7559.46,insufficient_funds,wallet,0.741,2,10.31,retry_now,1,7559.46
846.93,insufficient_funds,netbanking,0.743,2,14.56,request_alternative_payment,1,846.93
16206.1,insufficient_funds,upi,0.312,2,33.75,request_alternative_payment,0,0.0
5726.0,network_error,card,0.951,0,35.45,request_card_update,1,5726.0
11124.8,expired_card,card,0.852,1,10.25,request_alternative_payment,1,11124.8
2429.65,card_declined,upi,0.515,1,2.81,request_card_update,0,0.0
1444.02,insufficient_funds,card,0.806,3,7.57,request_card_update,0,0.0
6159.78,card_declined,card,0.778,4,48.49,request_card_update,0,0.0
4867.38,card_declined,card,0.833,0,11.49,request_alternative_payment,1,4867.38
3374.36,expired_card,wallet,0.729,2,24.04,request_card_update,0,0.0
5350.38,card_declined,card,0.752,0,9.0,request_card_update,0,0.0
45758.91,network_error,upi,0.533,2,7.43,retry_now,0,0.0
9747.96,expired_card,card,0.721,0,39.75,request_card_update,1,9747.96
11577.19,card_declined,card,0.741,2,5.74,request_alternative_payment,1,11577.19
9821.63,insufficient_funds,card,0.649,0,36.88,request_alternative_payment,0,0.0
16330.06,card_declined,netbanking,0.953,2,7.18,request_alternative_payment,0,0.0
4294.7,card_declined,upi,0.757,1,36.65,retry_now,0,0.0
966.21,card_declined,card,0.803,2,48.43,request_alternative_payment,0,0.0
4299.8,expired_card,netbanking,0.904,0,3.77,retry_later,1,4299.8
9571.85,insufficient_funds,card,0.677,3,15.84,request_card_update,0,0.0
2301.58,card_declined,netbanking,0.922,2,3.23,request_card_update,0,0.0
4342.04,insufficient_funds,card,0.771,1,50.63,request_card_update,0,0.0
2874.91,insufficient_funds,netbanking,0.906,0,43.8,request_card_update,1,2874.91
16627.56,card_declined,wallet,0.827,0,25.79,request_card_update,1,16627.56
9106.64,network_error,netbanking,0.697,1,20.16,retry_now,0,0.0
8420.51,card_declined,card,0.718,0,21.67,request_alternative_payment,0,0.0
8221.22,insufficient_funds,upi,0.502,2,7.29,retry_now,0,0.0
4853.2,insufficient_funds,netbanking,0.962,2,14.46,retry_later,1,4853.2
5856.09,card_declined,upi,0.68,0,12.9,request_card_update,1,5856.09
1937.29,card_declined,card,0.725,0,7.52,request_alternative_payment,0,0.0
869.61,network_error,upi,0.739,4,61.78,retry_now,0,0.0
5637.85,card_declined,card,0.722,1,8.42,request_card_update,1,5637.85
6479.41,expired_card,upi,0.643,2,35.82,request_alternative_payment,0,0.0
13155.63,network_error,card,0.678,1,9.35,request_card_update,0,0.0
17575.51,card_declined,upi,0.349,0,1.69,request_card_update,0,0.0
17556.72,card_declined,card,0.631,2,36.15,retry_later,0,0.0
2250.2,network_error,card,0.61,1,6.27,request_alternative_payment,0,0.0
3772.08,expired_card,card,0.951,0,22.12,request_alternative_payment,0,0.0
7342.69,card_declined,wallet,0.798,1,2.48,retry_now,0,0.0
37900.4,card_declined,upi,0.693,3,5.7,request_alternative_payment,0,0.0
16338.39,card_declined,upi,0.773,2,16.86,request_card_update,0,0.0
12243.02,network_error,netbanking,0.397,2,21.55,request_card_update,0,0.0
3666.39,expired_card,upi,0.826,0,9.17,retry_now,0,0.0
2466.69,expired_card,card,0.537,0,20.69,request_card_update,0,0.0
9398.63,insufficient_funds,upi,0.93,2,1.54,request_card_update,1,9398.63
2072.82,insufficient_funds,card,0.895,2,27.71,retry_now,0,0.0
4131.7,network_error,upi,0.6,3,37.7,retry_now,0,0.0
4561.34,card_declined,card,0.736,3,3.97,request_card_update,1,4561.34
17881.52,expired_card,wallet,0.994,1,2.98,retry_now,0,0.0
3764.74,insufficient_funds,upi,0.618,1,2.01,retry_now,0,0.0
710.38,network_error,card,0.967,1,14.01,retry_now,1,710.38
7485.69,network_error,upi,0.817,0,9.92,request_card_update,1,7485.69
2858.28,insufficient_funds,card,0.857,1,54.97,request_alternative_payment,0,0.0
5173.47,insufficient_funds,card,0.588,4,75.16,retry_later,0,0.0
4664.94,network_error,netbanking,0.925,3,0.58,request_alternative_payment,0,0.0
4016.76,insufficient_funds,netbanking,0.846,1,7.56,retry_now,0,0.0
9409.41,network_error,upi,0.716,0,8.24,request_alternative_payment,1,9409.41
1466.89,card_declined,upi,0.7,2,21.76,retry_now,0,0.0
3306.29,card_declined,card,0.75,3,50.59,retry_later,0,0.0
8642.3,insufficient_funds,card,0.649,1,0.93,retry_later,0,0.0
3059.25,expired_card,upi,0.777,1,41.03,request_card_update,0,0.0
1380.43,network_error,upi,0.926,0,17.54,request_alternative_payment,1,1380.43
8535.91,network_error,card,0.784,0,1.01,retry_now,1,8535.91
12279.28,network_error,card,0.639,0,8.46,retry_later,0,0.0
4823.22,card_declined,card,0.906,1,1.78,retry_later,1,4823.22
1041.6,expired_card,card,0.663,0,16.24,request_card_update,0,0.0
8795.27,card_declined,card,0.764,1,5.73,retry_now,1,8795.27
1325.15,card_declined,card,0.475,0,8.36,request_card_update,0,0.0
6401.15,insufficient_funds,upi,0.901,3,6.13,retry_later,0,0.0
2458.29,insufficient_funds,card,0.862,0,0.25,retry_later,1,2458.29
1976.97,network_error,card,0.683,1,3.24,request_card_update,0,0.0
3511.03,insufficient_funds,upi,0.946,0,2.69,retry_now,0,0.0
4318.03,network_error,netbanking,0.872,1,20.63,retry_later,0,0.0
2986.41,expired_card,card,0.628,0,67.65,request_alternative_payment,1,2986.41
8007.68,card_declined,card,0.764,0,5.01,retry_later,0,0.0
3499.37,insufficient_funds,upi,0.649,1,8.44,request_alternative_payment,1,3499.37
10952.75,network_error,card,0.717,1,15.65,retry_later,0,0.0
6261.23,insufficient_funds,card,0.831,0,19.71,retry_now,0,0.0
2861.63,network_error,upi,0.6,4,22.12,request_card_update,0,0.0
2500.99,card_declined,card,0.711,2,23.53,request_card_update,0,0.0
1338.35,card_declined,netbanking,0.478,1,1.68,request_alternative_payment,0,0.0
6309.3,card_declined,netbanking,0.715,3,33.9,request_alternative_payment,1,6309.3
3765.08,card_declined,card,0.984,2,1.05,retry_later,0,0.0
749.52,insufficient_funds,card,0.885,1,9.45,request_alternative_payment,1,749.52
3257.19,insufficient_funds,wallet,0.599,4,0.93,retry_later,1,3257.19
2431.75,card_declined,upi,0.75,1,6.1,retry_later,0,0.0
17636.67,expired_card,wallet,0.677,0,6.65,request_alternative_payment,1,17636.67
1280.45,insufficient_funds,netbanking,0.799,0,10.61,request_alternative_payment,1,1280.45
1578.31,insufficient_funds,card,0.714,0,26.54,request_card_update,1,1578.31
12151.03,insufficient_funds,card,0.487,1,15.8,retry_now,0,0.0
14803.27,card_declined,card,0.6,0,10.53,retry_later,0,0.0
2755.09,insufficient_funds,netbanking,0.813,1,33.37,retry_later,1,2755.09
3015.51,network_error,card,0.749,1,14.6,retry_now,1,3015.51
8186.01,insufficient_funds,upi,0.925,1,2.57,retry_later,0,0.0
777.06,network_error,upi,0.87,1,30.99,retry_later,0,0.0
1128.04,insufficient_funds,netbanking,0.834,1,31.01,request_card_update,0,0.0
3994.23,card_declined,netbanking,0.862,4,20.2,retry_now,0,0.0
17276.55,insufficient_funds,card,0.954,1,11.36,request_card_update,0,0.0
3528.43,network_error,card,0.76,3,6.89,request_alternative_payment,1,3528.43
5420.5,expired_card,upi,0.71,3,18.69,request_card_update,0,0.0
12384.79,insufficient_funds,netbanking,0.92,1,20.19,retry_now,0,0.0
26975.95,expired_card,upi,0.723,0,11.26,request_card_update,1,26975.95
3151.75,insufficient_funds,upi,0.91,2,5.44,retry_later,0,0.0
4933.1,card_declined,netbanking,0.573,0,32.25,retry_now,1,4933.1
21479.14,network_error,card,0.941,0,52.91,retry_now,0,0.0
1479.46,insufficient_funds,card,0.745,3,15.27,retry_now,0,0.0
11375.96,card_declined,netbanking,0.549,2,21.56,retry_now,1,11375.96
2213.97,insufficient_funds,upi,0.759,0,0.38,request_alternative_payment,0,0.0
5427.16,network_error,netbanking,0.795,0,15.04,retry_later,1,5427.16
4117.9,card_declined,card,0.462,2,6.87,retry_later,1,4117.9
2323.39,expired_card,upi,0.545,0,10.39,request_card_update,0,0.0
2277.22,insufficient_funds,card,0.732,2,10.38,request_alternative_payment,0,0.0
6237.44,expired_card,card,0.627,1,30.81,request_alternative_payment,0,0.0
11088.07,insufficient_funds,card,0.736,2,21.64,retry_later,0,0.0
4507.08,card_declined,upi,0.668,1,20.36,request_card_update,0,0.0
5288.47,insufficient_funds,card,0.87,4,36.1,request_alternative_payment,0,0.0
7896.16,insufficient_funds,card,0.63,3,11.76,retry_later,0,0.0
2298.24,insufficient_funds,card,0.596,0,40.4,request_card_update,1,2298.24
9035.78,network_error,card,0.872,1,0.73,retry_now,1,9035.78
9630.28,insufficient_funds,upi,0.742,3,11.25,request_card_update,0,0.0
40138.62,card_declined,upi,0.841,0,1.7,retry_now,0,0.0
3700.82,expired_card,upi,0.538,1,14.98,request_alternative_payment,0,0.0
3465.9,insufficient_funds,card,0.467,1,1.4,retry_now,0,0.0
9249.88,insufficient_funds,upi,0.914,1,9.23,request_card_update,0,0.0
9628.44,insufficient_funds,card,0.943,0,12.8,request_alternative_payment,0,0.0
3258.83,insufficient_funds,upi,0.93,0,7.34,request_card_update,1,3258.83
3621.57,card_declined,netbanking,0.69,1,7.04,retry_later,0,0.0
7708.65,network_error,upi,0.962,3,5.46,request_card_update,1,7708.65
2578.92,insufficient_funds,wallet,0.769,1,13.87,request_card_update,1,2578.92
3600.28,insufficient_funds,card,0.824,0,63.9,request_card_update,0,0.0
5371.53,card_declined,upi,0.766,0,27.52,request_alternative_payment,1,5371.53
11091.61,insufficient_funds,upi,0.836,1,5.65,request_card_update,1,11091.61
3082.56,card_declined,upi,0.821,0,13.22,retry_later,1,3082.56
1145.14,expired_card,upi,0.689,0,43.4,request_alternative_payment,0,0.0
1079.14,insufficient_funds,card,0.776,0,0.7,request_alternative_payment,1,1079.14
1825.6,card_declined,upi,0.763,2,7.49,request_card_update,0,0.0
1748.75,network_error,upi,0.621,3,80.15,retry_later,0,0.0
4418.27,network_error,upi,0.946,1,25.76,request_alternative_payment,1,4418.27
1931.57,network_error,card,0.648,0,63.23,retry_now,1,1931.57
2849.76,network_error,card,0.667,0,6.78,retry_now,0,0.0
2691.69,card_declined,wallet,0.896,0,7.15,request_alternative_payment,1,2691.69
3514.97,card_declined,card,0.688,0,39.36,retry_now,1,3514.97
14403.07,network_error,card,0.97,1,5.48,request_alternative_payment,0,0.0
8490.91,network_error,card,0.579,3,6.31,request_alternative_payment,0,0.0
5064.94,network_error,upi,0.773,0,23.71,request_alternative_payment,1,5064.94
3457.75,card_declined,upi,0.611,1,14.02,request_alternative_payment,0,0.0
3535.49,network_error,wallet,0.585,1,21.3,retry_now,1,3535.49
6498.91,insufficient_funds,upi,0.969,1,3.89,retry_later,1,6498.91
7978.68,insufficient_funds,card,0.865,0,10.52,request_alternative_payment,1,7978.68
2418.98,insufficient_funds,card,0.737,0,2.55,request_card_update,0,0.0
5148.07,insufficient_funds,card,0.896,1,22.53,retry_later,1,5148.07
984.27,network_error,upi,0.995,1,21.26,request_card_update,1,984.27
5922.8,insufficient_funds,wallet,0.875,1,6.16,request_card_update,0,0.0
9199.58,network_error,card,0.347,2,10.76,request_alternative_payment,1,9199.58
3996.36,card_declined,card,0.691,0,31.49,retry_later,1,3996.36
21384.35,insufficient_funds,upi,0.822,1,28.66,request_card_update,1,21384.35
2470.57,insufficient_funds,upi,0.729,1,15.55,request_card_update,1,2470.57
5949.99,card_declined,upi,0.602,0,8.5,request_alternative_payment,0,0.0
4858.73,network_error,upi,0.811,2,4.82,request_alternative_payment,1,4858.73
4614.48,card_declined,card,0.764,0,30.28,request_alternative_payment,0,0.0
4563.0,insufficient_funds,upi,0.727,1,61.13,request_card_update,1,4563.0
5447.31,insufficient_funds,card,0.845,1,19.59,retry_later,1,5447.31
9853.29,insufficient_funds,upi,0.882,0,16.27,retry_later,1,9853.29
15053.75,insufficient_funds,card,0.758,0,26.05,request_alternative_payment,1,15053.75
4991.01,expired_card,upi,0.449,1,0.26,request_alternative_payment,1,4991.01
9599.31,insufficient_funds,wallet,0.816,0,3.92,retry_now,1,9599.31
2852.01,insufficient_funds,upi,0.774,2,10.74,retry_later,1,2852.01
9227.63,expired_card,card,0.914,1,5.45,request_alternative_payment,0,0.0
2717.86,network_error,wallet,0.905,2,1.48,request_card_update,1,2717.86
11964.76,card_declined,card,0.611,0,75.18,retry_now,1,11964.76
29310.64,card_declined,netbanking,0.783,3,9.38,retry_now,0,0.0
4534.75,expired_card,card,0.862,1,39.18,retry_later,0,0.0
865.37,insufficient_funds,netbanking,0.659,2,0.3,retry_later,0,0.0
3225.15,insufficient_funds,card,0.84,4,6.14,request_card_update,1,3225.15
13395.76,expired_card,card,0.863,1,1.14,request_alternative_payment,0,0.0
7782.67,network_error,wallet,0.539,3,0.25,retry_later,0,0.0
6101.71,expired_card,upi,0.583,0,7.09,retry_now,0,0.0
11205.14,insufficient_funds,card,0.73,2,1.15,retry_now,1,11205.14
7366.93,expired_card,card,0.751,3,45.75,request_card_update,0,0.0
13244.97,insufficient_funds,card,0.852,0,28.24,request_alternative_payment,1,13244.97
10433.03,network_error,card,0.959,1,9.78,request_card_update,1,10433.03
16891.29,expired_card,upi,0.738,3,1.39,retry_later,1,16891.29
6662.37,insufficient_funds,upi,0.788,1,18.0,retry_now,0,0.0
10315.48,insufficient_funds,wallet,0.628,2,96.0,request_alternative_payment,0,0.0
3910.78,card_declined,netbanking,0.569,0,1.91,request_card_update,0,0.0
3090.3,network_error,wallet,0.48,0,3.78,retry_now,1,3090.3
19586.72,insufficient_funds,upi,0.618,2,4.93,request_alternative_payment,0,0.0
5944.11,expired_card,card,0.707,1,6.17,retry_later,0,0.0
9519.5,insufficient_funds,upi,0.566,2,8.77,request_alternative_payment,1,9519.5
5520.29,card_declined,card,0.727,1,26.23,request_alternative_payment,0,0.0
3127.47,insufficient_funds,card,0.635,3,13.73,retry_later,0,0.0
5044.13,expired_card,netbanking,0.925,0,46.16,retry_later,1,5044.13
15771.95,insufficient_funds,upi,0.71,1,15.5,request_alternative_payment,1,15771.95
7796.15,card_declined,card,0.862,1,7.48,request_alternative_payment,1,7796.15
1271.58,insufficient_funds,card,0.945,3,1.91,retry_later,1,1271.58
4209.07,expired_card,card,0.417,3,5.18,retry_later,0,0.0
20806.66,network_error,upi,0.953,0,27.85,retry_now,1,20806.66
4213.95,insufficient_funds,card,0.636,2,16.99,retry_later,1,4213.95
1184.19,insufficient_funds,netbanking,0.838,1,16.79,request_alternative_payment,0,0.0
22734.35,card_declined,upi,0.746,0,11.33,request_card_update,1,22734.35
8630.93,card_declined,card,0.95,0,40.64,request_card_update,0,0.0
4727.65,network_error,upi,0.885,0,17.98,request_alternative_payment,1,4727.65
3714.72,card_declined,wallet,0.88,1,7.86,retry_now,1,3714.72
11885.5,card_declined,netbanking,0.802,1,5.37,retry_now,0,0.0
3240.9,network_error,upi,0.886,0,25.18,request_alternative_payment,1,3240.9
12528.96,card_declined,card,0.81,3,8.76,retry_now,1,12528.96
7715.21,insufficient_funds,upi,0.907,1,38.86,retry_later,1,7715.21
6081.09,insufficient_funds,netbanking,0.665,4,21.6,retry_later,0,0.0
5617.29,insufficient_funds,wallet,0.659,0,9.62,retry_later,0,0.0
4346.9,card_declined,upi,0.507,0,5.36,request_alternative_payment,0,0.0
11541.51,insufficient_funds,upi,0.679,3,1.89,retry_later,1,11541.51
2502.18,card_declined,card,0.911,2,1.55,request_alternative_payment,0,0.0
1366.02,insufficient_funds,card,0.634,0,9.74,retry_now,1,1366.02
8174.26,network_error,card,0.596,1,21.19,request_card_update,0,0.0
8284.85,insufficient_funds,card,0.64,0,24.22,request_card_update,0,0.0
7342.14,card_declined,upi,0.773,2,29.04,retry_now,0,0.0
6928.34,insufficient_funds,card,0.989,0,38.2,request_alternative_payment,0,0.0
3869.04,insufficient_funds,upi,0.869,0,8.23,request_card_update,1,3869.04
9387.92,insufficient_funds,upi,0.617,2,38.15,request_alternative_payment,1,9387.92
4821.05,card_declined,card,0.625,0,7.25,request_card_update,1,4821.05
3386.33,network_error,upi,0.948,1,11.94,request_alternative_payment,1,3386.33
3895.9,insufficient_funds,card,0.811,0,6.59,retry_now,0,0.0
25177.47,network_error,card,0.781,1,92.37,retry_now,0,0.0
1247.89,card_declined,wallet,0.815,0,3.24,request_alternative_payment,0,0.0
7457.86,card_declined,card,0.833,0,5.13,retry_later,0,0.0
1304.93,card_declined,card,0.99,1,2.06,request_card_update,0,0.0
4585.28,insufficient_funds,upi,0.543,1,10.87,request_card_update,1,4585.28
3534.37,network_error,card,0.609,1,32.95,retry_now,1,3534.37
943.1,network_error,card,0.747,0,7.1,request_alternative_payment,1,943.1
6825.52,network_error,upi,0.686,3,11.03,request_alternative_payment,0,0.0
3689.19,insufficient_funds,upi,0.835,1,16.93,retry_later,1,3689.19
932.46,network_error,upi,0.701,1,10.39,request_card_update,1,932.46
9787.37,insufficient_funds,netbanking,0.92,3,4.22,retry_now,1,9787.37
15759.49,card_declined,card,0.834,0,13.36,retry_later,1,15759.49
16469.95,insufficient_funds,upi,0.762,1,7.28,retry_now,0,0.0
6663.22,insufficient_funds,card,0.886,1,7.65,retry_now,1,6663.22
5187.67,card_declined,card,0.948,0,11.24,request_card_update,1,5187.67
14468.35,expired_card,wallet,0.536,0,1.68,request_card_update,0,0.0
19208.34,insufficient_funds,upi,0.782,0,11.03,request_alternative_payment,1,19208.34
12382.61,card_declined,card,0.879,2,11.78,retry_now,0,0.0
2354.22,card_declined,card,0.624,2,24.27,retry_later,0,0.0
5873.87,expired_card,card,0.93,1,19.95,retry_now,0,0.0
7106.79,network_error,upi,0.52,0,3.99,request_card_update,0,0.0
1175.56,insufficient_funds,card,0.978,0,13.5,request_alternative_payment,1,1175.56
7278.51,insufficient_funds,wallet,0.842,1,47.02,retry_now,0,0.0
30809.76,card_declined,card,0.879,0,62.22,request_card_update,0,0.0
8342.7,insufficient_funds,card,0.893,2,14.55,request_card_update,0,0.0
16251.23,expired_card,wallet,0.579,0,18.56,request_alternative_payment,0,0.0
5787.9,expired_card,netbanking,0.941,1,19.46,request_alternative_payment,1,5787.9
4715.54,expired_card,card,0.847,3,42.53,retry_now,1,4715.54
6783.24,insufficient_funds,upi,0.517,0,13.03,request_card_update,0,0.0
2603.29,network_error,netbanking,0.761,2,3.37,retry_now,1,2603.29
2312.7,network_error,upi,0.849,0,40.61,request_card_update,1,2312.7
13769.85,insufficient_funds,upi,0.781,1,45.45,retry_now,1,13769.85
14988.93,insufficient_funds,upi,0.793,1,5.0,retry_later,1,14988.93
2262.69,insufficient_funds,wallet,0.797,1,5.07,request_card_update,0,0.0
10846.44,card_declined,upi,0.671,0,13.13,retry_now,1,10846.44
4663.98,expired_card,card,0.899,0,7.13,retry_later,1,4663.98
6561.93,network_error,upi,0.886,0,10.96,request_card_update,1,6561.93
7225.47,insufficient_funds,upi,0.522,2,24.65,retry_now,0,0.0
11077.53,card_declined,upi,0.777,4,5.46,request_card_update,0,0.0
5342.07,insufficient_funds,card,0.536,0,39.07,retry_later,0,0.0
15449.36,insufficient_funds,upi,0.858,0,2.86,retry_now,0,0.0
6404.29,insufficient_funds,upi,0.794,1,10.3,request_card_update,0,0.0
8238.23,card_declined,wallet,0.598,1,3.45,request_alternative_payment,0,0.0
2567.23,network_error,card,0.445,1,12.36,request_alternative_payment,1,2567.23
28116.74,network_error,upi,0.738,1,6.61,retry_later,1,28116.74
7281.22,expired_card,upi,0.739,1,7.69,request_card_update,0,0.0
8844.85,insufficient_funds,card,0.763,0,6.52,request_alternative_payment,0,0.0
1381.11,network_error,upi,0.704,2,13.54,request_alternative_payment,1,1381.11
2589.01,insufficient_funds,card,0.755,2,21.1,request_card_update,1,2589.01
13460.3,card_declined,netbanking,0.763,4,35.06,retry_later,0,0.0
6289.94,card_declined,upi,0.566,2,6.72,request_alternative_payment,0,0.0
1081.57,insufficient_funds,card,0.928,1,23.94,retry_now,1,1081.57
11473.84,insufficient_funds,upi,0.903,1,1.16,request_card_update,1,11473.84
3236.24,insufficient_funds,wallet,0.662,0,10.3,retry_later,1,3236.24
15463.64,insufficient_funds,card,0.873,0,2.11,retry_now,1,15463.64
4660.72,expired_card,wallet,0.679,3,2.73,retry_later,0,0.0
5889.69,insufficient_funds,card,0.781,3,5.44,retry_later,1,5889.69
12840.47,card_declined,card,0.695,4,11.96,retry_now,0,0.0
2438.65,expired_card,upi,0.67,2,9.85,retry_later,1,2438.65
2259.54,card_declined,card,0.695,0,13.41,retry_later,0,0.0
4272.67,card_declined,netbanking,0.963,2,77.21,retry_later,0,0.0
9690.79,expired_card,upi,0.435,1,14.72,request_card_update,0,0.0
1724.15,insufficient_funds,upi,0.857,0,24.11,retry_later,1,1724.15
1316.54,insufficient_funds,upi,0.833,0,13.8,request_card_update,1,1316.54
9664.07,card_declined,upi,0.981,1,10.83,retry_now,1,9664.07
3086.55,card_declined,upi,0.84,2,24.08,request_card_update,0,0.0
3653.4,network_error,upi,0.542,0,31.49,request_alternative_payment,0,0.0
1132.0,insufficient_funds,netbanking,0.888,3,12.01,request_card_update,1,1132.0
2904.48,card_declined,upi,0.469,0,52.63,retry_later,0,0.0
4969.82,network_error,card,0.983,0,3.84,request_card_update,1,4969.82
10524.86,expired_card,upi,0.558,1,45.67,request_alternative_payment,1,10524.86
2697.85,insufficient_funds,card,0.822,1,33.82,retry_later,1,2697.85
18827.88,insufficient_funds,card,0.884,1,19.09,retry_later,1,18827.88
2891.55,expired_card,card,0.935,2,37.29,retry_now,0,0.0
2894.94,card_declined,card,0.644,0,1.3,retry_now,1,2894.94
17104.2,insufficient_funds,card,0.775,1,0.25,retry_later,1,17104.2
5921.6,insufficient_funds,netbanking,0.479,1,21.71,request_alternative_payment,0,0.0
3214.97,network_error,netbanking,0.935,3,2.1,request_alternative_payment,1,3214.97
4416.43,card_declined,card,0.712,2,3.5,request_alternative_payment,1,4416.43
14759.65,card_declined,wallet,0.474,3,26.48,retry_later,0,0.0
16157.76,expired_card,wallet,0.77,3,20.99,request_card_update,0,0.0
2601.28,insufficient_funds,netbanking,0.571,0,19.41,request_card_update,0,0.0
4833.11,insufficient_funds,card,0.784,1,20.06,retry_later,0,0.0
5373.95,card_declined,card,0.792,3,5.82,request_alternative_payment,0,0.0
2271.51,expired_card,upi,0.922,2,0.44,request_alternative_payment,0,0.0
4782.15,insufficient_funds,upi,0.948,3,1.83,retry_now,0,0.0
5021.34,network_error,upi,0.725,0,20.91,request_card_update,1,5021.34
12448.57,insufficient_funds,upi,0.716,1,6.16,request_card_update,0,0.0
13136.28,insufficient_funds,netbanking,0.744,0,24.54,request_alternative_payment,1,13136.28
3842.3,expired_card,wallet,0.74,0,37.71,retry_now,0,0.0
4213.42,insufficient_funds,upi,0.798,1,26.15,retry_now,0,0.0
8506.85,insufficient_funds,wallet,0.746,4,11.01,request_alternative_payment,1,8506.85
3130.8,network_error,netbanking,0.61,2,13.31,retry_later,1,3130.8
8007.27,card_declined,card,0.73,1,19.28,retry_now,0,0.0
4660.45,card_declined,netbanking,0.912,2,7.74,retry_later,0,0.0
2302.32,network_error,card,0.654,1,8.36,retry_now,0,0.0
2325.58,insufficient_funds,card,0.92,0,11.54,retry_now,0,0.0
15912.18,network_error,wallet,0.335,1,24.56,request_alternative_payment,1,15912.18
4411.88,insufficient_funds,card,0.695,0,68.25,retry_later,1,4411.88
18573.23,insufficient_funds,upi,0.586,1,3.39,retry_now,0,0.0
3315.24,network_error,wallet,0.28,1,13.47,request_alternative_payment,1,3315.24
6311.68,insufficient_funds,card,0.858,4,28.01,retry_now,0,0.0
33905.57,expired_card,card,0.802,0,4.3,retry_later,0,0.0
2145.83,expired_card,card,0.929,2,40.25,retry_now,1,2145.83
1095.47,network_error,upi,0.741,0,47.1,retry_now,0,0.0
13995.14,insufficient_funds,card,0.884,1,16.46,request_card_update,0,0.0
2580.52,insufficient_funds,card,0.88,3,23.37,request_card_update,0,0.0
4917.86,expired_card,netbanking,0.601,1,17.03,request_alternative_payment,1,4917.86
3128.97,card_declined,card,0.894,2,8.22,retry_later,1,3128.97
6196.4,network_error,upi,0.926,3,7.11,retry_later,1,6196.4
2337.33,network_error,card,0.479,0,2.18,retry_later,1,2337.33
4329.65,insufficient_funds,upi,0.41,0,28.69,request_alternative_payment,0,0.0
7165.59,insufficient_funds,upi,0.668,1,22.57,retry_now,0,0.0
2231.76,card_declined,card,0.945,1,7.32,retry_later,0,0.0
2855.85,card_declined,card,0.898,1,20.57,request_card_update,0,0.0
3786.84,insufficient_funds,card,0.735,2,27.93,retry_later,0,0.0
1594.22,card_declined,card,0.662,3,5.48,retry_now,0,0.0
3565.8,network_error,card,0.804,1,2.74,retry_later,1,3565.8
5498.5,card_declined,upi,0.914,0,1.64,request_alternative_payment,0,0.0
3632.06,insufficient_funds,card,0.913,2,0.62,request_alternative_payment,0,0.0
4024.24,network_error,card,0.867,1,4.78,request_card_update,1,4024.24
4921.02,network_error,card,0.488,2,29.94,retry_now,0,0.0
2958.98,expired_card,netbanking,0.739,3,1.27,retry_now,1,2958.98
8691.0,insufficient_funds,card,0.805,0,22.57,request_alternative_payment,1,8691.0
15771.75,expired_card,upi,0.714,2,21.72,retry_later,1,15771.75
3448.48,network_error,upi,0.88,0,8.94,request_card_update,1,3448.48
7371.32,network_error,card,0.836,0,21.24,request_card_update,1,7371.32
4127.8,insufficient_funds,card,0.872,2,29.06,request_alternative_payment,0,0.0
6698.13,insufficient_funds,card,0.685,0,43.88,retry_later,0,0.0
17497.56,card_declined,upi,0.782,0,1.92,request_alternative_payment,0,0.0
7510.98,insufficient_funds,card,0.761,1,7.93,request_alternative_payment,0,0.0
1210.1,insufficient_funds,card,0.823,1,8.34,request_card_update,0,0.0
7189.59,expired_card,wallet,0.549,0,25.05,request_card_update,0,0.0
13406.36,insufficient_funds,upi,0.527,0,3.94,retry_now,1,13406.36
4187.74,expired_card,card,0.782,1,1.32,request_card_update,0,0.0
11088.91,card_declined,wallet,0.727,1,36.59,retry_now,0,0.0
2878.72,network_error,card,0.907,1,2.82,retry_later,1,2878.72
1523.49,insufficient_funds,card,0.834,0,50.42,retry_later,1,1523.49
5597.8,card_declined,card,0.662,2,13.32,request_card_update,0,0.0
1226.61,card_declined,wallet,0.889,3,13.54,request_card_update,0,0.0
4127.29,expired_card,card,0.378,2,14.23,retry_later,0,0.0
13997.96,insufficient_funds,netbanking,0.484,0,34.37,request_alternative_payment,1,13997.96
1085.05,insufficient_funds,upi,0.918,1,6.75,request_card_update,0,0.0
1796.5,expired_card,upi,0.981,0,44.59,request_card_update,0,0.0
2189.8,insufficient_funds,card,0.899,1,43.46,request_card_update,1,2189.8
4753.03,card_declined,card,0.934,3,13.47,request_card_update,1,4753.03
3731.7,insufficient_funds,upi,0.791,0,13.43,request_alternative_payment,0,0.0
15313.69,insufficient_funds,card,0.934,3,11.34,retry_now,0,0.0
10728.64,card_declined,upi,0.384,0,36.1,request_alternative_payment,0,0.0
7430.97,card_declined,card,0.66,1,0.25,request_alternative_payment,0,0.0
5617.81,card_declined,netbanking,0.705,1,25.1,request_alternative_payment,1,5617.81
6848.45,card_declined,upi,0.58,1,52.27,retry_now,0,0.0
2508.92,network_error,upi,0.776,1,22.24,retry_now,0,0.0
9926.48,expired_card,upi,0.92,0,16.45,retry_now,1,9926.48
2054.03,insufficient_funds,card,0.749,0,12.0,retry_later,1,2054.03
9754.61,insufficient_funds,card,0.648,2,4.21,retry_later,1,9754.61
12914.52,insufficient_funds,card,0.823,2,0.64,retry_now,0,0.0
5918.78,network_error,upi,0.806,1,7.05,retry_later,0,0.0
4342.57,insufficient_funds,card,0.453,3,61.74,retry_now,0,0.0
6887.35,network_error,card,0.733,0,37.89,retry_later,1,6887.35
506.73,card_declined,card,0.525,3,0.25,retry_later,0,0.0
6367.74,card_declined,card,0.503,1,8.42,retry_now,0,0.0
4566.54,network_error,upi,0.594,3,0.74,retry_later,0,0.0
4801.53,card_declined,upi,0.934,1,10.19,retry_now,1,4801.53
8799.23,card_declined,card,0.922,2,8.95,retry_later,0,0.0
4709.69,insufficient_funds,card,0.699,4,15.74,request_card_update,0,0.0
2008.27,card_declined,upi,0.778,3,5.23,request_alternative_payment,0,0.0
4465.21,insufficient_funds,upi,0.937,0,18.09,retry_now,1,4465.21
5277.66,network_error,netbanking,0.922,2,42.65,retry_later,1,5277.66
5481.53,card_declined,netbanking,0.672,1,7.37,request_card_update,0,0.0
5691.5,insufficient_funds,netbanking,0.709,0,1.63,request_alternative_payment,0,0.0
11483.75,insufficient_funds,netbanking,0.915,2,2.78,request_alternative_payment,0,0.0
2097.21,card_declined,netbanking,0.899,1,3.87,request_alternative_payment,0,0.0
5754.59,expired_card,upi,0.882,1,0.35,request_card_update,0,0.0
14032.58,insufficient_funds,upi,0.631,2,17.58,request_alternative_payment,1,14032.58
1248.26,insufficient_funds,upi,0.942,2,19.83,request_alternative_payment,0,0.0
5772.79,card_declined,card,0.44,1,2.97,request_alternative_payment,0,0.0
3130.32,expired_card,card,0.885,1,12.18,request_card_update,0,0.0
3716.82,network_error,wallet,0.734,1,6.04,retry_later,0,0.0
2424.42,insufficient_funds,upi,0.535,2,25.16,retry_now,0,0.0
4365.78,card_declined,card,0.706,3,15.9,request_alternative_payment,0,0.0
21811.61,network_error,card,0.77,0,36.25,retry_later,1,21811.61
1818.28,network_error,card,0.644,0,2.45,retry_later,0,0.0
1961.58,card_declined,card,0.926,1,7.0,request_alternative_payment,1,1961.58
1764.54,network_error,upi,0.976,1,8.88,request_card_update,1,1764.54
19913.0,card_declined,upi,0.784,0,6.14,retry_now,1,19913.0
3454.11,insufficient_funds,upi,0.597,0,14.52,request_card_update,0,0.0
4898.49,insufficient_funds,card,0.686,1,2.36,request_alternative_payment,0,0.0
3622.67,card_declined,card,0.477,1,27.32,request_card_update,0,0.0
2348.79,insufficient_funds,card,0.83,1,11.42,request_card_update,0,0.0
4142.57,card_declined,card,0.508,2,96.0,request_card_update,0,0.0
35731.51,network_error,upi,0.583,0,26.6,request_card_update,0,0.0
15227.37,network_error,card,0.687,1,2.65,request_alternative_payment,1,15227.37
2527.14,insufficient_funds,wallet,0.61,1,61.32,retry_later,0,0.0
8393.83,insufficient_funds,upi,0.477,3,17.95,request_alternative_payment,0,0.0
2570.81,network_error,card,0.831,4,1.8,retry_later,0,0.0
1207.25,card_declined,card,0.686,2,28.09,retry_later,1,1207.25
11302.76,insufficient_funds,card,0.772,1,2.27,request_card_update,1,11302.76
12648.17,network_error,card,0.937,3,5.7,request_card_update,1,12648.17
11545.31,insufficient_funds,wallet,0.72,0,15.15,retry_now,1,11545.31
3433.38,insufficient_funds,upi,0.794,1,13.88,retry_later,1,3433.38
4375.48,network_error,netbanking,0.83,3,2.17,request_alternative_payment,1,4375.48
9108.89,card_declined,upi,0.655,1,2.83,request_alternative_payment,0,0.0
6838.95,card_declined,wallet,0.789,1,3.85,retry_now,0,0.0
3649.27,network_error,netbanking,0.911,0,2.26,request_alternative_payment,0,0.0
1369.14,expired_card,card,0.834,2,5.07,request_alternative_payment,0,0.0
5476.89,insufficient_funds,card,0.932,0,12.49,retry_later,0,0.0
11853.77,card_declined,card,0.658,0,18.66,retry_later,0,0.0
1918.16,insufficient_funds,card,0.816,0,47.88,retry_later,1,1918.16
8334.85,card_declined,upi,0.683,1,5.81,retry_later,1,8334.85
6518.68,card_declined,card,0.964,3,8.28,retry_now,1,6518.68
9111.67,card_declined,netbanking,0.703,0,25.75,request_card_update,0,0.0
10044.43,insufficient_funds,card,0.704,2,9.77,request_alternative_payment,1,10044.43
2868.72,network_error,netbanking,0.873,1,32.2,retry_now,1,2868.72
1371.45,card_declined,card,0.78,1,35.98,request_card_update,0,0.0
3262.92,expired_card,card,0.793,2,22.65,request_alternative_payment,0,0.0
10183.2,card_declined,netbanking,0.689,2,17.27,retry_now,0,0.0
3240.85,network_error,card,0.441,2,25.41,retry_now,0,0.0
2869.69,card_declined,upi,0.505,0,5.06,request_card_update,1,2869.69
1164.58,card_declined,netbanking,0.64,0,11.15,retry_later,0,0.0
20318.99,network_error,card,0.798,2,34.67,retry_now,0,0.0
9679.49,network_error,card,0.589,0,4.75,retry_later,0,0.0
9256.77,card_declined,card,0.878,4,5.41,retry_now,1,9256.77
10844.07,card_declined,card,0.831,1,4.69,request_alternative_payment,1,10844.07
7931.2,card_declined,wallet,0.443,1,1.61,request_card_update,0,0.0
4112.27,card_declined,netbanking,0.648,1,4.88,request_alternative_payment,0,0.0
4386.04,card_declined,card,0.449,0,3.98,request_card_update,0,0.0
3551.56,network_error,upi,0.783,2,43.69,request_card_update,0,0.0
41150.27,card_declined,wallet,0.907,1,12.04,retry_now,0,0.0
7800.34,card_declined,card,0.602,0,28.42,retry_later,0,0.0
3450.08,card_declined,card,0.696,2,16.46,retry_now,0,0.0
7256.05,expired_card,netbanking,0.77,2,6.12,request_alternative_payment,0,0.0
2227.19,insufficient_funds,upi,0.826,1,7.6,retry_later,0,0.0
16660.54,insufficient_funds,card,0.799,1,1.72,retry_now,0,0.0
2946.4,insufficient_funds,upi,0.778,2,12.81,retry_now,0,0.0
7465.6,network_error,card,0.603,0,16.05,request_alternative_payment,1,7465.6
11730.83,card_declined,upi,0.635,3,18.51,retry_later,1,11730.83
6802.25,card_declined,upi,0.629,1,52.21,request_card_update,0,0.0
5392.53,insufficient_funds,card,0.729,3,2.06,request_alternative_payment,0,0.0
5043.4,expired_card,netbanking,0.79,3,31.69,request_card_update,1,5043.4
4779.26,card_declined,upi,0.966,0,20.6,retry_now,0,0.0
3152.13,card_declined,upi,0.972,0,8.73,request_card_update,1,3152.13
3489.82,insufficient_funds,upi,0.79,2,2.15,retry_later,0,0.0
16331.74,insufficient_funds,upi,0.792,0,44.64,request_alternative_payment,0,0.0
4584.17,insufficient_funds,card,0.657,1,4.44,retry_later,1,4584.17
2666.59,card_declined,card,0.906,0,7.45,request_card_update,0,0.0
3308.19,card_declined,upi,0.789,4,5.57,request_card_update,0,0.0
12058.07,insufficient_funds,upi,0.585,0,8.64,retry_now,1,12058.07
8584.2,insufficient_funds,card,0.798,0,8.77,request_alternative_payment,1,8584.2
7827.95,insufficient_funds,wallet,0.784,1,21.44,retry_now,1,7827.95
4069.1,card_declined,netbanking,0.733,0,14.62,retry_later,1,4069.1
7910.0,insufficient_funds,card,0.886,2,27.6,request_alternative_payment,0,0.0
2987.95,insufficient_funds,card,0.592,0,23.1,retry_now,0,0.0
4062.29,insufficient_funds,upi,0.925,2,8.99,request_card_update,0,0.0
10862.12,network_error,card,0.556,1,29.56,request_card_update,0,0.0
10062.95,expired_card,wallet,0.706,3,66.91,request_alternative_payment,0,0.0
2279.39,card_declined,upi,0.712,3,13.68,retry_later,0,0.0
2521.91,insufficient_funds,card,0.915,2,10.67,request_card_update,1,2521.91
5454.27,expired_card,card,0.564,1,15.99,request_alternative_payment,0,0.0
19892.52,expired_card,card,0.53,1,15.78,request_alternative_payment,1,19892.52
1080.03,card_declined,upi,0.887,0,18.44,request_alternative_payment,0,0.0
6247.02,insufficient_funds,card,0.652,3,18.56,retry_now,0,0.0
1662.97,network_error,netbanking,0.764,4,34.62,request_card_update,1,1662.97
3010.1,expired_card,upi,0.736,0,19.27,request_card_update,1,3010.1
3735.55,network_error,wallet,0.935,1,0.37,request_alternative_payment,1,3735.55
3571.66,card_declined,card,0.815,1,16.48,retry_later,0,0.0
3262.2,card_declined,card,0.823,1,3.97,retry_later,0,0.0
5028.91,expired_card,netbanking,0.9,1,28.02,request_card_update,0,0.0
3258.39,insufficient_funds,card,0.871,1,26.69,retry_now,1,3258.39
1551.89,insufficient_funds,card,0.909,2,6.46,request_card_update,1,1551.89
9330.92,network_error,wallet,0.64,1,0.45,retry_now,1,9330.92
9131.55,insufficient_funds,netbanking,0.657,0,4.84,request_alternative_payment,1,9131.55
9815.64,card_declined,netbanking,0.545,0,5.36,request_alternative_payment,0,0.0
1457.69,insufficient_funds,card,0.622,0,79.89,request_card_update,1,1457.69
6350.75,insufficient_funds,upi,0.784,1,14.8,retry_later,0,0.0
8586.76,insufficient_funds,upi,0.686,1,21.13,request_alternative_payment,0,0.0
2191.26,card_declined,upi,0.751,0,5.22,retry_later,0,0.0
5036.83,card_declined,card,0.376,0,2.6,request_card_update,0,0.0
4555.91,card_declined,netbanking,0.609,3,5.29,request_alternative_payment,0,0.0
21827.23,insufficient_funds,card,0.757,3,15.98,retry_now,0,0.0
23313.55,expired_card,upi,0.821,1,5.51,request_card_update,0,0.0
1320.42,card_declined,netbanking,0.804,0,0.25,request_card_update,1,1320.42
36766.22,expired_card,netbanking,0.747,2,14.02,retry_now,0,0.0
2404.3,card_declined,card,0.877,0,7.82,retry_later,1,2404.3
10956.98,insufficient_funds,upi,0.976,3,22.08,retry_now,0,0.0
10868.15,network_error,upi,0.862,1,4.8,request_alternative_payment,1,10868.15
2254.4,network_error,card,0.896,0,14.56,retry_now,1,2254.4
7419.06,insufficient_funds,card,0.48,0,19.28,retry_now,0,0.0
4587.85,card_declined,upi,0.845,2,35.07,retry_later,0,0.0
7790.48,network_error,netbanking,0.749,0,3.92,retry_now,0,0.0
6013.31,insufficient_funds,wallet,0.804,1,47.64,retry_now,1,6013.31
13020.3,card_declined,card,0.712,0,36.89,request_alternative_payment,1,13020.3
5310.88,insufficient_funds,card,0.87,3,0.48,retry_later,1,5310.88
4371.64,insufficient_funds,card,0.885,2,40.47,request_alternative_payment,0,0.0
12016.6,expired_card,wallet,0.887,0,47.26,retry_now,1,12016.6
7954.63,card_declined,netbanking,0.638,1,16.06,request_card_update,0,0.0
8979.0,network_error,wallet,0.739,1,17.95,retry_later,1,8979.0
2938.12,network_error,upi,0.574,0,4.21,retry_now,1,2938.12
2166.75,expired_card,card,0.798,1,6.79,retry_later,0,0.0
3174.85,card_declined,upi,0.829,1,7.34,retry_later,0,0.0
3042.81,card_declined,card,0.86,0,1.02,request_card_update,0,0.0
9378.29,insufficient_funds,card,0.567,3,44.47,retry_now,1,9378.29
10915.95,card_declined,card,0.635,0,51.43,request_alternative_payment,1,10915.95
4416.44,card_declined,card,0.769,2,28.85,retry_now,0,0.0
15708.05,network_error,card,0.928,4,37.69,request_card_update,0,0.0
14942.56,card_declined,wallet,0.925,0,12.92,request_card_update,1,14942.56
6074.85,insufficient_funds,upi,0.888,0,8.59,request_alternative_payment,0,0.0
2590.69,expired_card,netbanking,0.926,2,10.3,request_alternative_payment,0,0.0
17632.42,network_error,card,0.678,1,28.18,retry_later,0,0.0
4761.79,card_declined,upi,0.29,2,33.8,request_card_update,0,0.0
5531.01,network_error,card,0.585,1,8.59,request_card_update,1,5531.01
3810.48,card_declined,card,0.62,3,3.27,request_alternative_payment,1,3810.48
2453.72,network_error,card,0.908,0,23.82,request_card_update,1,2453.72
1544.23,card_declined,card,0.887,1,2.37,request_alternative_payment,0,0.0
8295.66,card_declined,netbanking,0.87,3,79.68,retry_now,0,0.0
2671.71,insufficient_funds,netbanking,0.792,0,28.82,request_alternative_payment,0,0.0
50000.0,insufficient_funds,card,0.765,1,7.5,retry_now,0,0.0
2097.15,network_error,upi,0.871,1,94.42,request_alternative_payment,0,0.0
1828.57,card_declined,card,0.901,1,19.22,request_card_update,0,0.0
7519.87,insufficient_funds,card,0.808,0,2.72,retry_later,1,7519.87
16994.48,insufficient_funds,upi,0.753,1,20.45,request_card_update,1,16994.48
5265.15,card_declined,netbanking,0.7,1,3.22,request_card_update,0,0.0
7902.92,network_error,netbanking,0.648,1,2.27,retry_later,0,0.0
1144.08,card_declined,card,0.766,0,47.89,request_alternative_payment,1,1144.08
2907.89,network_error,upi,0.922,1,42.18,request_alternative_payment,0,0.0
2118.15,expired_card,card,0.823,1,42.66,retry_now,1,2118.15
1097.9,insufficient_funds,card,0.41,2,3.46,request_card_update,0,0.0
5490.52,network_error,card,0.478,3,12.79,retry_later,1,5490.52
831.25,insufficient_funds,card,0.94,0,9.09,retry_later,0,0.0
1736.17,card_declined,card,0.877,3,14.09,retry_now,0,0.0
3253.34,insufficient_funds,card,0.616,3,13.26,retry_now,1,3253.34
2571.29,insufficient_funds,upi,0.935,1,6.06,retry_later,0,0.0
6865.88,insufficient_funds,card,0.615,1,14.55,request_alternative_payment,0,0.0
6384.68,insufficient_funds,card,0.504,0,12.78,request_card_update,0,0.0
10221.33,network_error,wallet,0.806,1,33.4,retry_now,0,0.0
9127.98,card_declined,netbanking,0.73,2,23.01,retry_later,0,0.0
12454.58,expired_card,card,0.866,0,43.79,retry_now,0,0.0
4992.33,card_declined,card,0.645,3,32.99,request_alternative_payment,0,0.0
6373.9,card_declined,card,0.857,1,21.76,request_alternative_payment,0,0.0
7528.15,insufficient_funds,wallet,0.753,1,22.34,request_card_update,0,0.0
5599.98,card_declined,card,0.662,1,23.11,request_card_update,0,0.0
3638.9,card_declined,card,0.69,0,43.76,retry_later,0,0.0
3832.37,expired_card,upi,0.888,1,8.62,retry_now,0,0.0
2599.69,expired_card,upi,0.462,1,61.16,request_alternative_payment,0,0.0
7005.75,insufficient_funds,card,0.371,1,5.56,retry_now,0,0.0
4637.73,card_declined,card,0.604,1,0.34,request_card_update,0,0.0
2941.44,card_declined,card,0.611,0,8.09,retry_later,0,0.0
2943.63,card_declined,card,0.922,2,0.85,retry_later,1,2943.63
1898.6,insufficient_funds,card,0.459,1,13.52,retry_now,1,1898.6
10940.93,network_error,netbanking,0.705,3,24.47,request_alternative_payment,1,10940.93
5324.57,network_error,netbanking,0.904,1,1.41,retry_now,0,0.0
2507.28,insufficient_funds,upi,0.881,0,6.47,retry_later,0,0.0
9547.47,card_declined,upi,0.777,2,30.55,retry_later,1,9547.47
3193.38,insufficient_funds,upi,0.763,3,43.34,retry_now,0,0.0
1622.94,expired_card,card,0.633,1,0.38,request_card_update,0,0.0
11318.24,insufficient_funds,upi,0.907,1,35.58,request_card_update,1,11318.24
3253.59,insufficient_funds,card,0.83,1,18.79,request_alternative_payment,0,0.0
3604.99,insufficient_funds,card,0.797,3,21.18,request_card_update,0,0.0
5167.46,network_error,card,0.898,0,25.28,retry_later,1,5167.46
12472.29,network_error,upi,0.859,0,5.59,request_card_update,1,12472.29
5080.79,insufficient_funds,upi,0.62,2,16.43,request_card_update,1,5080.79
1915.82,insufficient_funds,upi,0.989,0,17.31,retry_now,1,1915.82
7725.6,network_error,upi,0.689,2,14.18,retry_later,1,7725.6
3392.09,card_declined,netbanking,0.762,3,3.91,request_alternative_payment,0,0.0
22641.33,insufficient_funds,card,0.753,0,28.44,request_alternative_payment,0,0.0
4995.52,expired_card,card,0.885,3,8.71,request_alternative_payment,1,4995.52
836.45,insufficient_funds,netbanking,0.635,2,8.8,request_alternative_payment,0,0.0
6654.74,card_declined,upi,0.934,2,32.83,retry_now,1,6654.74
23691.5,insufficient_funds,card,0.45,1,10.28,request_card_update,1,23691.5
17640.09,network_error,card,0.802,0,2.25,retry_now,0,0.0
21632.6,network_error,wallet,0.85,1,5.5,request_card_update,0,0.0
2211.41,card_declined,card,0.854,0,52.11,request_alternative_payment,0,0.0
10372.52,network_error,netbanking,0.748,1,31.98,retry_later,0,0.0
2806.23,expired_card,netbanking,0.782,1,22.28,retry_later,0,0.0
5982.68,network_error,netbanking,0.717,3,32.89,request_alternative_payment,1,5982.68
1805.93,card_declined,card,0.853,0,7.09,retry_now,1,1805.93
2985.82,card_declined,upi,0.879,0,5.02,retry_later,0,0.0
2910.84,expired_card,card,0.824,0,12.23,request_card_update,0,0.0
10260.3,insufficient_funds,card,0.738,2,11.78,retry_later,0,0.0
9487.86,insufficient_funds,card,0.642,1,7.82,retry_later,0,0.0
6239.46,insufficient_funds,card,0.688,0,0.25,retry_later,0,0.0
1697.41,network_error,card,0.938,2,17.53,request_card_update,0,0.0
3896.69,insufficient_funds,upi,0.894,0,96.0,retry_now,0,0.0
2752.6,insufficient_funds,card,0.966,1,6.37,retry_later,1,2752.6
10025.97,card_declined,card,0.9,1,44.42,retry_now,0,0.0
12832.56,insufficient_funds,card,0.689,3,14.21,retry_now,0,0.0
11641.15,insufficient_funds,upi,0.782,1,4.03,retry_now,0,0.0
2732.62,card_declined,card,0.75,2,10.01,retry_later,0,0.0
558.67,insufficient_funds,upi,0.81,0,5.45,retry_now,1,558.67
1216.37,expired_card,card,0.669,1,19.85,request_card_update,1,1216.37
15591.71,insufficient_funds,upi,0.982,1,5.91,retry_later,0,0.0
3627.1,network_error,netbanking,0.921,0,62.57,retry_later,0,0.0
2742.47,card_declined,upi,0.882,3,10.42,request_alternative_payment,0,0.0
18607.53,insufficient_funds,upi,0.762,2,2.5,retry_later,0,0.0
13757.25,insufficient_funds,wallet,0.653,1,11.92,request_card_update,1,13757.25
5098.76,card_declined,card,0.847,0,71.63,request_alternative_payment,0,0.0
3953.95,card_declined,card,0.863,2,4.15,request_card_update,1,3953.95
4498.56,insufficient_funds,wallet,0.647,1,37.81,request_alternative_payment,0,0.0
5996.45,expired_card,netbanking,0.659,2,24.8,retry_later,0,0.0
17983.88,card_declined,upi,0.768,2,1.79,request_alternative_payment,0,0.0
7010.52,expired_card,card,0.778,2,6.76,retry_now,1,7010.52
8937.55,insufficient_funds,card,0.772,1,1.86,retry_now,1,8937.55
12741.37,insufficient_funds,netbanking,0.773,3,54.21,retry_now,0,0.0
1961.48,card_declined,upi,0.671,1,0.29,retry_now,1,1961.48
9146.1,insufficient_funds,card,0.58,2,18.68,request_card_update,1,9146.1
3950.27,insufficient_funds,card,0.559,1,29.38,retry_now,0,0.0
668.02,insufficient_funds,netbanking,0.699,3,16.78,request_card_update,0,0.0
911.1,insufficient_funds,upi,0.78,1,1.97,request_card_update,0,0.0
2214.32,network_error,wallet,0.894,0,2.58,request_card_update,1,2214.32
7647.79,insufficient_funds,card,0.755,4,8.49,request_alternative_payment,1,7647.79
5476.56,expired_card,card,0.925,0,19.11,request_card_update,0,0.0
5794.63,insufficient_funds,card,0.932,3,2.71,retry_now,0,0.0
23812.07,card_declined,upi,0.904,2,11.76,request_card_update,0,0.0
1811.52,card_declined,card,0.356,1,6.68,retry_now,1,1811.52
4891.46,card_declined,card,0.904,0,5.86,retry_later,1,4891.46
6378.84,expired_card,card,0.777,0,86.95,retry_later,0,0.0
2774.36,network_error,card,0.887,0,49.61,retry_later,1,2774.36
5114.6,insufficient_funds,netbanking,0.588,3,2.87,request_alternative_payment,0,0.0
1390.24,card_declined,card,0.954,0,19.19,request_card_update,0,0.0
15446.2,network_error,upi,0.501,0,1.67,request_alternative_payment,0,0.0
2898.36,insufficient_funds,upi,0.901,0,4.66,request_card_update,1,2898.36
25395.15,card_declined,card,0.599,1,19.03,request_alternative_payment,1,25395.15
4871.78,insufficient_funds,upi,0.719,1,27.0,retry_later,0,0.0
11380.27,card_declined,netbanking,0.795,2,17.09,request_alternative_payment,0,0.0
4791.27,card_declined,upi,0.868,3,6.99,request_alternative_payment,0,0.0
4878.52,card_declined,upi,0.782,0,7.04,retry_later,0,0.0
3133.7,expired_card,netbanking,0.77,1,22.57,retry_now,1,3133.7
5499.94,card_declined,wallet,0.936,1,10.52,retry_later,1,5499.94
6448.43,expired_card,netbanking,0.842,0,0.45,retry_now,0,0.0
2669.87,network_error,card,0.531,0,39.92,request_alternative_payment,0,0.0
4524.03,card_declined,upi,0.74,2,8.88,retry_later,0,0.0
3069.02,card_declined,upi,0.813,0,27.86,request_card_update,1,3069.02
31474.23,card_declined,card,0.814,3,23.92,request_card_update,0,0.0
4653.66,network_error,card,0.928,2,78.75,request_card_update,0,0.0
17212.29,insufficient_funds,netbanking,0.833,0,1.15,request_alternative_payment,0,0.0
4275.67,expired_card,card,0.644,0,5.15,request_card_update,0,0.0
6152.56,card_declined,netbanking,0.637,0,10.35,request_card_update,1,6152.56
1737.33,card_declined,wallet,0.506,0,11.48,request_card_update,1,1737.33
3496.56,card_declined,card,0.861,2,6.33,retry_later,0,0.0
5917.21,card_declined,card,0.8,2,1.67,retry_later,0,0.0
17782.97,network_error,wallet,0.702,0,23.55,retry_now,1,17782.97
5971.66,network_error,card,0.777,1,17.51,request_alternative_payment,0,0.0
15125.99,insufficient_funds,netbanking,0.401,1,21.11,retry_later,1,15125.99
8347.99,card_declined,card,0.424,0,2.87,request_card_update,1,8347.99
18381.76,card_declined,card,0.88,0,30.09,retry_later,1,18381.76
4769.32,card_declined,card,0.993,0,11.03,retry_now,0,0.0
33839.07,card_declined,card,0.733,3,13.93,request_alternative_payment,0,0.0
3390.99,insufficient_funds,wallet,0.726,0,7.03,retry_later,1,3390.99
2708.16,network_error,card,0.933,0,7.41,request_card_update,1,2708.16
1899.13,card_declined,card,0.7,1,2.0,request_alternative_payment,0,0.0
32273.86,card_declined,upi,0.644,0,3.09,retry_later,0,0.0
9631.09,network_error,wallet,0.884,0,7.69,request_alternative_payment,1,9631.09
3827.23,network_error,card,0.834,4,23.24,request_card_update,0,0.0
13580.79,network_error,netbanking,0.804,3,12.47,retry_later,0,0.0
8667.6,insufficient_funds,card,0.821,0,2.62,request_card_update,0,0.0
24103.09,insufficient_funds,netbanking,0.785,0,5.33,retry_now,0,0.0
1449.43,network_error,upi,0.733,3,4.96,retry_now,1,1449.43
4043.66,insufficient_funds,netbanking,0.698,1,29.4,retry_now,0,0.0
3453.61,insufficient_funds,upi,0.55,1,63.65,request_card_update,0,0.0
1030.96,insufficient_funds,wallet,0.664,0,4.02,retry_later,0,0.0
11677.92,insufficient_funds,card,0.784,1,0.26,request_card_update,0,0.0
4027.4,expired_card,upi,0.787,0,14.98,retry_later,0,0.0
9035.33,insufficient_funds,upi,0.899,1,23.67,request_card_update,0,0.0
33024.69,insufficient_funds,card,0.957,3,0.77,request_alternative_payment,0,0.0
3769.13,expired_card,wallet,0.798,1,47.73,retry_later,0,0.0
3569.82,expired_card,netbanking,0.621,2,46.76,request_card_update,0,0.0
5497.92,insufficient_funds,netbanking,0.533,1,6.69,request_alternative_payment,1,5497.92
11014.76,expired_card,card,0.671,1,17.78,retry_later,0,0.0
3177.41,insufficient_funds,netbanking,0.783,3,10.69,request_alternative_payment,0,0.0
3018.22,network_error,card,0.747,4,21.54,request_card_update,1,3018.22
11648.64,insufficient_funds,wallet,0.544,0,6.31,request_card_update,0,0.0
6768.97,card_declined,card,0.802,4,6.06,retry_now,1,6768.97
974.0,insufficient_funds,upi,0.791,4,0.25,request_alternative_payment,0,0.0
1875.97,network_error,card,0.939,0,16.61,request_alternative_payment,1,1875.97
16617.01,insufficient_funds,upi,0.81,1,7.45,request_card_update,0,0.0
6896.27,card_declined,card,0.529,0,7.55,request_card_update,0,0.0
2717.42,network_error,netbanking,0.801,0,24.52,request_card_update,0,0.0
4362.78,insufficient_funds,netbanking,0.939,0,9.25,retry_now,1,4362.78
5053.23,expired_card,card,0.935,0,34.39,retry_now,1,5053.23
9007.2,card_declined,netbanking,0.66,3,7.95,request_card_update,0,0.0
1686.79,insufficient_funds,upi,0.878,0,1.84,request_card_update,0,0.0
2551.49,insufficient_funds,card,0.84,2,10.69,request_card_update,1,2551.49
6220.2,insufficient_funds,card,0.721,3,8.03,request_alternative_payment,1,6220.2
4616.19,insufficient_funds,card,0.829,1,30.04,request_alternative_payment,0,0.0
7900.49,card_declined,card,0.864,2,4.52,request_card_update,1,7900.49
1869.8,card_declined,upi,0.758,1,58.76,retry_now,1,1869.8
6653.49,card_declined,upi,0.783,0,14.85,retry_later,0,0.0
11973.61,card_declined,card,0.653,2,3.41,retry_now,0,0.0
7380.88,network_error,wallet,0.95,1,2.96,request_card_update,0,0.0
5588.59,insufficient_funds,card,0.779,2,0.25,retry_later,1,5588.59
4630.81,card_declined,netbanking,0.674,0,1.98,request_card_update,0,0.0
2563.97,expired_card,netbanking,0.585,1,5.21,retry_now,0,0.0
4720.14,insufficient_funds,netbanking,0.951,1,72.75,request_card_update,1,4720.14
13697.35,card_declined,upi,0.775,3,10.83,retry_now,1,13697.35
4545.85,expired_card,card,0.555,3,2.21,request_card_update,0,0.0
2453.69,card_declined,netbanking,0.57,0,16.79,request_card_update,0,0.0
3372.45,expired_card,upi,0.632,2,19.7,retry_now,0,0.0
5871.55,insufficient_funds,netbanking,0.711,0,8.32,retry_later,1,5871.55
3708.5,card_declined,card,0.717,2,10.84,retry_now,0,0.0
7371.94,insufficient_funds,upi,0.774,0,5.7,request_alternative_payment,1,7371.94
7596.69,insufficient_funds,card,0.79,1,40.05,request_card_update,1,7596.69
10182.03,expired_card,upi,0.745,1,4.77,retry_now,0,0.0
15615.84,insufficient_funds,netbanking,0.921,2,8.99,request_alternative_payment,0,0.0
11090.9,expired_card,card,0.915,1,6.13,retry_later,0,0.0
2368.0,network_error,card,0.54,3,0.45,request_alternative_payment,1,2368.0
2426.89,expired_card,card,0.9,0,48.4,request_card_update,0,0.0
4705.92,expired_card,card,0.574,0,8.29,retry_later,0,0.0
3485.1,card_declined,card,0.641,0,4.19,request_alternative_payment,0,0.0
2011.29,expired_card,card,0.899,0,10.08,retry_now,1,2011.29
3511.64,network_error,card,0.794,1,14.37,retry_now,1,3511.64
3420.64,card_declined,upi,0.831,1,5.21,request_alternative_payment,1,3420.64
2921.1,network_error,netbanking,0.491,1,20.85,request_alternative_payment,0,0.0
3883.77,insufficient_funds,card,0.735,4,27.94,request_alternative_payment,0,0.0
12835.29,insufficient_funds,card,0.802,2,23.48,request_alternative_payment,0,0.0
5863.98,insufficient_funds,netbanking,0.898,1,19.65,request_alternative_payment,1,5863.98
36121.39,card_declined,card,0.812,2,3.81,request_card_update,0,0.0
5730.74,insufficient_funds,card,0.715,0,14.27,retry_now,0,0.0
3964.52,card_declined,upi,0.656,0,6.17,retry_later,0,0.0
5016.56,network_error,wallet,0.776,3,7.05,retry_later,0,0.0
6138.81,network_error,card,0.726,4,12.35,request_alternative_payment,0,0.0
7082.6,expired_card,wallet,0.819,3,7.55,retry_later,0,0.0
26332.58,expired_card,card,0.522,1,15.32,request_alternative_payment,0,0.0
2542.59,expired_card,card,0.752,2,56.44,retry_later,0,0.0
9941.07,card_declined,card,0.84,0,2.81,retry_later,1,9941.07
5904.05,insufficient_funds,netbanking,0.871,1,11.87,retry_now,1,5904.05
1422.7,expired_card,upi,0.633,1,12.92,retry_later,0,0.0
9262.71,insufficient_funds,upi,0.715,1,9.95,request_alternative_payment,1,9262.71
13784.39,insufficient_funds,wallet,0.855,0,38.2,request_card_update,0,0.0
2518.58,insufficient_funds,upi,0.685,1,20.42,retry_now,0,0.0
4964.39,card_declined,card,0.983,0,24.27,request_card_update,0,0.0
1257.54,network_error,upi,0.715,2,13.68,request_card_update,0,0.0
1826.48,insufficient_funds,card,0.703,1,3.46,request_alternative_payment,1,1826.48
11563.59,network_error,upi,0.858,1,4.06,request_alternative_payment,0,0.0
3442.87,insufficient_funds,netbanking,0.883,3,18.21,retry_now,0,0.0
2059.36,insufficient_funds,upi,0.819,4,0.27,request_card_update,0,0.0
6007.49,insufficient_funds,card,0.865,2,16.34,request_alternative_payment,0,0.0
3292.04,insufficient_funds,upi,0.805,1,8.22,retry_later,1,3292.04
3430.76,network_error,card,0.695,1,0.25,request_alternative_payment,1,3430.76
9033.13,insufficient_funds,card,0.893,1,6.66,retry_later,0,0.0
1973.98,insufficient_funds,upi,0.614,2,13.15,retry_now,1,1973.98
2423.34,insufficient_funds,card,0.942,2,12.39,retry_later,1,2423.34
5655.92,network_error,card,0.398,0,19.53,retry_now,0,0.0
10858.69,expired_card,upi,0.794,1,1.3,retry_later,1,10858.69
13463.28,network_error,card,0.856,2,10.33,retry_later,0,0.0
2937.0,card_declined,card,0.821,0,35.24,request_card_update,0,0.0
10583.96,expired_card,wallet,0.943,0,33.16,retry_later,0,0.0
2670.12,insufficient_funds,card,0.945,2,62.68,request_card_update,1,2670.12
21550.64,insufficient_funds,card,0.896,3,26.88,retry_now,1,21550.64
2018.63,card_declined,netbanking,0.909,0,28.5,request_card_update,0,0.0
14472.08,insufficient_funds,card,0.907,3,12.73,retry_later,0,0.0
2957.22,card_declined,wallet,0.951,3,46.69,request_card_update,0,0.0
25029.0,card_declined,upi,0.625,0,96.0,retry_now,0,0.0
8024.46,insufficient_funds,upi,0.827,0,4.12,retry_now,0,0.0
2218.04,card_declined,card,0.698,1,34.95,request_alternative_payment,0,0.0
3292.5,card_declined,card,0.619,2,15.88,request_alternative_payment,0,0.0
9340.72,insufficient_funds,netbanking,0.628,1,3.17,retry_later,0,0.0
11606.36,expired_card,card,0.926,2,0.37,retry_later,0,0.0
4724.99,network_error,netbanking,0.725,0,13.7,retry_later,0,0.0
5181.86,insufficient_funds,netbanking,0.944,0,31.39,retry_later,1,5181.86
9171.68,insufficient_funds,upi,0.801,2,2.21,request_card_update,0,0.0
5555.99,insufficient_funds,card,0.765,1,3.95,retry_later,0,0.0
1776.48,insufficient_funds,upi,0.928,1,9.95,request_card_update,1,1776.48
2609.24,insufficient_funds,upi,0.936,2,26.66,retry_later,0,0.0
6034.75,insufficient_funds,card,0.615,0,11.61,request_alternative_payment,1,6034.75
13221.23,network_error,netbanking,0.791,1,10.8,retry_now,0,0.0
18214.61,network_error,card,0.747,3,15.73,request_alternative_payment,0,0.0
9328.38,network_error,wallet,0.675,3,12.37,retry_now,1,9328.38
6291.95,card_declined,card,0.758,1,6.36,retry_later,1,6291.95
9101.95,network_error,card,0.532,1,3.09,retry_later,0,0.0
2933.03,network_error,upi,0.428,0,11.38,request_card_update,1,2933.03
4423.15,expired_card,card,0.663,0,62.67,request_alternative_payment,0,0.0
2586.05,network_error,card,0.781,0,10.73,retry_now,1,2586.05
1841.25,network_error,card,0.837,1,72.44,request_card_update,0,0.0
6529.15,network_error,netbanking,0.617,4,0.75,request_card_update,1,6529.15
5799.95,card_declined,card,0.75,0,3.56,retry_now,0,0.0
8667.32,insufficient_funds,upi,0.847,4,16.74,retry_now,1,8667.32
7739.42,insufficient_funds,upi,0.772,1,47.66,retry_now,0,0.0
6071.18,card_declined,upi,0.749,0,6.06,retry_now,1,6071.18
7804.74,insufficient_funds,card,0.513,0,3.42,request_alternative_payment,1,7804.74
4832.15,insufficient_funds,card,0.58,1,5.91,retry_now,0,0.0
6957.02,insufficient_funds,wallet,0.686,0,12.01,request_card_update,0,0.0
2796.93,insufficient_funds,netbanking,0.528,2,5.27,retry_later,0,0.0
6720.77,expired_card,wallet,0.508,0,3.81,retry_now,0,0.0
8534.97,card_declined,upi,0.888,2,12.7,request_alternative_payment,0,0.0
2926.17,insufficient_funds,netbanking,0.969,0,15.52,request_card_update,1,2926.17
5211.69,card_declined,wallet,0.72,1,35.12,retry_later,0,0.0
3036.05,insufficient_funds,upi,0.662,1,5.2,request_alternative_payment,0,0.0
3281.28,network_error,wallet,0.77,2,5.61,request_card_update,0,0.0
2032.96,card_declined,card,0.637,1,1.27,retry_later,0,0.0
13764.02,insufficient_funds,card,0.697,1,23.36,retry_later,1,13764.02
11728.08,card_declined,upi,0.822,3,5.96,request_alternative_payment,1,11728.08
7685.88,insufficient_funds,upi,0.81,3,8.13,request_card_update,0,0.0
24220.39,network_error,card,0.475,3,12.24,retry_later,0,0.0
4297.53,expired_card,upi,0.413,0,1.67,retry_now,1,4297.53
50000.0,expired_card,upi,0.826,2,42.58,retry_later,0,0.0
4167.91,insufficient_funds,netbanking,0.591,1,10.93,retry_now,1,4167.91
6132.44,network_error,card,0.771,2,94.38,retry_later,0,0.0
3637.21,network_error,card,0.704,1,11.84,retry_later,1,3637.21
6734.87,expired_card,upi,0.587,0,7.67,retry_later,1,6734.87
9756.46,insufficient_funds,upi,0.785,0,17.39,retry_later,1,9756.46
4564.48,card_declined,netbanking,0.889,1,15.87,retry_later,0,0.0
20714.08,insufficient_funds,card,0.969,1,13.26,retry_later,1,20714.08
6054.23,insufficient_funds,card,0.818,1,19.31,request_card_update,1,6054.23
6207.92,network_error,wallet,0.632,3,8.84,retry_now,0,0.0
2416.31,card_declined,card,0.92,3,8.35,retry_later,0,0.0
6988.3,insufficient_funds,upi,0.858,2,7.44,retry_later,0,0.0
4491.63,network_error,card,0.828,1,33.94,retry_later,0,0.0
3073.59,card_declined,card,0.747,2,14.94,retry_now,0,0.0
2686.55,expired_card,netbanking,0.937,3,44.47,request_alternative_payment,0,0.0
42387.29,network_error,card,0.65,1,9.09,request_alternative_payment,0,0.0
4049.75,expired_card,card,0.656,1,42.8,retry_now,0,0.0
1558.7,network_error,netbanking,0.83,0,6.79,request_card_update,1,1558.7
2860.11,insufficient_funds,card,0.855,1,13.14,request_alternative_payment,0,0.0
4797.93,insufficient_funds,card,0.806,2,19.01,request_card_update,0,0.0
7742.86,expired_card,upi,0.906,3,33.39,request_card_update,1,7742.86
7793.38,insufficient_funds,card,0.655,2,16.0,retry_later,0,0.0
8591.12,card_declined,upi,0.551,0,14.56,retry_later,0,0.0
2984.85,card_declined,card,0.889,2,19.11,request_card_update,0,0.0
6565.25,insufficient_funds,card,0.65,1,10.38,retry_now,0,0.0
2480.82,insufficient_funds,card,0.528,1,0.93,retry_later,1,2480.82
3045.68,card_declined,netbanking,0.959,1,3.11,request_card_update,1,3045.68
2399.52,card_declined,card,0.671,2,6.73,request_alternative_payment,0,0.0
1932.33,network_error,wallet,0.84,3,6.55,request_card_update,1,1932.33
11714.24,insufficient_funds,card,0.579,0,0.25,retry_later,0,0.0
8673.98,card_declined,card,0.948,0,3.35,request_card_update,0,0.0
10921.9,insufficient_funds,upi,0.901,1,11.78,request_alternative_payment,0,0.0
5159.75,card_declined,card,0.54,2,22.71,request_card_update,0,0.0
9308.09,insufficient_funds,upi,0.894,0,74.41,request_alternative_payment,1,9308.09
1221.9,insufficient_funds,wallet,0.646,1,22.48,request_card_update,0,0.0
9973.26,network_error,netbanking,0.697,0,13.19,request_alternative_payment,0,0.0
5761.13,insufficient_funds,upi,0.794,1,2.65,request_card_update,0,0.0
8257.53,network_error,upi,0.775,0,28.01,retry_now,1,8257.53
6776.47,insufficient_funds,card,0.712,1,8.62,retry_later,0,0.0
2270.03,insufficient_funds,netbanking,0.936,0,54.04,retry_later,0,0.0
1508.33,insufficient_funds,card,0.455,1,43.53,request_card_update,0,0.0
2828.64,expired_card,card,0.842,2,0.62,retry_later,0,0.0
7856.74,card_declined,upi,0.925,0,17.34,retry_later,0,0.0
8684.25,insufficient_funds,card,0.957,2,32.9,request_alternative_payment,1,8684.25
1673.78,card_declined,upi,0.803,0,3.02,request_card_update,0,0.0
2280.87,card_declined,card,0.709,2,11.56,request_card_update,0,0.0
2803.45,network_error,card,0.893,0,11.83,request_card_update,1,2803.45
3756.9,expired_card,upi,0.716,2,21.99,request_card_update,0,0.0
1681.69,card_declined,upi,0.821,2,16.96,request_alternative_payment,0,0.0
1602.87,card_declined,wallet,0.598,0,3.82,retry_later,0,0.0
2590.81,insufficient_funds,card,0.915,3,0.25,retry_now,1,2590.81
5357.2,expired_card,card,0.713,0,0.38,request_alternative_payment,0,0.0
1944.42,card_declined,card,0.615,0,0.94,retry_later,1,1944.42
4557.6,insufficient_funds,card,0.808,0,56.83,request_card_update,0,0.0
11661.35,expired_card,card,0.844,0,4.88,retry_now,1,11661.35
1764.76,expired_card,netbanking,0.82,3,20.66,request_card_update,0,0.0
4238.8,card_declined,card,0.757,1,6.5,retry_later,0,0.0
11350.29,insufficient_funds,wallet,0.855,0,66.64,request_alternative_payment,0,0.0
3578.07,network_error,upi,0.468,1,5.59,request_card_update,1,3578.07
3159.78,network_error,upi,0.875,2,7.72,retry_now,0,0.0
12682.65,card_declined,card,0.668,4,53.45,retry_later,0,0.0
3913.67,insufficient_funds,card,0.758,1,10.81,request_alternative_payment,1,3913.67
12097.92,insufficient_funds,card,0.536,0,24.53,request_card_update,1,12097.92
7047.06,insufficient_funds,upi,0.854,0,42.0,retry_now,1,7047.06
3800.61,insufficient_funds,upi,0.727,3,2.27,request_alternative_payment,0,0.0
7338.91,network_error,card,0.675,2,6.21,request_card_update,1,7338.91
6461.09,insufficient_funds,card,0.752,0,22.73,retry_now,1,6461.09
11315.17,card_declined,wallet,0.791,2,5.5,retry_later,1,11315.17
3224.45,network_error,card,0.801,0,8.8,retry_later,0,0.0
5167.57,card_declined,card,0.459,1,5.44,retry_now,0,0.0
4759.89,insufficient_funds,card,0.59,0,2.91,retry_later,0,0.0
8782.46,expired_card,card,0.891,4,12.97,retry_later,0,0.0
2201.84,insufficient_funds,card,0.953,0,0.25,retry_later,1,2201.84
11279.87,expired_card,upi,0.915,0,10.47,request_alternative_payment,0,0.0
7260.88,insufficient_funds,upi,0.655,2,0.97,request_alternative_payment,0,0.0
1743.51,card_declined,upi,0.858,1,14.49,retry_later,1,1743.51
13145.09,card_declined,card,0.731,1,3.76,retry_later,0,0.0
29865.75,card_declined,card,0.911,3,5.76,request_card_update,1,29865.75
11144.04,card_declined,netbanking,0.663,0,12.17,retry_later,0,0.0
15658.69,insufficient_funds,card,0.614,1,1.68,request_card_update,1,15658.69
5353.42,card_declined,card,0.799,0,8.72,request_card_update,1,5353.42
1323.44,insufficient_funds,upi,0.844,3,10.87,request_alternative_payment,1,1323.44
1143.55,network_error,upi,0.958,0,0.25,retry_later,1,1143.55
6131.89,card_declined,card,0.871,1,4.27,request_card_update,1,6131.89
3113.83,card_declined,wallet,0.713,2,7.03,request_alternative_payment,0,0.0
2405.55,insufficient_funds,card,0.698,3,9.91,retry_later,0,0.0
4755.21,card_declined,wallet,0.865,0,3.77,request_alternative_payment,1,4755.21
8181.75,card_declined,card,0.834,0,17.36,request_alternative_payment,1,8181.75
1563.98,insufficient_funds,upi,0.79,1,28.56,retry_now,1,1563.98
3491.52,network_error,card,0.697,0,16.3,retry_now,1,3491.52
16732.19,insufficient_funds,netbanking,0.671,1,10.18,retry_later,0,0.0
2115.32,insufficient_funds,upi,0.818,1,2.13,request_alternative_payment,0,0.0
10026.65,network_error,netbanking,0.826,1,18.31,retry_now,0,0.0
3392.79,insufficient_funds,netbanking,0.889,1,10.85,retry_now,1,3392.79
7737.46,insufficient_funds,upi,0.7,2,15.21,retry_now,1,7737.46
12028.75,network_error,card,0.773,0,28.79,retry_now,1,12028.75
9047.27,network_error,card,0.897,1,9.25,request_card_update,0,0.0
10347.71,insufficient_funds,wallet,0.987,0,15.17,request_alternative_payment,1,10347.71
1990.06,insufficient_funds,wallet,0.742,1,24.74,request_alternative_payment,0,0.0
12186.95,card_declined,card,0.863,1,21.03,request_alternative_payment,1,12186.95
2527.63,card_declined,card,0.627,0,48.51,retry_later,0,0.0
6153.81,card_declined,card,0.735,1,6.02,retry_later,0,0.0
6147.43,card_declined,card,0.785,0,27.38,retry_now,1,6147.43
7370.87,network_error,card,0.612,1,74.5,retry_later,0,0.0
6546.98,expired_card,netbanking,0.63,1,42.56,request_card_update,0,0.0
2545.66,insufficient_funds,card,0.849,3,2.55,request_card_update,1,2545.66
1698.16,insufficient_funds,netbanking,0.553,2,21.04,request_card_update,1,1698.16
10047.43,insufficient_funds,wallet,0.665,1,8.78,request_alternative_payment,1,10047.43
5801.44,insufficient_funds,card,0.833,0,0.91,retry_later,1,5801.44
12540.2,card_declined,upi,0.781,0,9.52,request_card_update,1,12540.2
4824.23,expired_card,upi,0.898,0,3.05,request_alternative_payment,0,0.0
1624.67,insufficient_funds,card,0.55,1,15.02,request_alternative_payment,1,1624.67
10830.23,insufficient_funds,upi,0.749,0,19.1,retry_later,0,0.0
3717.83,card_declined,upi,0.871,0,55.95,request_card_update,1,3717.83
6573.46,expired_card,card,0.59,1,20.19,retry_later,0,0.0
2978.65,insufficient_funds,netbanking,0.801,2,16.17,request_alternative_payment,0,0.0
18631.98,network_error,card,0.502,1,3.03,request_alternative_payment,1,18631.98
2479.82,network_error,card,0.526,0,1.25,retry_later,1,2479.82
3817.11,card_declined,wallet,0.667,1,26.73,retry_later,1,3817.11
5448.81,card_declined,card,0.968,1,16.47,retry_later,1,5448.81
2086.93,card_declined,card,0.735,4,13.26,retry_now,0,0.0
6513.35,insufficient_funds,card,0.635,0,42.96,retry_now,1,6513.35
18155.37,card_declined,card,0.857,2,12.94,request_alternative_payment,0,0.0
3377.27,insufficient_funds,card,0.587,2,24.24,request_card_update,1,3377.27
6858.93,network_error,upi,0.56,2,5.52,retry_now,0,0.0
554.27,network_error,card,0.758,2,25.7,retry_now,0,0.0
4846.68,insufficient_funds,upi,0.579,1,29.47,retry_later,0,0.0
3892.31,card_declined,card,0.562,2,4.88,request_card_update,0,0.0
2597.73,insufficient_funds,card,0.737,1,31.39,request_card_update,1,2597.73
11876.94,insufficient_funds,wallet,0.691,3,6.68,retry_later,1,11876.94
3851.42,network_error,netbanking,0.959,2,39.65,request_alternative_payment,0,0.0
4338.18,insufficient_funds,upi,0.886,0,0.57,request_card_update,0,0.0
3697.6,network_error,card,0.81,0,25.26,retry_now,1,3697.6
1078.95,insufficient_funds,upi,0.629,3,47.86,retry_now,1,1078.95
2021.52,network_error,netbanking,0.619,1,7.07,retry_later,1,2021.52
10786.69,card_declined,netbanking,0.75,2,62.75,request_card_update,0,0.0
924.48,card_declined,upi,0.955,3,1.73,retry_now,0,0.0
2708.47,network_error,upi,0.435,0,15.57,retry_now,0,0.0
3631.56,card_declined,card,0.533,0,2.49,request_card_update,1,3631.56
20172.8,insufficient_funds,card,0.82,3,19.18,request_card_update,0,0.0
9247.2,expired_card,card,0.351,1,40.43,request_card_update,0,0.0
3201.76,insufficient_funds,card,0.607,2,24.35,request_alternative_payment,0,0.0
14197.26,insufficient_funds,card,0.72,1,1.84,request_alternative_payment,1,14197.26
2764.96,card_declined,card,0.481,0,0.74,retry_now,0,0.0
11209.01,card_declined,upi,0.641,0,27.08,retry_now,0,0.0
1685.96,card_declined,upi,0.953,0,47.04,request_alternative_payment,1,1685.96
11799.35,network_error,upi,0.761,0,15.53,request_alternative_payment,0,0.0
3612.97,card_declined,card,0.488,3,2.63,request_card_update,0,0.0
2195.99,insufficient_funds,upi,0.94,3,5.39,request_card_update,0,0.0
4202.68,insufficient_funds,wallet,0.893,2,43.11,request_alternative_payment,1,4202.68
6242.08,insufficient_funds,card,0.593,0,50.98,request_alternative_payment,0,0.0
3365.71,network_error,netbanking,0.472,1,84.7,retry_later,0,0.0
7788.13,insufficient_funds,card,0.732,0,7.82,retry_now,0,0.0
3136.3,card_declined,upi,0.779,0,81.56,retry_later,1,3136.3
8213.14,card_declined,upi,0.644,0,40.78,request_alternative_payment,0,0.0
7122.19,network_error,upi,0.788,2,13.17,request_alternative_payment,0,0.0
4762.15,insufficient_funds,netbanking,0.684,1,42.43,retry_later,1,4762.15
3512.51,insufficient_funds,card,0.804,1,4.84,retry_later,1,3512.51
5644.44,expired_card,netbanking,0.73,2,4.01,request_card_update,1,5644.44
7765.11,card_declined,netbanking,0.845,1,15.43,retry_later,1,7765.11
26020.31,card_declined,netbanking,0.734,0,29.59,request_card_update,1,26020.31
10601.27,network_error,card,0.67,3,5.85,retry_later,1,10601.27
10916.0,expired_card,card,0.82,1,6.57,retry_later,0,0.0
50000.0,insufficient_funds,netbanking,0.923,0,27.62,request_alternative_payment,0,0.0
7554.96,expired_card,upi,0.963,2,1.81,retry_now,1,7554.96
7368.05,insufficient_funds,wallet,0.731,1,6.21,retry_later,0,0.0
8781.52,expired_card,card,0.772,2,4.1,request_card_update,0,0.0
2230.59,insufficient_funds,netbanking,0.974,2,57.22,request_card_update,1,2230.59
3505.44,insufficient_funds,netbanking,0.791,0,5.89,request_card_update,0,0.0
3335.1,insufficient_funds,netbanking,0.795,2,13.74,request_card_update,1,3335.1
8394.1,network_error,upi,0.526,1,24.98,retry_later,1,8394.1
4349.66,expired_card,card,0.586,2,13.66,request_card_update,0,0.0
5584.62,insufficient_funds,upi,0.435,1,0.25,retry_now,0,0.0
11934.12,insufficient_funds,upi,0.902,0,0.96,retry_now,0,0.0
9973.77,insufficient_funds,card,0.564,0,19.57,request_alternative_payment,1,9973.77
4393.21,insufficient_funds,card,0.482,2,10.59,retry_now,0,0.0
2925.43,network_error,netbanking,0.845,0,20.95,retry_later,1,2925.43
12399.52,insufficient_funds,card,0.7,1,72.05,retry_now,0,0.0
9286.4,expired_card,card,0.634,2,15.21,request_alternative_payment,0,0.0
1383.25,expired_card,upi,0.764,4,18.87,request_card_update,0,0.0
3891.97,insufficient_funds,wallet,0.704,4,9.51,retry_now,1,3891.97
5707.89,card_declined,upi,0.619,2,58.97,retry_now,0,0.0
9323.16,expired_card,card,0.563,1,12.5,request_alternative_payment,0,0.0
10355.51,expired_card,card,0.819,0,14.75,request_card_update,0,0.0
6274.93,network_error,card,0.816,0,20.12,request_card_update,0,0.0
7985.57,insufficient_funds,card,0.919,0,59.76,request_card_update,0,0.0
5263.24,insufficient_funds,netbanking,0.717,0,19.17,request_alternative_payment,0,0.0
2916.42,network_error,card,0.778,1,13.23,retry_now,1,2916.42
4056.93,card_declined,card,0.848,1,5.84,request_card_update,0,0.0
5076.54,network_error,netbanking,0.925,4,2.15,request_card_update,0,0.0
4863.19,network_error,card,0.778,1,53.23,request_alternative_payment,1,4863.19
1106.25,card_declined,card,0.826,3,1.41,request_card_update,0,0.0
3638.06,insufficient_funds,upi,0.713,2,8.64,request_alternative_payment,1,3638.06
5229.95,card_declined,card,0.561,2,22.02,request_alternative_payment,0,0.0
3992.2,expired_card,card,0.739,0,8.91,request_card_update,0,0.0
4104.07,insufficient_funds,wallet,0.858,1,5.63,request_card_update,1,4104.07
7387.81,insufficient_funds,netbanking,0.617,1,45.57,request_card_update,0,0.0
2109.12,expired_card,netbanking,0.436,2,34.74,retry_now,0,0.0
1359.35,network_error,upi,0.621,1,3.09,request_card_update,0,0.0
3784.46,card_declined,card,0.889,4,2.48,retry_later,1,3784.46
9214.05,network_error,netbanking,0.804,0,22.52,request_card_update,1,9214.05
19287.95,card_declined,upi,0.448,0,4.51,request_card_update,1,19287.95
9347.8,expired_card,card,0.851,2,13.81,retry_now,0,0.0
1544.7,expired_card,card,0.911,4,14.51,request_card_update,0,0.0
4151.81,insufficient_funds,upi,0.47,0,22.95,retry_now,1,4151.81
6139.51,card_declined,card,0.861,0,5.46,request_card_update,1,6139.51
5763.3,insufficient_funds,card,0.672,2,4.39,retry_later,0,0.0
7697.39,network_error,card,0.479,2,46.38,request_alternative_payment,0,0.0
2400.79,card_declined,upi,0.877,1,10.27,request_card_update,1,2400.79
5266.64,card_declined,card,0.907,0,13.76,retry_now,0,0.0
6998.5,expired_card,upi,0.854,1,30.76,request_card_update,1,6998.5
9679.16,card_declined,card,0.92,0,33.61,request_card_update,1,9679.16
2624.43,network_error,upi,0.826,0,18.5,request_card_update,0,0.0
3793.59,network_error,card,0.928,1,8.19,request_card_update,0,0.0
574.87,card_declined,card,0.594,0,29.01,request_card_update,1,574.87
3041.25,insufficient_funds,upi,0.556,2,28.02,retry_later,0,0.0
3286.77,network_error,upi,0.85,2,29.82,retry_later,0,0.0
2211.72,card_declined,card,0.451,4,9.62,request_alternative_payment,0,0.0
5708.34,insufficient_funds,upi,0.639,3,5.63,retry_now,0,0.0
4781.15,network_error,netbanking,0.949,0,3.26,request_card_update,1,4781.15
820.42,card_declined,card,0.951,0,2.14,request_alternative_payment,0,0.0
5940.8,insufficient_funds,upi,0.703,1,0.82,request_card_update,0,0.0
2379.23,network_error,card,0.891,2,10.22,request_alternative_payment,1,2379.23
7374.21,insufficient_funds,netbanking,0.68,0,17.25,retry_now,1,7374.21
1793.12,card_declined,card,0.719,4,11.14,retry_later,0,0.0
5121.48,card_declined,wallet,0.567,2,0.25,retry_now,0,0.0
3986.47,insufficient_funds,upi,0.804,3,31.87,retry_later,0,0.0
6372.04,card_declined,upi,0.818,2,0.25,request_alternative_payment,1,6372.04
5524.52,insufficient_funds,card,0.937,3,10.2,retry_now,1,5524.52
4076.78,insufficient_funds,upi,0.697,2,18.0,request_alternative_payment,0,0.0
1462.9,network_error,card,0.786,1,42.41,retry_later,1,1462.9
1533.68,insufficient_funds,card,0.611,2,8.98,request_card_update,1,1533.68
3134.06,expired_card,card,0.804,3,55.66,request_card_update,0,0.0
4966.99,card_declined,upi,0.901,3,2.91,retry_later,1,4966.99
3073.57,insufficient_funds,netbanking,0.832,3,22.97,retry_now,0,0.0
8245.0,expired_card,wallet,0.64,2,50.78,retry_now,0,0.0
3999.07,card_declined,card,0.603,1,11.8,request_alternative_payment,0,0.0
2310.42,card_declined,netbanking,0.503,1,26.33,retry_later,0,0.0
4002.67,network_error,netbanking,0.561,0,34.46,request_alternative_payment,1,4002.67
5990.21,expired_card,netbanking,0.904,1,6.13,retry_later,0,0.0
6484.05,insufficient_funds,upi,0.816,0,9.35,retry_later,0,0.0
22469.1,insufficient_funds,card,0.634,0,1.21,request_card_update,0,0.0
2927.97,expired_card,netbanking,0.892,0,26.93,retry_later,0,0.0
4714.56,insufficient_funds,upi,0.724,1,10.27,request_alternative_payment,1,4714.56
7031.06,network_error,upi,0.935,0,24.72,retry_now,1,7031.06
4907.18,card_declined,card,0.957,3,15.8,retry_now,0,0.0
3349.94,card_declined,card,0.687,3,40.88,retry_later,0,0.0
1447.78,network_error,card,0.902,2,9.41,retry_now,1,1447.78
3322.68,expired_card,upi,0.823,1,22.14,request_alternative_payment,1,3322.68
2118.01,insufficient_funds,card,0.578,4,30.32,retry_now,1,2118.01
1256.28,card_declined,netbanking,0.696,0,37.71,retry_now,0,0.0
2645.59,network_error,card,0.752,1,6.69,request_alternative_payment,0,0.0
2163.58,insufficient_funds,card,0.76,2,36.28,request_card_update,0,0.0
7976.24,expired_card,card,0.589,2,10.8,request_card_update,0,0.0
8087.43,card_declined,card,0.72,2,2.97,retry_now,1,8087.43
2426.22,insufficient_funds,card,0.997,0,4.33,request_alternative_payment,1,2426.22
4060.29,expired_card,upi,0.879,2,1.06,retry_now,1,4060.29
1130.71,expired_card,wallet,0.554,0,0.76,request_alternative_payment,1,1130.71
3366.81,insufficient_funds,card,0.672,1,10.73,request_alternative_payment,0,0.0
6880.03,network_error,card,0.693,0,43.38,retry_now,1,6880.03
9673.48,insufficient_funds,netbanking,0.746,0,10.8,request_card_update,0,0.0
2826.39,insufficient_funds,card,0.749,1,18.81,request_card_update,1,2826.39
11599.03,insufficient_funds,upi,0.901,2,6.67,retry_later,0,0.0
1487.18,expired_card,upi,0.957,1,54.66,request_alternative_payment,1,1487.18
1842.89,insufficient_funds,netbanking,0.741,3,15.11,retry_later,0,0.0
8821.28,insufficient_funds,card,0.641,1,21.39,request_card_update,0,0.0
19036.06,network_error,wallet,0.934,0,6.62,request_alternative_payment,0,0.0
7420.03,card_declined,wallet,0.85,0,7.29,retry_later,1,7420.03
4841.21,insufficient_funds,card,0.975,2,0.57,request_card_update,1,4841.21
863.55,insufficient_funds,upi,0.725,3,10.14,request_card_update,0,0.0
991.52,network_error,card,0.775,2,8.92,retry_later,0,0.0
5545.38,card_declined,card,0.544,2,94.44,request_card_update,0,0.0
3754.62,network_error,wallet,0.814,1,2.89,request_alternative_payment,1,3754.62
2064.26,insufficient_funds,card,0.787,1,13.55,retry_now,1,2064.26
5269.12,card_declined,card,0.532,3,4.17,request_card_update,0,0.0
5482.4,network_error,card,0.835,1,8.39,retry_later,0,0.0
10643.73,insufficient_funds,upi,0.539,2,12.63,request_alternative_payment,1,10643.73
5577.38,insufficient_funds,netbanking,0.799,2,54.16,request_card_update,0,0.0
13358.51,card_declined,upi,0.919,1,17.38,retry_now,1,13358.51
5032.08,insufficient_funds,upi,0.926,1,0.3,request_card_update,1,5032.08
4559.3,insufficient_funds,card,0.81,0,18.22,retry_now,1,4559.3
11715.21,expired_card,upi,0.744,4,34.31,retry_now,0,0.0
2285.73,card_declined,card,0.673,0,15.25,request_card_update,0,0.0
47512.64,card_declined,upi,0.695,0,19.56,request_alternative_payment,0,0.0
6750.68,insufficient_funds,upi,0.906,2,12.66,retry_later,0,0.0
6780.84,card_declined,wallet,0.972,0,75.27,request_alternative_payment,0,0.0
7610.39,card_declined,upi,0.684,2,3.12,retry_now,0,0.0
22446.78,expired_card,upi,0.795,2,42.94,request_card_update,0,0.0
9425.74,card_declined,card,0.815,1,20.79,retry_now,0,0.0
1384.57,network_error,card,0.86,1,26.11,retry_now,1,1384.57
15366.88,insufficient_funds,upi,0.858,2,20.99,retry_now,0,0.0
3806.54,card_declined,upi,0.939,0,3.13,retry_now,1,3806.54
5447.53,expired_card,upi,0.938,2,15.73,request_alternative_payment,1,5447.53
1796.85,card_declined,upi,0.716,1,17.95,retry_now,1,1796.85
7617.13,network_error,card,0.872,2,10.88,request_alternative_payment,1,7617.13
2969.34,expired_card,card,0.72,2,20.87,request_card_update,0,0.0
5417.17,expired_card,card,0.762,1,12.82,retry_later,1,5417.17
3983.49,insufficient_funds,upi,0.931,2,4.57,retry_now,0,0.0
23323.19,insufficient_funds,wallet,0.711,0,12.49,retry_later,1,23323.19
24416.18,card_declined,upi,0.563,1,12.32,retry_later,0,0.0
5189.56,expired_card,upi,0.572,1,1.3,retry_now,0,0.0
5262.57,card_declined,upi,0.915,2,6.98,request_alternative_payment,1,5262.57
3708.71,insufficient_funds,card,0.914,0,89.85,retry_later,1,3708.71
12112.56,card_declined,card,0.503,2,18.12,request_card_update,0,0.0
3843.19,insufficient_funds,card,0.658,0,10.84,retry_now,1,3843.19
3569.29,insufficient_funds,wallet,0.804,0,11.88,retry_now,0,0.0
10938.76,insufficient_funds,card,0.574,1,8.45,retry_later,1,10938.76
3250.47,insufficient_funds,upi,0.633,0,6.31,retry_later,0,0.0
4851.24,network_error,card,0.816,1,1.17,retry_now,0,0.0
1411.13,insufficient_funds,upi,0.801,1,15.36,request_alternative_payment,1,1411.13
8782.76,insufficient_funds,card,0.705,1,39.15,request_alternative_payment,0,0.0
23620.89,card_declined,wallet,0.672,3,41.41,request_card_update,0,0.0
8903.27,insufficient_funds,card,0.806,2,1.0,request_alternative_payment,0,0.0
16100.93,card_declined,wallet,0.825,1,0.52,retry_now,0,0.0
2541.0,insufficient_funds,upi,0.823,3,28.35,request_card_update,0,0.0
6040.56,insufficient_funds,card,0.939,0,9.99,request_card_update,0,0.0
2351.16,network_error,upi,0.806,1,24.08,retry_now,0,0.0
4167.12,insufficient_funds,upi,0.733,1,19.55,retry_later,0,0.0
9273.93,insufficient_funds,card,0.755,3,14.66,request_alternative_payment,1,9273.93
5424.33,insufficient_funds,upi,0.522,1,29.14,retry_now,0,0.0
1614.98,insufficient_funds,upi,0.854,0,25.27,request_card_update,1,1614.98
1746.15,insufficient_funds,upi,0.992,0,43.56,request_alternative_payment,1,1746.15
1656.17,insufficient_funds,upi,0.806,0,11.55,request_card_update,1,1656.17
7408.29,insufficient_funds,upi,0.59,1,34.0,request_card_update,1,7408.29
26063.96,insufficient_funds,card,0.892,2,16.09,retry_now,1,26063.96
14870.87,expired_card,card,0.738,2,8.06,request_alternative_payment,1,14870.87
1097.08,insufficient_funds,card,0.6,0,9.48,request_alternative_payment,0,0.0
15584.84,insufficient_funds,upi,0.968,0,4.85,retry_later,1,15584.84
10575.69,card_declined,card,0.98,0,12.84,retry_now,1,10575.69
1452.37,insufficient_funds,card,0.462,1,4.9,request_card_update,1,1452.37
3923.08,network_error,netbanking,0.882,1,1.27,retry_now,1,3923.08
12011.4,insufficient_funds,card,0.893,1,25.38,retry_now,1,12011.4
7766.23,card_declined,card,0.896,2,10.13,request_alternative_payment,0,0.0
1754.46,expired_card,netbanking,0.588,1,9.79,request_card_update,0,0.0
8150.11,insufficient_funds,upi,0.84,2,0.92,request_card_update,1,8150.11
904.33,insufficient_funds,netbanking,0.88,4,56.34,request_alternative_payment,0,0.0
4183.63,card_declined,card,0.663,2,11.81,retry_later,0,0.0
12426.15,expired_card,upi,0.479,1,4.2,request_alternative_payment,0,0.0
5074.12,card_declined,wallet,0.794,2,4.69,request_card_update,1,5074.12
3354.45,card_declined,card,0.873,1,8.32,retry_now,1,3354.45
10184.99,insufficient_funds,card,0.653,3,17.93,request_alternative_payment,0,0.0
10905.2,card_declined,card,0.562,1,3.64,retry_now,0,0.0
14260.16,insufficient_funds,netbanking,0.637,3,16.11,retry_later,0,0.0
10063.47,card_declined,card,0.918,1,48.7,request_card_update,0,0.0
11876.22,insufficient_funds,upi,0.615,0,91.34,retry_later,0,0.0
8986.87,card_declined,upi,0.574,2,66.56,request_alternative_payment,1,8986.87
6183.35,insufficient_funds,wallet,0.633,0,12.57,request_alternative_payment,1,6183.35
5371.17,network_error,card,0.806,4,5.37,retry_now,1,5371.17
4135.59,network_error,upi,0.926,3,8.0,request_card_update,0,0.0
1895.61,network_error,wallet,0.917,1,14.56,request_alternative_payment,0,0.0
2328.42,expired_card,card,0.687,3,0.25,retry_now,1,2328.42
3990.14,card_declined,upi,0.572,3,30.41,request_card_update,1,3990.14
6065.39,network_error,card,0.267,1,26.12,retry_later,0,0.0
15832.87,insufficient_funds,card,0.693,3,26.25,request_alternative_payment,0,0.0
4835.58,expired_card,card,0.804,2,80.51,retry_later,0,0.0
11158.69,card_declined,card,0.845,0,10.49,retry_now,0,0.0
11856.67,card_declined,card,0.617,1,74.18,retry_now,0,0.0
4154.87,card_declined,netbanking,0.612,3,5.03,retry_now,0,0.0
8046.12,network_error,upi,0.883,1,14.84,retry_now,1,8046.12
4114.9,network_error,card,0.784,1,13.6,retry_now,1,4114.9
14398.83,network_error,upi,0.851,2,4.01,request_card_update,0,0.0
8315.43,card_declined,wallet,0.807,2,26.9,retry_now,0,0.0
1929.09,card_declined,card,0.825,0,36.71,request_alternative_payment,1,1929.09
5689.7,expired_card,card,0.518,2,20.45,request_alternative_payment,0,0.0
18688.86,card_declined,card,0.864,1,8.76,request_card_update,1,18688.86
4325.18,card_declined,netbanking,0.61,4,59.86,request_card_update,0,0.0
7153.56,card_declined,netbanking,0.956,1,62.42,retry_later,1,7153.56
7737.98,card_declined,upi,0.78,0,35.44,retry_later,1,7737.98
2181.78,network_error,card,0.753,0,24.74,request_card_update,0,0.0
7523.3,card_declined,upi,0.809,2,0.93,retry_later,0,0.0
1639.46,expired_card,upi,0.879,1,6.98,retry_now,0,0.0
3031.14,expired_card,card,0.814,3,5.42,request_card_update,1,3031.14
11822.64,card_declined,card,0.69,3,7.72,request_card_update,0,0.0
6651.5,insufficient_funds,card,0.821,1,13.38,request_card_update,0,0.0
3919.08,card_declined,upi,0.513,4,21.97,retry_now,0,0.0
7146.39,card_declined,wallet,0.766,2,8.33,retry_now,0,0.0
4765.32,card_declined,card,0.796,0,9.08,retry_now,0,0.0
5050.57,expired_card,wallet,0.758,0,15.71,retry_later,1,5050.57
8456.14,insufficient_funds,upi,0.87,2,5.39,request_card_update,1,8456.14
2794.19,insufficient_funds,upi,0.693,0,6.98,request_card_update,1,2794.19
5163.98,expired_card,netbanking,0.58,0,11.03,request_card_update,0,0.0
3894.73,expired_card,upi,0.716,1,40.41,request_alternative_payment,0,0.0
1406.29,card_declined,card,0.575,4,0.25,request_alternative_payment,1,1406.29
2394.26,insufficient_funds,card,0.728,3,1.31,request_card_update,0,0.0
17531.57,card_declined,netbanking,0.663,0,1.67,request_card_update,0,0.0
6802.0,card_declined,upi,0.66,2,44.81,request_card_update,0,0.0
1734.24,card_declined,card,0.602,0,36.68,retry_now,0,0.0
1458.13,insufficient_funds,upi,0.481,3,21.58,retry_now,0,0.0
4570.88,insufficient_funds,card,0.633,2,16.52,request_card_update,0,0.0
17433.39,network_error,card,0.332,0,4.53,request_alternative_payment,0,0.0
4306.09,card_declined,netbanking,0.621,4,5.71,retry_later,0,0.0
14225.52,network_error,card,0.63,0,0.96,request_card_update,1,14225.52
6625.88,card_declined,card,0.649,0,0.25,request_card_update,1,6625.88
7289.52,insufficient_funds,card,0.777,0,26.63,request_card_update,0,0.0
1717.49,card_declined,wallet,0.927,1,9.55,retry_later,1,1717.49
10585.19,expired_card,card,0.798,0,57.71,request_alternative_payment,1,10585.19
3824.75,card_declined,card,0.883,4,2.71,request_card_update,0,0.0
9973.3,card_declined,card,0.814,1,9.32,retry_now,1,9973.3
2606.74,card_declined,card,0.77,2,21.62,request_alternative_payment,1,2606.74
5760.81,expired_card,card,0.985,0,19.0,retry_later,0,0.0
6626.26,card_declined,card,0.738,0,13.07,retry_now,0,0.0
4420.32,card_declined,card,0.835,1,94.98,request_card_update,0,0.0
6910.72,network_error,upi,0.416,2,7.38,retry_now,1,6910.72
4040.31,insufficient_funds,card,0.807,1,8.07,retry_later,0,0.0
2974.84,card_declined,card,0.609,1,22.55,request_alternative_payment,1,2974.84
18062.26,card_declined,upi,0.569,0,12.69,request_alternative_payment,0,0.0
11572.14,expired_card,card,0.875,1,96.0,retry_now,0,0.0
2720.31,network_error,card,0.584,1,23.73,retry_later,0,0.0
7878.94,insufficient_funds,wallet,0.603,0,2.7,request_card_update,1,7878.94
2760.18,network_error,upi,0.92,1,2.25,request_card_update,1,2760.18
1938.07,network_error,upi,0.838,4,61.4,request_card_update,0,0.0
11432.79,card_declined,upi,0.816,0,9.37,request_alternative_payment,1,11432.79
1279.1,insufficient_funds,wallet,0.975,0,19.91,retry_now,0,0.0
10495.25,insufficient_funds,card,0.859,1,5.67,request_card_update,0,0.0
4084.75,card_declined,card,0.754,2,4.08,request_alternative_payment,0,0.0
4221.54,card_declined,netbanking,0.7,1,5.82,retry_later,0,0.0
6939.56,expired_card,card,0.623,0,0.25,request_card_update,1,6939.56
7959.74,insufficient_funds,upi,0.823,2,27.34,request_card_update,0,0.0
2581.48,card_declined,card,0.71,1,17.57,request_alternative_payment,0,0.0
8878.37,insufficient_funds,card,0.92,2,7.51,request_alternative_payment,0,0.0
5474.68,card_declined,upi,0.737,0,8.55,request_card_update,1,5474.68
1830.51,insufficient_funds,upi,0.629,4,15.23,retry_now,1,1830.51
4364.65,card_declined,upi,0.82,0,15.66,retry_now,0,0.0
15096.47,insufficient_funds,card,0.408,4,11.2,retry_now,0,0.0
19119.6,card_declined,card,0.489,0,18.35,request_alternative_payment,0,0.0
8875.7,insufficient_funds,upi,0.879,0,5.97,request_alternative_payment,0,0.0
1929.31,network_error,card,0.872,0,96.0,retry_now,1,1929.31
7403.28,insufficient_funds,upi,0.753,2,22.21,request_alternative_payment,1,7403.28
9876.19,card_declined,upi,0.588,2,23.28,retry_later,0,0.0
8935.25,card_declined,card,0.494,1,23.65,request_alternative_payment,0,0.0
9368.95,insufficient_funds,card,0.922,3,12.06,retry_later,1,9368.95
6686.22,insufficient_funds,netbanking,0.788,0,5.93,retry_later,0,0.0
4718.58,insufficient_funds,card,0.558,1,5.85,request_card_update,0,0.0
3073.28,card_declined,card,0.748,0,2.93,request_card_update,0,0.0
1095.37,expired_card,wallet,0.966,1,10.27,request_alternative_payment,0,0.0
6561.05,insufficient_funds,card,0.913,0,40.61,request_card_update,1,6561.05
5802.45,network_error,netbanking,0.778,0,25.1,request_card_update,0,0.0
7810.73,network_error,card,0.343,0,17.61,retry_later,0,0.0
1714.98,network_error,card,0.841,1,14.89,request_alternative_payment,0,0.0
8376.68,card_declined,upi,0.741,0,11.92,request_alternative_payment,0,0.0
25869.74,expired_card,card,0.755,0,7.9,request_card_update,1,25869.74
5323.86,card_declined,upi,0.747,2,41.25,request_card_update,0,0.0
4759.32,network_error,card,0.643,0,48.99,request_card_update,1,4759.32
6402.19,insufficient_funds,upi,0.81,0,17.17,request_alternative_payment,1,6402.19
25414.19,network_error,netbanking,0.673,1,26.25,retry_later,1,25414.19
2204.54,expired_card,upi,0.846,4,20.42,retry_later,0,0.0
5882.63,expired_card,upi,0.782,2,16.71,request_card_update,1,5882.63
2637.18,insufficient_funds,card,0.804,2,11.86,request_alternative_payment,1,2637.18
3227.91,network_error,card,0.975,2,3.22,request_card_update,0,0.0
4805.52,insufficient_funds,wallet,0.799,0,34.78,retry_later,0,0.0
14691.9,network_error,upi,0.855,1,20.28,request_alternative_payment,1,14691.9
21120.21,insufficient_funds,upi,0.659,2,13.97,retry_later,0,0.0
7156.0,network_error,card,0.713,0,19.29,request_alternative_payment,0,0.0
3699.37,card_declined,card,0.676,4,11.89,retry_now,0,0.0
36731.29,insufficient_funds,card,0.839,2,19.84,retry_now,0,0.0
3551.59,insufficient_funds,card,0.828,1,0.87,request_card_update,0,0.0
3166.19,insufficient_funds,card,0.92,1,8.37,request_card_update,0,0.0
1208.63,card_declined,card,0.448,2,0.7,retry_later,0,0.0
15276.43,network_error,card,0.824,4,9.86,retry_later,1,15276.43
10848.58,network_error,upi,0.583,0,12.63,request_card_update,1,10848.58
34594.07,network_error,upi,0.446,0,0.25,retry_later,0,0.0
1645.13,network_error,card,0.793,1,3.47,request_alternative_payment,0,0.0
16054.27,card_declined,netbanking,0.894,0,88.59,retry_now,0,0.0
5288.56,card_declined,upi,0.91,0,13.0,request_card_update,1,5288.56
9528.79,card_declined,card,0.985,1,24.97,retry_now,0,0.0
1338.05,insufficient_funds,netbanking,0.86,1,9.65,request_card_update,0,0.0
16182.06,card_declined,upi,0.678,0,30.55,retry_now,0,0.0
9380.67,network_error,upi,0.735,1,3.73,request_card_update,1,9380.67
4846.76,card_declined,netbanking,0.649,1,8.54,request_alternative_payment,1,4846.76
8377.32,network_error,card,0.656,0,48.6,request_alternative_payment,1,8377.32
2710.25,insufficient_funds,upi,0.728,0,15.11,retry_later,0,0.0
3145.23,network_error,card,0.649,0,37.0,retry_now,1,3145.23
3451.06,insufficient_funds,card,0.825,0,11.3,request_card_update,0,0.0
1135.71,expired_card,card,0.652,0,13.66,retry_later,1,1135.71
9962.67,insufficient_funds,card,0.508,1,15.43,retry_now,1,9962.67
12970.96,card_declined,card,0.955,4,18.52,retry_now,1,12970.96
2852.98,card_declined,upi,0.72,0,4.24,retry_now,1,2852.98
6606.15,insufficient_funds,card,0.947,2,24.11,request_card_update,0,0.0
4043.07,card_declined,card,0.854,1,9.79,retry_now,0,0.0
6501.66,insufficient_funds,card,0.748,2,19.83,request_alternative_payment,1,6501.66
3026.41,card_declined,card,0.854,1,22.74,retry_now,1,3026.41
2466.25,expired_card,upi,0.762,4,0.25,retry_now,0,0.0
11601.08,insufficient_funds,upi,0.538,1,5.57,retry_now,0,0.0
4750.94,card_declined,upi,0.617,1,2.6,retry_now,0,0.0
25207.08,expired_card,wallet,0.733,0,5.75,request_card_update,1,25207.08
5188.71,card_declined,card,0.77,2,39.19,request_card_update,0,0.0
2383.51,network_error,card,0.715,4,1.07,request_card_update,1,2383.51
13342.98,card_declined,netbanking,0.788,0,3.27,request_alternative_payment,1,13342.98
8281.95,card_declined,upi,0.445,0,15.4,retry_later,1,8281.95
8943.58,insufficient_funds,wallet,0.683,4,10.7,request_card_update,0,0.0
12960.66,insufficient_funds,upi,0.908,2,0.28,retry_now,1,12960.66
2965.96,card_declined,upi,0.703,0,1.26,retry_later,0,0.0
4516.04,network_error,card,0.835,0,18.45,request_alternative_payment,0,0.0
4359.15,insufficient_funds,card,0.913,2,12.15,retry_later,1,4359.15
1780.4,expired_card,upi,0.961,3,2.07,request_alternative_payment,0,0.0
4049.39,card_declined,upi,0.658,0,13.9,request_card_update,1,4049.39
14563.84,card_declined,netbanking,0.921,0,23.16,request_card_update,0,0.0
6045.46,expired_card,wallet,0.839,0,1.3,retry_now,0,0.0
1703.34,expired_card,card,0.748,3,15.39,request_card_update,0,0.0
1440.18,card_declined,card,0.626,3,13.17,request_card_update,1,1440.18
18939.67,insufficient_funds,netbanking,0.678,1,29.82,retry_later,0,0.0
4651.47,insufficient_funds,netbanking,0.909,1,23.16,retry_now,1,4651.47
2978.77,insufficient_funds,netbanking,0.8,1,22.8,request_card_update,1,2978.77
4015.83,network_error,upi,0.592,1,33.82,request_card_update,1,4015.83
1533.56,insufficient_funds,wallet,0.768,2,45.09,request_alternative_payment,1,1533.56
15610.04,network_error,card,0.799,2,0.79,retry_later,0,0.0
3650.98,insufficient_funds,card,0.782,2,60.15,request_card_update,0,0.0
14929.8,card_declined,card,0.733,4,5.83,request_card_update,0,0.0
5210.93,card_declined,card,0.938,0,5.78,request_alternative_payment,0,0.0
15690.63,card_declined,netbanking,0.831,2,3.2,retry_later,1,15690.63
6139.81,card_declined,upi,0.778,3,4.89,retry_later,1,6139.81
9894.95,expired_card,upi,0.896,0,11.71,request_card_update,0,0.0
8888.09,expired_card,card,0.454,1,7.53,request_alternative_payment,0,0.0
8232.34,network_error,upi,0.628,1,0.41,retry_later,1,8232.34
6604.73,insufficient_funds,card,0.81,3,0.25,retry_now,1,6604.73
4150.2,expired_card,upi,0.867,1,6.5,request_alternative_payment,1,4150.2
23145.16,expired_card,card,0.556,1,10.5,request_alternative_payment,1,23145.16
2420.29,expired_card,upi,0.672,1,10.64,request_card_update,0,0.0
5017.26,card_declined,card,0.559,1,5.79,retry_later,0,0.0
5059.9,insufficient_funds,upi,0.951,0,5.26,request_card_update,0,0.0
6899.1,network_error,upi,0.547,0,19.91,retry_later,0,0.0
3546.14,card_declined,wallet,0.814,0,3.63,request_alternative_payment,1,3546.14
6431.67,insufficient_funds,wallet,0.892,4,7.31,retry_later,0,0.0
4368.26,card_declined,card,0.881,2,49.16,retry_later,0,0.0
1410.4,card_declined,card,0.945,0,17.38,retry_later,0,0.0
5038.36,insufficient_funds,card,0.767,0,25.86,request_alternative_payment,0,0.0
2072.98,network_error,card,0.927,1,15.83,request_card_update,1,2072.98
1248.48,card_declined,card,0.865,2,19.08,retry_later,0,0.0
5578.59,card_declined,netbanking,0.85,0,26.96,request_alternative_payment,0,0.0
7387.17,insufficient_funds,wallet,0.848,0,9.37,request_alternative_payment,0,0.0
7620.15,expired_card,card,0.851,1,3.5,retry_now,0,0.0
7870.92,card_declined,netbanking,0.765,1,3.3,request_alternative_payment,1,7870.92
1065.42,card_declined,netbanking,0.879,1,3.62,request_alternative_payment,0,0.0
1683.08,card_declined,card,0.727,0,0.25,retry_later,1,1683.08
24246.08,card_declined,netbanking,0.494,1,31.86,request_alternative_payment,0,0.0
2163.38,network_error,wallet,0.935,2,2.37,retry_now,1,2163.38
8150.76,insufficient_funds,wallet,0.795,0,6.26,retry_now,1,8150.76
2886.05,expired_card,upi,0.67,0,17.55,retry_now,0,0.0
5329.07,insufficient_funds,card,0.709,1,17.34,retry_later,1,5329.07
3012.69,expired_card,card,0.682,2,23.54,request_card_update,1,3012.69
7835.55,card_declined,wallet,0.831,0,8.28,retry_later,0,0.0
5578.15,insufficient_funds,card,0.86,1,2.81,request_alternative_payment,1,5578.15
3493.16,card_declined,card,0.954,0,3.24,retry_later,1,3493.16
2158.26,insufficient_funds,card,0.712,2,5.67,retry_now,1,2158.26
6194.47,expired_card,upi,0.911,4,8.18,retry_later,1,6194.47
1895.08,network_error,card,0.454,1,9.44,request_alternative_payment,0,0.0
7038.69,card_declined,netbanking,0.851,1,8.19,request_card_update,0,0.0
40879.38,card_declined,upi,0.783,1,3.93,request_alternative_payment,0,0.0
14725.4,expired_card,card,0.655,4,21.82,retry_later,0,0.0
8882.79,network_error,card,0.999,2,1.29,retry_later,1,8882.79
4669.03,card_declined,upi,0.391,0,11.79,retry_now,1,4669.03
1060.18,card_declined,netbanking,0.619,1,20.18,retry_now,1,1060.18
1736.04,insufficient_funds,wallet,0.784,0,21.32,retry_later,0,0.0
13952.69,network_error,netbanking,0.876,0,1.78,request_alternative_payment,0,0.0
2658.16,card_declined,card,0.464,2,11.41,retry_now,1,2658.16
2857.75,network_error,netbanking,0.753,2,19.77,retry_later,0,0.0
4379.43,card_declined,upi,0.855,1,0.25,retry_later,1,4379.43
2137.85,card_declined,upi,0.82,1,8.16,retry_later,1,2137.85
1873.9,card_declined,upi,0.699,1,18.67,request_card_update,0,0.0
4802.13,network_error,card,0.868,3,12.18,retry_later,0,0.0
2450.31,card_declined,upi,0.964,0,35.14,request_alternative_payment,1,2450.31
2763.85,expired_card,upi,0.888,0,5.22,request_alternative_payment,0,0.0
2676.43,insufficient_funds,card,0.685,3,17.53,retry_later,0,0.0
7593.75,network_error,upi,0.986,1,51.3,request_alternative_payment,1,7593.75
4152.61,expired_card,card,0.594,0,8.35,request_card_update,1,4152.61
4334.39,network_error,upi,0.879,2,25.3,retry_later,0,0.0
8060.65,insufficient_funds,netbanking,0.581,1,4.12,retry_later,1,8060.65
4462.93,network_error,card,0.517,2,62.04,request_card_update,0,0.0
4002.16,insufficient_funds,card,0.735,1,7.71,request_alternative_payment,0,0.0
7284.86,insufficient_funds,upi,0.614,3,3.13,retry_later,0,0.0
8533.47,network_error,card,0.736,2,38.52,retry_now,0,0.0
4445.0,network_error,card,0.844,2,27.77,request_alternative_payment,0,0.0
5333.05,insufficient_funds,upi,0.739,3,1.08,retry_later,1,5333.05
2675.15,expired_card,card,0.871,0,7.7,request_alternative_payment,1,2675.15
2511.53,card_declined,upi,0.849,0,28.03,request_alternative_payment,1,2511.53
9251.22,expired_card,card,0.469,0,0.25,request_alternative_payment,0,0.0
7137.71,network_error,card,0.589,0,48.87,request_alternative_payment,0,0.0
7197.09,expired_card,card,0.772,1,7.71,request_alternative_payment,0,0.0
6259.63,network_error,wallet,0.881,0,8.05,request_card_update,1,6259.63
5188.27,expired_card,upi,0.83,2,12.52,request_card_update,0,0.0
8728.27,card_declined,card,0.669,4,21.17,request_alternative_payment,0,0.0
10564.77,insufficient_funds,card,0.771,1,12.67,retry_now,1,10564.77
10364.85,card_declined,upi,0.6,1,1.46,request_card_update,1,10364.85
4612.71,network_error,upi,0.939,4,20.49,request_alternative_payment,1,4612.71
15165.64,insufficient_funds,card,0.629,0,1.56,request_card_update,1,15165.64
6002.68,expired_card,card,0.793,1,3.84,request_card_update,1,6002.68
8292.4,insufficient_funds,upi,0.674,4,20.06,retry_later,1,8292.4
6265.81,expired_card,upi,0.593,0,1.87,retry_later,0,0.0
6092.41,card_declined,netbanking,0.742,3,3.53,request_alternative_payment,1,6092.41
2775.52,network_error,upi,0.711,1,21.48,retry_now,1,2775.52
8762.83,expired_card,upi,0.669,1,42.71,request_card_update,0,0.0
48699.73,card_declined,upi,0.534,2,18.7,request_card_update,0,0.0
3704.7,network_error,upi,0.54,4,17.44,retry_later,0,0.0
5292.2,insufficient_funds,upi,0.808,0,65.33,retry_later,0,0.0
3498.99,network_error,card,0.76,0,51.91,retry_later,1,3498.99
3383.88,network_error,wallet,0.628,0,16.12,retry_later,1,3383.88
17201.52,insufficient_funds,card,0.791,1,32.01,request_card_update,0,0.0
2918.47,insufficient_funds,upi,0.772,0,21.16,request_card_update,0,0.0
3421.82,card_declined,upi,0.583,0,2.2,request_alternative_payment,0,0.0
1404.17,insufficient_funds,netbanking,0.656,1,3.54,retry_later,0,0.0
2727.4,network_error,card,0.545,2,4.62,retry_now,1,2727.4
1274.71,insufficient_funds,netbanking,0.778,4,0.8,retry_now,1,1274.71
8288.6,expired_card,card,0.484,0,2.78,request_alternative_payment,0,0.0
46955.28,expired_card,card,0.893,4,1.84,retry_later,0,0.0
3728.83,expired_card,netbanking,0.675,0,46.76,retry_now,0,0.0
1317.89,card_declined,card,0.713,3,47.9,retry_now,0,0.0
10272.16,insufficient_funds,upi,0.69,2,7.6,retry_later,0,0.0
2795.18,network_error,upi,0.828,1,13.54,retry_later,1,2795.18
14138.7,network_error,wallet,0.657,4,60.81,request_alternative_payment,0,0.0
3990.09,expired_card,netbanking,0.838,0,21.36,retry_now,0,0.0
3016.16,card_declined,card,0.565,2,6.08,request_card_update,0,0.0
4336.52,insufficient_funds,netbanking,0.79,2,11.68,request_alternative_payment,1,4336.52
9167.45,expired_card,card,0.707,0,9.19,retry_later,1,9167.45
4168.27,network_error,upi,0.693,0,35.05,request_alternative_payment,1,4168.27
3360.39,insufficient_funds,netbanking,0.735,1,14.48,retry_now,1,3360.39
4264.7,network_error,upi,0.545,0,5.17,retry_now,0,0.0
1807.52,insufficient_funds,upi,0.597,3,37.01,request_card_update,0,0.0
6869.31,card_declined,netbanking,0.757,0,55.46,retry_later,1,6869.31
1197.29,card_declined,upi,0.782,1,23.6,request_alternative_payment,1,1197.29
3504.83,card_declined,wallet,0.895,1,5.95,request_card_update,1,3504.83
9179.26,insufficient_funds,card,0.833,1,8.19,request_alternative_payment,0,0.0
6371.77,insufficient_funds,card,0.732,0,0.56,retry_now,1,6371.77
8018.04,card_declined,netbanking,0.807,1,2.94,retry_later,0,0.0
4746.47,insufficient_funds,card,0.955,3,8.66,retry_now,0,0.0
12746.22,card_declined,card,0.81,0,45.65,retry_now,0,0.0
10477.16,card_declined,netbanking,0.609,0,51.36,request_card_update,1,10477.16
7144.56,network_error,upi,0.98,3,11.59,request_alternative_payment,0,0.0
10501.04,network_error,card,0.58,3,0.8,retry_now,0,0.0
9113.68,insufficient_funds,card,0.437,1,46.96,request_card_update,0,0.0
3517.91,insufficient_funds,card,0.876,3,10.65,retry_now,0,0.0
1706.29,network_error,card,0.773,4,21.26,retry_later,0,0.0
6998.72,expired_card,card,0.853,0,31.01,retry_later,0,0.0
7739.28,expired_card,netbanking,0.682,0,0.83,request_alternative_payment,0,0.0
11962.96,expired_card,card,0.618,1,49.52,request_alternative_payment,1,11962.96
2364.06,card_declined,netbanking,0.718,2,28.28,retry_now,0,0.0
2421.27,expired_card,wallet,0.79,2,3.68,retry_now,1,2421.27
7223.63,card_declined,card,0.71,1,45.56,request_alternative_payment,1,7223.63
4723.28,network_error,wallet,0.678,0,55.35,request_card_update,0,0.0
1106.09,expired_card,card,0.974,0,5.6,request_card_update,0,0.0
6749.88,network_error,upi,0.472,2,9.02,request_alternative_payment,0,0.0
1135.98,card_declined,wallet,0.825,1,6.47,retry_later,1,1135.98
2347.22,card_declined,netbanking,0.76,0,4.02,retry_later,0,0.0
14743.22,insufficient_funds,card,0.613,2,6.16,retry_now,1,14743.22
21527.71,card_declined,card,0.757,1,29.97,request_alternative_payment,0,0.0
1890.64,network_error,card,0.592,1,20.35,retry_later,1,1890.64
3841.74,network_error,wallet,0.856,3,14.49,retry_now,0,0.0
5173.43,insufficient_funds,card,0.768,0,21.7,request_alternative_payment,0,0.0
20788.91,network_error,upi,0.695,2,0.34,request_card_update,1,20788.91
3370.78,card_declined,card,0.761,0,18.17,retry_now,0,0.0
3414.16,card_declined,card,0.925,1,16.26,retry_later,0,0.0
17260.46,card_declined,card,0.57,4,6.66,retry_now,0,0.0
3704.72,card_declined,card,0.824,1,19.34,request_card_update,0,0.0
8910.22,network_error,upi,0.806,1,9.72,retry_now,0,0.0
1533.76,network_error,card,0.778,1,34.57,retry_now,1,1533.76
4359.91,network_error,card,0.832,2,7.99,request_card_update,0,0.0
1325.46,card_declined,upi,0.806,2,19.55,request_alternative_payment,0,0.0
2149.19,network_error,card,0.648,2,8.09,retry_later,0,0.0
9784.5,insufficient_funds,netbanking,0.615,2,0.32,request_alternative_payment,1,9784.5
4804.31,card_declined,upi,0.936,0,21.62,request_alternative_payment,1,4804.31
3873.48,card_declined,upi,0.642,0,2.84,request_alternative_payment,0,0.0
2746.8,network_error,card,0.653,1,5.76,request_alternative_payment,1,2746.8
4190.89,expired_card,card,0.877,1,5.95,retry_now,0,0.0
6361.91,insufficient_funds,netbanking,0.976,2,25.7,retry_later,0,0.0
10976.66,network_error,netbanking,0.503,1,26.88,request_card_update,0,0.0
612.21,insufficient_funds,card,0.559,1,79.24,request_card_update,1,612.21
2570.32,card_declined,card,0.805,1,0.31,request_card_update,0,0.0
5678.66,network_error,card,0.858,0,5.09,retry_now,0,0.0
4619.78,network_error,upi,0.924,1,5.43,retry_later,1,4619.78
6904.26,expired_card,card,0.806,1,38.89,request_card_update,0,0.0
6193.31,network_error,wallet,0.797,1,15.93,retry_later,0,0.0
3917.85,insufficient_funds,card,0.523,3,8.94,retry_later,0,0.0
3280.37,expired_card,wallet,0.653,1,28.43,request_card_update,0,0.0
4108.41,expired_card,card,0.906,1,0.67,retry_later,1,4108.41
12533.84,card_declined,card,0.749,2,1.75,request_card_update,0,0.0
2783.84,insufficient_funds,card,0.733,4,28.31,request_alternative_payment,0,0.0
4754.98,insufficient_funds,card,0.899,2,8.59,request_card_update,1,4754.98
5789.88,network_error,wallet,0.893,0,5.49,retry_later,1,5789.88
17421.74,expired_card,upi,0.683,1,83.0,request_card_update,1,17421.74
3932.17,network_error,card,0.721,0,33.99,retry_later,1,3932.17
10766.97,card_declined,wallet,0.812,0,33.58,retry_later,0,0.0
13396.87,insufficient_funds,card,0.901,2,50.99,retry_now,0,0.0
4751.38,card_declined,card,0.745,1,14.39,request_card_update,0,0.0
4224.34,card_declined,card,0.856,0,84.27,request_card_update,0,0.0
3842.78,insufficient_funds,upi,0.719,1,76.16,retry_later,0,0.0
4074.63,insufficient_funds,wallet,0.849,0,46.67,request_card_update,0,0.0
9902.92,insufficient_funds,card,0.727,0,31.67,retry_now,0,0.0
6014.94,insufficient_funds,upi,0.651,2,18.07,retry_later,1,6014.94
6035.57,network_error,card,0.86,0,12.72,request_card_update,1,6035.57
2032.48,card_declined,card,0.659,0,12.17,request_card_update,1,2032.48
2305.84,card_declined,upi,0.905,2,17.29,request_alternative_payment,1,2305.84
27776.64,card_declined,upi,0.458,3,41.17,request_alternative_payment,1,27776.64
4336.98,expired_card,upi,0.779,0,26.36,retry_later,0,0.0
2690.21,network_error,card,0.806,1,21.49,retry_later,1,2690.21
15710.31,card_declined,card,0.747,0,32.26,request_card_update,0,0.0
6264.41,network_error,upi,0.786,0,33.04,retry_now,1,6264.41
7940.39,network_error,upi,0.846,1,37.53,retry_later,1,7940.39
4477.21,network_error,card,0.665,2,25.19,request_alternative_payment,0,0.0
3874.82,card_declined,card,0.838,0,9.91,request_alternative_payment,1,3874.82
4365.66,card_declined,netbanking,0.857,0,19.05,retry_later,0,0.0
1654.08,card_declined,card,0.898,1,3.87,retry_now,0,0.0
4660.38,card_declined,upi,0.833,2,31.69,request_alternative_payment,1,4660.38
6336.11,insufficient_funds,upi,0.756,0,13.0,retry_now,1,6336.11
21972.87,card_declined,card,0.833,1,18.19,retry_later,0,0.0
5356.11,card_declined,upi,0.922,0,42.04,request_alternative_payment,1,5356.11
772.67,card_declined,upi,0.68,4,22.75,request_card_update,1,772.67
4637.84,card_declined,upi,0.817,4,39.46,request_alternative_payment,0,0.0
44747.75,insufficient_funds,wallet,0.685,2,15.62,request_card_update,0,0.0
9999.46,insufficient_funds,upi,0.683,0,3.9,retry_later,0,0.0
2613.6,card_declined,card,0.784,0,11.03,retry_later,1,2613.6
8023.09,network_error,card,0.657,0,20.87,request_alternative_payment,1,8023.09
2761.65,insufficient_funds,upi,0.984,0,32.29,request_alternative_payment,1,2761.65
1692.81,insufficient_funds,card,0.824,1,15.04,retry_later,0,0.0
3783.85,insufficient_funds,netbanking,0.763,1,13.28,retry_later,1,3783.85
5379.84,card_declined,card,0.749,4,33.32,request_alternative_payment,0,0.0
1118.19,insufficient_funds,card,0.896,2,3.54,request_card_update,0,0.0
1993.94,card_declined,card,0.704,0,44.66,request_card_update,0,0.0
5041.51,card_declined,netbanking,0.741,0,34.56,request_card_update,0,0.0
3607.08,expired_card,upi,0.736,3,3.62,request_card_update,0,0.0
6857.12,network_error,upi,0.491,2,4.57,request_alternative_payment,0,0.0
1892.13,insufficient_funds,card,0.778,0,5.43,retry_now,1,1892.13
8852.76,card_declined,wallet,0.796,3,3.29,retry_now,0,0.0
1939.5,network_error,netbanking,0.807,1,2.66,request_alternative_payment,1,1939.5
18608.63,insufficient_funds,card,0.793,2,15.22,request_alternative_payment,0,0.0
1267.23,expired_card,netbanking,0.425,1,49.23,retry_now,0,0.0
2086.3,card_declined,wallet,0.54,2,15.84,request_alternative_payment,0,0.0
6981.99,insufficient_funds,card,0.824,0,11.49,retry_now,0,0.0
18931.45,insufficient_funds,card,0.736,1,2.03,request_card_update,1,18931.45
6433.2,expired_card,upi,0.863,0,13.58,request_card_update,1,6433.2
7843.81,expired_card,card,0.869,1,3.82,request_card_update,1,7843.81
5070.64,expired_card,netbanking,0.808,0,0.69,retry_later,1,5070.64
2199.7,insufficient_funds,upi,0.443,2,13.47,request_card_update,0,0.0
3378.15,network_error,card,0.948,0,16.23,retry_later,0,0.0
1896.31,insufficient_funds,card,0.745,0,65.38,retry_now,0,0.0
1797.63,card_declined,upi,0.972,0,15.68,retry_later,1,1797.63
6895.28,network_error,card,0.489,2,12.08,retry_later,1,6895.28
2035.81,expired_card,card,0.718,1,26.34,retry_later,0,0.0
6456.46,card_declined,card,0.841,1,26.15,request_card_update,0,0.0
1764.7,card_declined,netbanking,0.725,1,18.13,retry_later,0,0.0
6337.88,insufficient_funds,card,0.86,0,8.92,retry_later,1,6337.88
3382.08,card_declined,card,0.939,3,2.99,request_card_update,1,3382.08
15405.59,insufficient_funds,netbanking,0.892,0,36.49,request_alternative_payment,1,15405.59
6478.01,expired_card,card,0.461,2,7.83,request_card_update,0,0.0
13437.7,insufficient_funds,upi,0.541,3,8.93,request_card_update,0,0.0
2731.69,network_error,card,0.619,0,5.21,retry_now,1,2731.69
5229.69,insufficient_funds,netbanking,0.889,2,40.44,retry_now,1,5229.69
2280.9,card_declined,card,0.866,0,5.04,request_alternative_payment,0,0.0
3591.44,insufficient_funds,card,0.596,3,3.56,retry_now,1,3591.44
4054.2,card_declined,card,0.593,0,56.91,request_alternative_payment,1,4054.2
2797.57,card_declined,wallet,0.851,0,4.16,request_card_update,0,0.0
1890.87,card_declined,netbanking,0.599,0,8.34,request_alternative_payment,0,0.0
1613.85,expired_card,card,0.771,4,20.59,request_card_update,1,1613.85
769.23,insufficient_funds,card,0.884,0,70.15,retry_now,1,769.23
2147.62,card_declined,card,0.946,3,25.65,retry_later,0,0.0
8260.07,expired_card,card,0.513,3,22.71,retry_later,0,0.0
1391.86,insufficient_funds,card,0.565,3,22.71,request_card_update,0,0.0
1673.54,expired_card,netbanking,0.81,0,8.39,request_card_update,1,1673.54
20950.38,expired_card,card,0.314,2,11.34,request_alternative_payment,0,0.0
3004.89,network_error,netbanking,0.78,1,3.27,request_card_update,1,3004.89
6464.17,card_declined,card,0.853,1,54.18,retry_now,0,0.0
8358.61,network_error,netbanking,0.97,0,31.16,retry_now,0,0.0
8494.84,card_declined,card,0.699,4,53.81,retry_later,0,0.0
1479.33,card_declined,card,0.902,0,11.74,request_card_update,0,0.0
4156.15,expired_card,netbanking,0.833,3,18.72,request_card_update,1,4156.15
1370.06,insufficient_funds,card,0.637,0,3.38,retry_now,1,1370.06
35392.23,network_error,netbanking,0.729,2,1.31,request_alternative_payment,0,0.0
1395.9,card_declined,netbanking,0.946,2,42.83,request_alternative_payment,1,1395.9
2162.29,insufficient_funds,wallet,0.77,0,4.05,retry_now,0,0.0
2174.84,card_declined,netbanking,0.786,1,33.71,retry_later,0,0.0
1510.0,network_error,card,0.835,0,3.1,request_alternative_payment,1,1510.0
14753.98,card_declined,card,0.627,0,0.55,retry_later,0,0.0
34722.79,network_error,upi,0.799,1,24.4,retry_now,1,34722.79
3417.26,card_declined,card,0.763,2,22.57,request_alternative_payment,0,0.0
1738.63,expired_card,upi,0.684,2,5.24,retry_now,0,0.0
835.18,card_declined,card,0.532,2,0.25,request_alternative_payment,1,835.18
4112.99,network_error,upi,0.632,2,28.27,request_alternative_payment,0,0.0
3881.98,insufficient_funds,card,0.682,1,2.4,retry_later,0,0.0
2969.52,card_declined,card,0.811,4,2.15,request_alternative_payment,0,0.0
5968.75,expired_card,wallet,0.819,4,44.82,retry_later,0,0.0
6859.1,insufficient_funds,netbanking,0.781,1,23.03,request_alternative_payment,0,0.0
6474.71,card_declined,card,0.848,4,17.67,request_card_update,0,0.0
3882.73,network_error,card,0.773,4,8.57,request_alternative_payment,1,3882.73
2071.23,network_error,upi,0.73,2,6.65,retry_now,0,0.0
8517.34,expired_card,card,0.651,2,48.86,retry_later,0,0.0
5050.31,network_error,upi,0.866,0,8.03,request_alternative_payment,1,5050.31
10176.94,expired_card,netbanking,0.823,0,5.71,retry_now,1,10176.94
9407.42,card_declined,card,0.845,0,9.93,request_alternative_payment,1,9407.42
1603.24,card_declined,card,0.645,0,1.28,request_alternative_payment,0,0.0
1587.34,network_error,card,0.891,2,14.78,retry_later,1,1587.34
2731.92,network_error,card,0.784,0,9.24,request_alternative_payment,1,2731.92
2147.76,insufficient_funds,upi,0.871,1,96.0,request_card_update,1,2147.76
9148.95,card_declined,card,0.511,1,4.35,request_alternative_payment,0,0.0
6622.58,card_declined,wallet,0.727,0,14.01,request_card_update,1,6622.58
12046.63,network_error,upi,0.756,3,13.31,request_alternative_payment,1,12046.63
6866.31,card_declined,card,0.911,2,17.74,request_card_update,0,0.0
5908.3,network_error,upi,0.834,0,14.9,retry_now,1,5908.3
13055.66,network_error,card,0.774,1,0.25,request_card_update,1,13055.66
7280.65,insufficient_funds,card,0.622,1,7.34,retry_later,1,7280.65
5279.96,card_declined,upi,0.472,1,30.28,retry_now,0,0.0
16343.01,card_declined,card,0.963,0,7.6,request_alternative_payment,1,16343.01
5482.62,insufficient_funds,card,0.583,0,12.08,request_card_update,0,0.0
3919.51,card_declined,card,0.809,0,88.33,retry_later,1,3919.51
2557.88,card_declined,card,0.86,2,10.79,retry_now,0,0.0
8774.57,network_error,upi,0.809,1,3.15,retry_now,0,0.0
13451.33,card_declined,wallet,0.377,1,2.34,request_alternative_payment,1,13451.33
4801.69,insufficient_funds,upi,0.866,1,6.18,request_card_update,0,0.0
14235.95,card_declined,wallet,0.567,2,8.74,request_card_update,0,0.0
1033.99,network_error,upi,0.943,2,19.52,request_alternative_payment,1,1033.99
4783.03,card_declined,card,0.676,0,10.46,request_alternative_payment,0,0.0
4842.17,insufficient_funds,netbanking,0.894,2,2.01,retry_now,1,4842.17
2795.03,expired_card,card,0.887,0,10.89,request_card_update,0,0.0
33667.29,insufficient_funds,card,0.682,0,5.35,request_card_update,0,0.0
4742.12,insufficient_funds,wallet,0.659,2,12.46,retry_now,1,4742.12
3608.36,card_declined,upi,0.942,2,23.79,request_alternative_payment,1,3608.36
5104.93,network_error,wallet,0.854,2,7.72,request_card_update,1,5104.93
1007.21,network_error,card,0.795,1,8.48,request_card_update,1,1007.21
2722.48,insufficient_funds,netbanking,0.606,2,28.95,retry_later,0,0.0
10979.5,network_error,card,0.852,0,12.08,request_alternative_payment,0,0.0
3023.1,network_error,card,0.902,0,24.7,retry_later,0,0.0
2576.26,expired_card,netbanking,0.813,1,7.52,retry_later,0,0.0
14254.3,expired_card,card,0.887,2,5.56,retry_later,1,14254.3
14609.05,network_error,upi,0.837,0,17.74,request_alternative_payment,1,14609.05
7561.2,insufficient_funds,netbanking,0.948,0,0.71,request_card_update,0,0.0
3474.13,insufficient_funds,netbanking,0.701,0,37.86,retry_later,0,0.0
4128.28,expired_card,card,0.614,1,51.22,retry_now,0,0.0
2627.72,card_declined,card,0.77,0,5.17,request_alternative_payment,0,0.0
2256.06,card_declined,wallet,0.83,2,6.57,retry_now,0,0.0
2168.22,expired_card,upi,0.8,0,26.35,request_alternative_payment,0,0.0
3049.55,expired_card,upi,0.54,2,43.98,retry_now,1,3049.55
2185.1,network_error,card,0.672,0,2.68,request_alternative_payment,0,0.0
1431.14,expired_card,card,0.85,0,40.87,retry_later,0,0.0
5959.34,insufficient_funds,wallet,0.923,0,3.47,request_card_update,1,5959.34
6032.22,network_error,upi,0.762,0,51.62,request_alternative_payment,0,0.0
19493.33,expired_card,netbanking,0.927,3,4.62,request_alternative_payment,0,0.0
2929.31,insufficient_funds,card,0.857,0,9.19,retry_later,0,0.0
6336.45,insufficient_funds,card,0.872,2,5.15,request_card_update,0,0.0
6421.22,network_error,upi,0.732,0,62.63,request_alternative_payment,1,6421.22
4081.11,card_declined,netbanking,0.728,0,2.87,request_card_update,0,0.0
9069.39,insufficient_funds,card,0.754,0,15.16,request_alternative_payment,0,0.0
9296.34,insufficient_funds,card,0.845,1,6.92,retry_now,0,0.0
6497.17,insufficient_funds,upi,0.583,3,2.22,retry_later,0,0.0
4075.23,insufficient_funds,card,0.701,1,39.57,request_alternative_payment,0,0.0
3756.22,expired_card,card,0.766,2,1.63,retry_now,0,0.0
1674.03,network_error,upi,0.755,1,15.12,request_alternative_payment,0,0.0
2624.01,network_error,card,0.835,0,18.36,request_card_update,1,2624.01
3039.92,insufficient_funds,upi,0.766,1,21.22,retry_now,1,3039.92
2034.52,card_declined,card,0.856,1,12.29,retry_now,0,0.0
7109.11,insufficient_funds,upi,0.941,0,0.86,retry_later,1,7109.11
13023.3,expired_card,netbanking,0.635,1,7.78,request_card_update,0,0.0
2418.11,expired_card,netbanking,0.817,1,2.52,retry_later,0,0.0
6272.6,card_declined,upi,0.821,1,41.8,retry_later,0,0.0
2186.17,expired_card,upi,0.611,0,28.36,retry_later,0,0.0
3917.68,insufficient_funds,card,0.84,2,25.88,retry_now,1,3917.68
2878.23,insufficient_funds,card,0.779,1,31.01,request_card_update,1,2878.23
8092.64,network_error,card,0.791,0,18.96,request_alternative_payment,1,8092.64
2904.92,card_declined,upi,0.887,2,11.68,retry_later,1,2904.92
11231.99,expired_card,card,0.809,4,27.44,request_alternative_payment,0,0.0
4107.69,insufficient_funds,card,0.886,0,10.4,request_card_update,1,4107.69
2973.55,network_error,upi,0.526,1,7.8,request_card_update,1,2973.55
1834.54,insufficient_funds,upi,0.703,0,0.37,request_card_update,1,1834.54
6122.69,insufficient_funds,card,0.442,1,31.6,retry_later,0,0.0
10232.95,card_declined,card,0.867,0,4.72,request_alternative_payment,1,10232.95
6222.02,expired_card,upi,0.899,2,8.6,retry_now,1,6222.02
29979.18,card_declined,wallet,0.87,3,1.54,request_card_update,0,0.0
15693.83,card_declined,upi,0.84,0,5.34,request_alternative_payment,1,15693.83
3909.52,insufficient_funds,card,0.888,3,3.94,retry_now,0,0.0
3876.82,insufficient_funds,netbanking,0.817,0,7.84,request_card_update,1,3876.82
7280.47,insufficient_funds,card,0.708,0,8.11,retry_later,0,0.0
2557.48,network_error,card,0.783,3,53.37,retry_now,0,0.0
12711.01,insufficient_funds,card,0.758,1,5.31,retry_now,1,12711.01
6677.33,insufficient_funds,card,0.747,0,8.57,retry_now,1,6677.33
6138.65,card_declined,upi,0.638,0,34.91,retry_now,0,0.0
8662.48,card_declined,upi,0.54,0,26.6,retry_later,0,0.0
19840.03,card_declined,netbanking,0.598,3,42.33,request_card_update,0,0.0
5732.79,insufficient_funds,upi,0.796,0,4.96,request_alternative_payment,1,5732.79
4567.68,card_declined,card,0.641,0,11.59,request_alternative_payment,0,0.0
16716.79,network_error,upi,0.91,4,4.62,retry_later,1,16716.79
10842.55,insufficient_funds,upi,0.781,1,4.85,request_card_update,0,0.0
3867.68,network_error,upi,0.696,3,5.34,request_card_update,1,3867.68
5020.79,insufficient_funds,card,0.5,1,6.62,retry_later,0,0.0
5845.91,expired_card,upi,0.906,1,31.83,request_card_update,0,0.0
6678.47,expired_card,upi,0.923,3,52.7,request_card_update,0,0.0
1689.04,insufficient_funds,card,0.781,4,3.33,request_card_update,0,0.0
1455.65,card_declined,netbanking,0.947,0,5.75,request_alternative_payment,1,1455.65
2458.44,card_declined,card,0.832,2,7.85,retry_later,1,2458.44
2310.92,network_error,card,0.978,1,4.54,retry_later,1,2310.92
2987.33,card_declined,upi,0.446,0,3.92,request_alternative_payment,1,2987.33
8307.9,card_declined,netbanking,0.943,0,96.0,request_alternative_payment,0,0.0
4367.95,insufficient_funds,upi,0.787,1,43.48,retry_now,1,4367.95
5850.65,insufficient_funds,upi,0.879,0,17.38,request_card_update,1,5850.65
1877.6,network_error,wallet,0.893,3,11.43,retry_now,0,0.0
3456.04,card_declined,card,0.788,0,3.67,retry_now,1,3456.04
7998.42,network_error,card,0.88,1,34.56,request_card_update,1,7998.42
8047.81,network_error,upi,0.858,2,13.13,retry_later,1,8047.81
2800.45,card_declined,card,0.701,1,7.71,request_card_update,1,2800.45
5690.33,card_declined,upi,0.877,1,24.29,retry_now,0,0.0
29035.41,expired_card,wallet,0.744,1,1.79,request_card_update,1,29035.41
4930.1,network_error,card,0.842,0,13.97,request_alternative_payment,1,4930.1
2871.65,expired_card,card,0.93,1,11.23,retry_now,1,2871.65
4351.1,expired_card,card,0.976,4,9.82,retry_now,0,0.0
5382.64,card_declined,upi,0.774,2,11.33,retry_later,1,5382.64
4430.46,network_error,upi,0.622,0,34.38,request_alternative_payment,0,0.0
4876.14,network_error,wallet,0.819,3,2.76,retry_now,0,0.0
1575.67,insufficient_funds,upi,0.938,3,45.56,retry_now,0,0.0
2314.82,card_declined,wallet,0.525,0,14.58,retry_now,1,2314.82
4436.96,card_declined,card,0.622,3,31.64,retry_now,1,4436.96
4380.77,card_declined,card,0.649,1,0.39,retry_later,1,4380.77
3178.75,insufficient_funds,card,0.954,3,16.52,request_alternative_payment,0,0.0
4339.79,network_error,netbanking,0.782,1,19.28,request_alternative_payment,0,0.0
5250.11,network_error,card,0.783,0,39.74,retry_now,0,0.0
10185.54,card_declined,card,0.436,0,11.96,retry_later,1,10185.54
4618.49,insufficient_funds,card,0.656,1,1.97,retry_now,0,0.0
6880.7,card_declined,card,0.96,0,10.74,request_card_update,0,0.0
3241.89,insufficient_funds,upi,0.76,2,7.28,retry_later,1,3241.89
7901.99,insufficient_funds,netbanking,0.704,0,4.28,request_card_update,1,7901.99
6753.24,card_declined,card,0.834,0,33.86,retry_later,1,6753.24
9995.07,expired_card,upi,0.74,1,13.14,retry_later,0,0.0
8848.13,card_declined,card,0.794,1,8.74,retry_later,0,0.0
8007.88,card_declined,card,0.681,0,35.8,request_card_update,0,0.0
4621.43,expired_card,card,0.736,0,7.55,request_alternative_payment,0,0.0
6082.34,card_declined,upi,0.706,2,0.5,request_alternative_payment,1,6082.34
11707.68,expired_card,upi,0.97,0,29.06,retry_later,1,11707.68
2967.67,insufficient_funds,upi,0.886,0,65.81,retry_now,1,2967.67
3024.4,card_declined,netbanking,0.161,4,18.05,retry_later,1,3024.4
5781.04,insufficient_funds,card,0.928,0,15.98,request_alternative_payment,1,5781.04
6970.32,card_declined,upi,0.769,3,13.01,request_alternative_payment,0,0.0
2586.1,expired_card,upi,0.632,1,3.93,request_card_update,1,2586.1
4709.72,network_error,card,0.621,4,27.66,retry_now,1,4709.72
4637.79,card_declined,card,0.757,1,22.89,retry_later,0,0.0
849.77,insufficient_funds,card,0.884,2,9.39,retry_now,1,849.77
4194.45,expired_card,card,0.736,4,17.13,retry_now,1,4194.45
4408.72,card_declined,card,0.642,0,1.54,request_card_update,0,0.0
4398.24,insufficient_funds,card,0.624,0,29.63,retry_later,0,0.0
15520.62,expired_card,wallet,0.5,1,20.35,request_alternative_payment,0,0.0
1890.42,card_declined,netbanking,0.861,2,0.73,retry_now,1,1890.42
2585.04,card_declined,upi,0.635,1,19.2,retry_later,0,0.0
618.59,insufficient_funds,upi,0.499,2,18.19,retry_later,0,0.0
3403.16,insufficient_funds,wallet,0.644,0,6.15,retry_later,0,0.0
3643.42,network_error,card,0.564,0,24.91,request_alternative_payment,1,3643.42
3324.96,card_declined,upi,0.863,0,30.56,retry_later,1,3324.96
12128.76,expired_card,upi,0.583,0,18.43,retry_now,0,0.0
9953.58,insufficient_funds,wallet,0.666,0,1.65,request_card_update,1,9953.58
5321.33,card_declined,netbanking,0.899,0,2.37,request_alternative_payment,1,5321.33
3717.11,network_error,card,0.741,0,24.67,request_card_update,1,3717.11
11363.31,card_declined,upi,0.629,0,4.27,request_card_update,0,0.0
4921.59,card_declined,card,0.763,1,3.7,retry_later,1,4921.59
2598.21,card_declined,card,0.626,2,16.2,request_card_update,0,0.0
1266.73,network_error,upi,0.891,3,19.23,request_alternative_payment,1,1266.73
3512.7,expired_card,upi,0.7,0,2.02,retry_later,1,3512.7
9144.5,insufficient_funds,card,0.7,2,5.0,retry_now,1,9144.5
30897.3,card_declined,card,0.671,1,6.43,retry_now,0,0.0
5252.62,card_declined,upi,0.881,3,4.54,request_alternative_payment,1,5252.62
2710.56,insufficient_funds,card,0.736,2,9.71,retry_now,0,0.0
1937.63,insufficient_funds,netbanking,0.587,0,11.9,request_card_update,0,0.0
7775.69,expired_card,upi,0.749,0,21.72,retry_later,1,7775.69
1218.65,insufficient_funds,upi,0.473,1,48.56,retry_now,0,0.0
7765.68,insufficient_funds,card,0.766,2,30.21,request_card_update,1,7765.68
9617.72,card_declined,wallet,0.906,0,17.79,retry_now,0,0.0
7088.41,insufficient_funds,wallet,0.783,1,2.22,retry_later,1,7088.41
4194.22,insufficient_funds,card,0.654,0,15.35,request_card_update,1,4194.22
7856.89,insufficient_funds,upi,0.904,3,42.22,retry_later,0,0.0
5732.71,insufficient_funds,netbanking,0.958,4,2.8,retry_later,1,5732.71
2683.01,card_declined,card,0.874,3,19.28,request_alternative_payment,1,2683.01
21971.97,network_error,upi,0.746,3,36.03,request_alternative_payment,1,21971.97
3773.85,insufficient_funds,netbanking,0.915,4,2.52,retry_now,0,0.0
9300.24,card_declined,upi,0.708,0,12.82,retry_later,0,0.0
722.2,card_declined,wallet,0.84,1,39.61,retry_later,0,0.0
13882.3,insufficient_funds,card,0.715,0,2.32,retry_now,0,0.0
16190.89,card_declined,wallet,0.959,1,11.31,request_card_update,0,0.0
5120.77,card_declined,wallet,0.832,0,25.75,retry_later,1,5120.77
7818.2,insufficient_funds,card,0.742,2,37.34,retry_later,0,0.0
7816.6,card_declined,card,0.639,0,2.83,retry_now,0,0.0
2989.81,insufficient_funds,upi,0.958,3,15.07,retry_later,0,0.0
7745.68,expired_card,netbanking,0.841,3,47.3,retry_later,0,0.0
2618.32,expired_card,card,0.831,4,5.08,retry_now,0,0.0
3072.32,expired_card,card,0.823,0,0.85,retry_now,0,0.0
12317.15,insufficient_funds,netbanking,0.885,2,1.07,request_card_update,1,12317.15
10904.37,network_error,card,0.695,0,4.4,request_card_update,0,0.0
2841.52,card_declined,upi,0.795,0,10.29,request_alternative_payment,1,2841.52
2780.35,insufficient_funds,upi,0.907,2,26.13,retry_later,1,2780.35
2983.09,expired_card,wallet,0.506,0,38.22,retry_now,0,0.0
8984.94,network_error,card,0.58,3,3.1,request_alternative_payment,0,0.0
2246.67,insufficient_funds,wallet,0.865,3,1.07,retry_now,0,0.0
6651.27,expired_card,upi,0.741,1,14.92,request_card_update,0,0.0
9087.64,insufficient_funds,wallet,0.749,1,9.44,request_alternative_payment,0,0.0
4659.19,card_declined,card,0.619,3,4.32,request_card_update,0,0.0
11217.65,insufficient_funds,upi,0.814,2,3.43,request_alternative_payment,1,11217.65
3919.6,insufficient_funds,netbanking,0.701,0,1.11,request_alternative_payment,0,0.0
4213.75,expired_card,netbanking,0.814,1,16.32,retry_later,1,4213.75
2287.92,card_declined,card,0.957,1,6.66,retry_later,1,2287.92
11281.68,insufficient_funds,upi,0.94,3,0.63,retry_now,0,0.0
2708.03,network_error,card,0.901,3,19.93,request_alternative_payment,1,2708.03
6614.44,expired_card,card,0.749,1,0.77,request_card_update,0,0.0
4722.72,expired_card,upi,0.776,0,27.7,request_alternative_payment,1,4722.72
2153.75,expired_card,wallet,0.399,1,10.22,request_alternative_payment,1,2153.75
3071.47,expired_card,upi,0.815,1,24.12,request_card_update,0,0.0
15115.73,card_declined,card,0.627,1,21.17,retry_later,1,15115.73
5875.34,insufficient_funds,card,0.912,4,0.29,request_alternative_payment,1,5875.34
2230.26,expired_card,card,0.736,4,17.12,request_alternative_payment,0,0.0
6383.4,insufficient_funds,card,0.906,1,4.17,request_card_update,0,0.0
4448.41,insufficient_funds,netbanking,0.859,3,16.9,request_alternative_payment,0,0.0
50000.0,card_declined,card,0.815,0,3.99,retry_now,0,0.0
6281.05,insufficient_funds,card,0.703,0,10.82,retry_now,0,0.0
3687.46,card_declined,upi,0.624,2,42.01,request_card_update,1,3687.46
15571.78,expired_card,card,0.573,1,27.24,retry_later,0,0.0
1146.38,card_declined,card,0.673,2,1.22,request_alternative_payment,0,0.0
5391.88,card_declined,upi,0.725,0,40.07,request_card_update,0,0.0
24655.02,card_declined,card,0.824,1,8.57,request_card_update,0,0.0
4556.15,network_error,upi,0.636,2,45.86,request_alternative_payment,1,4556.15
1249.57,insufficient_funds,upi,0.84,1,13.72,request_card_update,0,0.0
3642.62,insufficient_funds,upi,0.896,0,11.53,request_card_update,1,3642.62
16007.42,card_declined,card,0.566,1,10.91,request_alternative_payment,0,0.0
6755.07,card_declined,card,0.905,1,47.34,request_card_update,0,0.0
2555.77,card_declined,upi,0.655,1,15.65,retry_now,0,0.0
2889.96,insufficient_funds,card,0.965,1,6.31,retry_later,0,0.0
3195.29,insufficient_funds,card,0.551,1,8.76,retry_now,1,3195.29
6675.18,network_error,card,0.709,0,1.43,request_card_update,1,6675.18
14585.02,card_declined,card,0.734,0,21.35,retry_now,1,14585.02
11604.31,card_declined,card,0.597,0,19.21,retry_now,0,0.0
7201.2,expired_card,wallet,0.735,1,14.48,retry_later,1,7201.2
1723.1,network_error,upi,0.844,3,6.15,retry_now,0,0.0
1728.22,insufficient_funds,upi,0.726,2,61.85,request_card_update,1,1728.22
7660.21,network_error,card,0.671,1,42.57,retry_later,0,0.0
1704.14,insufficient_funds,card,0.581,1,31.47,retry_now,0,0.0
4174.46,insufficient_funds,netbanking,0.673,4,4.1,request_alternative_payment,1,4174.46
6377.39,network_error,upi,0.739,4,52.87,request_card_update,0,0.0
2012.47,insufficient_funds,wallet,0.577,4,4.53,request_alternative_payment,1,2012.47
2203.46,insufficient_funds,card,0.864,0,17.54,request_alternative_payment,1,2203.46
4637.34,expired_card,card,0.781,1,17.97,request_alternative_payment,1,4637.34
7480.94,network_error,upi,0.93,2,4.48,request_alternative_payment,1,7480.94
11689.05,expired_card,card,0.641,0,42.07,request_alternative_payment,0,0.0
8126.1,expired_card,card,0.517,1,2.91,request_card_update,0,0.0
5303.48,insufficient_funds,card,0.868,0,2.47,retry_later,1,5303.48
2752.42,card_declined,card,0.871,1,10.08,request_alternative_payment,1,2752.42
2122.75,card_declined,netbanking,0.403,1,26.81,request_alternative_payment,0,0.0
3322.56,network_error,netbanking,0.84,0,32.04,retry_now,1,3322.56
6940.59,insufficient_funds,upi,0.559,1,45.81,retry_later,0,0.0
6545.23,insufficient_funds,card,0.869,0,7.59,retry_later,0,0.0
931.94,insufficient_funds,netbanking,0.882,3,16.95,retry_later,1,931.94
2666.85,network_error,upi,0.959,0,4.14,request_alternative_payment,1,2666.85
13105.66,insufficient_funds,netbanking,0.594,1,4.07,request_alternative_payment,1,13105.66
5327.12,card_declined,upi,0.687,0,35.47,request_card_update,0,0.0
1609.35,expired_card,wallet,0.574,1,5.78,retry_later,0,0.0
32920.48,network_error,card,0.781,1,17.88,retry_now,1,32920.48
4885.56,card_declined,upi,0.779,4,1.25,request_card_update,0,0.0
6799.88,insufficient_funds,netbanking,0.756,2,21.65,retry_later,0,0.0
6883.02,expired_card,netbanking,0.931,0,2.5,retry_later,1,6883.02
3726.1,card_declined,wallet,0.561,2,1.9,request_alternative_payment,0,0.0
2793.73,card_declined,card,0.496,1,5.27,retry_later,0,0.0
27297.03,expired_card,upi,0.848,0,0.37,request_alternative_payment,1,27297.03
11156.28,insufficient_funds,card,0.874,1,46.69,retry_now,0,0.0
9650.29,card_declined,upi,0.854,0,11.25,request_card_update,1,9650.29
7928.54,insufficient_funds,card,0.824,1,45.94,request_alternative_payment,0,0.0
2240.69,insufficient_funds,card,0.813,1,6.03,request_card_update,1,2240.69
13894.07,card_declined,wallet,0.903,0,7.47,request_alternative_payment,0,0.0
2547.04,network_error,netbanking,0.768,2,1.78,request_alternative_payment,0,0.0
6271.82,insufficient_funds,upi,0.88,0,3.05,retry_later,0,0.0
1347.06,network_error,card,0.715,2,32.05,request_card_update,0,0.0
977.02,network_error,card,0.705,3,9.36,retry_now,1,977.02
6449.94,expired_card,card,0.541,0,34.67,request_card_update,0,0.0
2617.34,insufficient_funds,card,0.965,0,24.27,retry_later,0,0.0
1018.27,network_error,wallet,0.64,0,0.98,retry_now,1,1018.27
7705.43,insufficient_funds,upi,0.801,1,57.66,retry_now,0,0.0
27262.24,network_error,card,0.924,2,9.93,request_alternative_payment,1,27262.24
15196.82,card_declined,upi,0.633,0,58.96,request_card_update,1,15196.82
4069.76,network_error,card,0.933,0,31.88,retry_later,1,4069.76
5035.51,insufficient_funds,card,0.76,2,55.12,retry_now,1,5035.51
10171.63,card_declined,card,0.586,1,59.35,request_card_update,0,0.0
12269.79,insufficient_funds,card,0.919,0,96.0,retry_later,0,0.0
3798.51,insufficient_funds,upi,0.641,0,10.91,retry_now,1,3798.51
5138.6,card_declined,upi,0.681,0,63.08,request_alternative_payment,0,0.0
6359.37,insufficient_funds,upi,0.749,0,3.08,request_card_update,0,0.0
7787.65,network_error,netbanking,0.875,1,6.9,request_card_update,1,7787.65
4495.05,network_error,wallet,0.836,0,8.52,retry_later,0,0.0
4542.01,card_declined,netbanking,0.91,0,3.1,request_card_update,0,0.0
15079.01,network_error,wallet,0.992,3,20.98,retry_later,1,15079.01
13158.32,network_error,wallet,0.836,0,0.25,retry_later,1,13158.32
7325.54,expired_card,netbanking,0.914,2,5.91,request_alternative_payment,1,7325.54
19781.07,insufficient_funds,card,0.86,1,24.26,request_card_update,0,0.0
3670.33,card_declined,card,0.632,1,34.79,retry_later,0,0.0
18316.76,network_error,upi,0.68,4,3.1,retry_now,1,18316.76
7717.19,insufficient_funds,netbanking,0.97,1,24.98,request_card_update,1,7717.19
50000.0,insufficient_funds,netbanking,0.713,0,15.56,retry_now,0,0.0
1926.01,insufficient_funds,upi,0.929,2,2.28,request_card_update,1,1926.01
2880.49,card_declined,netbanking,0.669,1,34.9,retry_later,0,0.0
6989.97,card_declined,upi,0.774,2,8.79,retry_now,0,0.0
6870.42,network_error,upi,0.822,0,23.17,request_alternative_payment,1,6870.42
23796.75,card_declined,card,0.958,0,4.54,retry_now,1,23796.75
2929.23,network_error,upi,0.524,3,8.95,retry_later,0,0.0
10312.66,insufficient_funds,card,0.775,1,19.95,request_alternative_payment,1,10312.66
12672.17,network_error,card,0.742,1,81.03,retry_later,1,12672.17
8785.97,network_error,upi,0.906,1,35.56,request_alternative_payment,0,0.0
2317.85,insufficient_funds,card,0.513,1,21.44,retry_now,0,0.0
15419.69,insufficient_funds,wallet,0.627,2,15.57,retry_now,0,0.0
13368.46,insufficient_funds,upi,0.941,0,13.76,retry_now,1,13368.46
8077.69,expired_card,upi,0.78,3,4.47,retry_later,0,0.0
5888.0,insufficient_funds,card,0.96,0,0.25,retry_later,1,5888.0
5991.4,insufficient_funds,netbanking,0.787,1,7.75,retry_now,1,5991.4
4694.77,insufficient_funds,upi,0.701,4,3.6,retry_later,1,4694.77
8348.37,insufficient_funds,upi,0.428,2,0.25,retry_later,0,0.0
5126.1,card_declined,upi,0.459,1,2.39,request_card_update,0,0.0
2536.08,network_error,upi,0.815,4,4.91,retry_now,1,2536.08
2160.99,card_declined,upi,0.65,0,27.91,request_alternative_payment,0,0.0
2739.59,network_error,upi,0.889,1,38.01,request_card_update,0,0.0
5972.37,insufficient_funds,netbanking,0.869,3,61.76,retry_later,0,0.0
4893.33,card_declined,card,0.466,2,12.04,request_card_update,0,0.0
5940.02,network_error,wallet,0.901,1,59.41,request_alternative_payment,1,5940.02
7463.98,network_error,card,0.492,4,6.37,request_card_update,0,0.0
3027.03,expired_card,card,0.575,2,20.52,retry_later,0,0.0
16150.74,insufficient_funds,card,0.842,4,12.17,retry_now,0,0.0
4036.06,card_declined,card,0.74,1,32.36,request_alternative_payment,0,0.0
3534.94,network_error,card,0.682,0,10.3,request_alternative_payment,0,0.0
7354.75,insufficient_funds,netbanking,0.698,4,22.32,request_card_update,1,7354.75
1150.54,network_error,upi,0.854,2,20.54,request_alternative_payment,1,1150.54
2656.5,insufficient_funds,wallet,0.855,1,10.05,request_alternative_payment,0,0.0
10960.48,insufficient_funds,card,0.807,0,80.71,request_alternative_payment,0,0.0
1245.45,network_error,upi,0.643,3,15.96,request_alternative_payment,0,0.0
12225.17,network_error,card,0.77,1,17.25,retry_now,1,12225.17
16749.14,expired_card,upi,0.589,0,9.96,request_alternative_payment,0,0.0
3720.56,expired_card,card,0.904,1,5.77,retry_now,1,3720.56
6314.75,insufficient_funds,upi,0.744,4,8.09,request_alternative_payment,0,0.0
12239.98,card_declined,upi,0.863,1,50.12,retry_now,0,0.0
3441.84,expired_card,card,0.69,2,24.02,retry_later,1,3441.84
10010.74,insufficient_funds,card,0.504,2,96.0,retry_now,0,0.0
2922.73,card_declined,card,0.484,1,15.55,request_card_update,0,0.0
3412.2,expired_card,card,0.841,2,16.88,request_alternative_payment,0,0.0
2637.86,insufficient_funds,upi,0.741,0,18.35,retry_now,0,0.0
6576.85,expired_card,upi,0.907,0,33.07,retry_later,0,0.0
12626.69,card_declined,netbanking,0.823,3,22.71,retry_now,0,0.0
4315.22,expired_card,wallet,0.807,0,49.81,retry_later,1,4315.22
1808.39,card_declined,card,0.534,1,0.73,retry_now,0,0.0
2102.81,network_error,wallet,0.672,0,20.67,request_alternative_payment,1,2102.81
6855.95,network_error,netbanking,0.883,3,42.69,request_card_update,1,6855.95
21861.59,insufficient_funds,card,0.771,0,5.64,request_alternative_payment,1,21861.59
6851.16,card_declined,netbanking,0.715,1,30.5,retry_now,1,6851.16
3669.01,expired_card,upi,0.381,1,14.92,retry_later,0,0.0
9229.32,expired_card,upi,0.604,0,0.7,request_card_update,0,0.0
4128.19,expired_card,upi,0.876,0,60.14,request_card_update,0,0.0
3694.37,card_declined,netbanking,0.828,4,7.0,request_alternative_payment,0,0.0
2322.56,card_declined,netbanking,0.792,0,22.33,request_alternative_payment,0,0.0
15428.2,card_declined,netbanking,0.739,1,9.38,retry_later,0,0.0
655.78,card_declined,card,0.755,0,5.54,request_alternative_payment,1,655.78
9466.18,card_declined,wallet,0.86,1,10.76,request_card_update,1,9466.18
3450.23,insufficient_funds,upi,0.89,0,0.96,retry_now,1,3450.23
3600.83,insufficient_funds,netbanking,0.933,2,0.74,request_card_update,1,3600.83
19361.57,card_declined,netbanking,0.632,1,16.14,request_alternative_payment,0,0.0
2823.94,insufficient_funds,card,0.662,1,2.15,retry_now,1,2823.94
2901.95,insufficient_funds,card,0.813,0,12.91,request_alternative_payment,0,0.0
4504.71,insufficient_funds,netbanking,0.609,2,7.59,retry_now,0,0.0
6962.34,network_error,wallet,0.519,0,1.32,request_card_update,1,6962.34
3511.18,expired_card,netbanking,0.737,3,37.1,request_card_update,0,0.0
1419.57,card_declined,upi,0.634,2,38.36,request_alternative_payment,0,0.0
2501.47,expired_card,card,0.831,0,12.1,retry_now,0,0.0
13936.41,expired_card,upi,0.9,1,3.21,request_card_update,1,13936.41
5308.23,insufficient_funds,card,0.783,4,21.23,request_card_update,0,0.0
7172.88,insufficient_funds,netbanking,0.892,0,3.62,request_alternative_payment,1,7172.88
4056.42,insufficient_funds,upi,0.758,0,14.29,request_alternative_payment,0,0.0
2950.1,insufficient_funds,card,0.661,1,2.81,retry_later,1,2950.1
19134.51,card_declined,upi,0.924,0,8.75,request_alternative_payment,0,0.0
4301.16,insufficient_funds,wallet,0.674,2,1.86,request_alternative_payment,0,0.0
3506.93,expired_card,upi,0.554,3,7.58,retry_now,1,3506.93
12017.35,card_declined,card,0.796,1,5.54,request_card_update,1,12017.35
2805.41,card_declined,upi,0.801,4,96.0,request_alternative_payment,0,0.0
3107.0,expired_card,upi,0.789,0,26.86,retry_later,0,0.0
5041.16,expired_card,card,0.911,3,2.78,retry_now,1,5041.16
5001.08,network_error,upi,0.797,0,20.59,retry_now,0,0.0
6154.15,network_error,card,0.833,3,9.48,request_alternative_payment,0,0.0
26649.57,expired_card,upi,0.824,3,61.02,retry_later,0,0.0
6543.27,card_declined,card,0.744,0,4.65,retry_now,1,6543.27
746.02,expired_card,upi,0.583,0,24.34,request_card_update,0,0.0
6491.39,insufficient_funds,upi,0.849,0,3.6,request_card_update,0,0.0
5153.84,card_declined,upi,0.615,1,14.78,retry_now,1,5153.84
5176.86,card_declined,card,0.85,4,17.29,retry_later,0,0.0
6087.25,insufficient_funds,card,0.889,2,5.85,request_card_update,1,6087.25
4886.59,insufficient_funds,netbanking,0.951,1,54.6,retry_now,1,4886.59
4793.92,insufficient_funds,wallet,0.831,1,4.44,request_alternative_payment,0,0.0
8165.14,insufficient_funds,card,0.821,1,6.33,retry_later,1,8165.14
3240.65,insufficient_funds,card,0.917,2,43.53,request_alternative_payment,0,0.0
2342.66,card_declined,wallet,0.744,0,17.48,request_alternative_payment,1,2342.66
50000.0,network_error,card,0.813,2,16.39,retry_now,0,0.0
2820.04,card_declined,wallet,0.459,2,11.54,request_alternative_payment,1,2820.04
5417.05,network_error,netbanking,0.9,2,29.2,request_alternative_payment,1,5417.05
1511.21,insufficient_funds,card,0.376,0,6.6,retry_later,1,1511.21
5488.27,network_error,card,0.806,1,7.02,retry_now,0,0.0
2369.92,insufficient_funds,wallet,0.78,0,0.49,request_card_update,1,2369.92
3509.45,insufficient_funds,card,0.82,0,12.35,request_alternative_payment,1,3509.45
11536.2,card_declined,upi,0.378,2,9.72,retry_later,0,0.0
7293.95,expired_card,card,0.446,1,12.57,retry_later,1,7293.95
7878.72,expired_card,upi,0.873,0,6.61,retry_later,0,0.0
1212.25,network_error,netbanking,0.93,3,96.0,request_alternative_payment,0,0.0
21735.66,network_error,upi,0.66,0,19.98,request_card_update,1,21735.66
1926.94,card_declined,card,0.784,1,6.4,retry_later,0,0.0
16984.25,network_error,upi,0.564,1,5.41,request_card_update,1,16984.25
11321.15,insufficient_funds,upi,0.967,1,45.65,retry_later,1,11321.15
7935.16,insufficient_funds,card,0.834,0,2.87,request_alternative_payment,0,0.0
2523.0,expired_card,netbanking,0.921,0,43.99,request_alternative_payment,1,2523.0
5644.66,expired_card,upi,0.957,0,5.25,request_card_update,0,0.0
3430.48,insufficient_funds,card,0.946,0,22.39,request_card_update,1,3430.48
5117.52,insufficient_funds,wallet,0.854,0,0.62,request_alternative_payment,1,5117.52
4094.07,insufficient_funds,card,0.846,2,14.37,request_card_update,0,0.0
978.78,card_declined,card,0.919,0,16.49,retry_later,0,0.0
12266.42,insufficient_funds,card,0.715,0,18.41,request_alternative_payment,0,0.0
4685.87,card_declined,card,0.908,1,7.59,request_card_update,1,4685.87
3392.6,insufficient_funds,card,0.745,0,22.27,retry_now,1,3392.6
3193.69,insufficient_funds,card,0.55,1,4.9,request_card_update,0,0.0
6660.57,insufficient_funds,netbanking,0.902,1,2.9,retry_now,0,0.0
2445.95,network_error,upi,0.656,3,0.25,retry_now,0,0.0
823.08,insufficient_funds,card,0.459,0,2.96,request_card_update,0,0.0
6925.03,card_declined,upi,0.613,0,9.06,retry_now,1,6925.03
7573.99,network_error,upi,0.867,0,3.64,request_alternative_payment,1,7573.99
4261.97,network_error,upi,0.509,1,20.32,request_alternative_payment,1,4261.97
1995.94,insufficient_funds,wallet,0.478,0,24.09,request_alternative_payment,1,1995.94
5368.7,network_error,card,0.571,1,1.22,retry_now,0,0.0
1549.31,insufficient_funds,card,0.68,2,5.61,retry_now,1,1549.31
2198.23,card_declined,card,0.523,1,92.61,retry_now,0,0.0
2742.53,card_declined,card,0.926,1,5.71,request_card_update,1,2742.53
9821.65,expired_card,upi,0.675,1,5.68,request_alternative_payment,1,9821.65
3740.99,expired_card,card,0.973,0,27.74,retry_now,0,0.0
3494.34,network_error,upi,0.904,3,7.0,retry_later,1,3494.34
23883.6,expired_card,wallet,0.879,0,9.55,request_alternative_payment,0,0.0
6628.69,insufficient_funds,netbanking,0.901,3,22.32,retry_later,0,0.0
6557.66,network_error,upi,0.818,4,20.79,retry_later,0,0.0
3719.83,insufficient_funds,upi,0.75,0,12.74,retry_now,0,0.0
3102.91,insufficient_funds,upi,0.689,3,7.87,retry_later,0,0.0
869.63,card_declined,upi,0.595,2,3.72,retry_now,0,0.0
10852.88,network_error,card,0.428,1,0.86,retry_later,0,0.0
7156.96,network_error,card,0.916,2,63.82,request_alternative_payment,0,0.0
4332.33,expired_card,card,0.696,1,10.94,retry_later,1,4332.33
4480.15,card_declined,upi,0.687,1,9.26,request_card_update,1,4480.15
9010.16,expired_card,upi,0.727,1,5.43,retry_later,0,0.0
1441.48,expired_card,card,0.898,4,6.74,request_card_update,0,0.0
3119.06,network_error,card,0.322,1,18.77,retry_now,0,0.0
2014.55,insufficient_funds,netbanking,0.772,0,41.65,request_alternative_payment,1,2014.55
20627.92,card_declined,card,0.764,2,32.02,retry_now,1,20627.92
10074.05,network_error,card,0.441,2,7.54,retry_later,0,0.0
858.37,expired_card,card,0.692,3,13.14,retry_later,0,0.0
1489.48,insufficient_funds,card,0.79,0,8.12,retry_now,1,1489.48
4497.68,insufficient_funds,netbanking,0.869,2,25.22,retry_now,1,4497.68
3426.32,insufficient_funds,card,0.902,1,2.57,request_alternative_payment,0,0.0
1733.14,insufficient_funds,card,0.667,2,0.84,retry_later,0,0.0
23694.61,network_error,wallet,0.847,1,36.82,retry_now,0,0.0
6420.33,insufficient_funds,upi,0.391,0,10.73,retry_now,0,0.0
7310.35,card_declined,upi,0.462,0,12.18,retry_later,0,0.0
2874.35,network_error,upi,0.614,0,3.61,retry_later,1,2874.35
8910.74,card_declined,card,0.513,2,7.84,request_card_update,0,0.0
3688.03,insufficient_funds,card,0.674,0,22.89,request_alternative_payment,1,3688.03
3985.9,card_declined,card,0.792,3,38.63,request_alternative_payment,1,3985.9
8151.81,card_declined,card,0.964,1,18.68,retry_later,0,0.0
1358.31,expired_card,card,0.573,0,8.28,request_card_update,0,0.0
17940.49,network_error,upi,0.779,3,1.18,retry_later,1,17940.49
5785.47,expired_card,card,0.266,0,7.17,request_card_update,0,0.0
13932.07,insufficient_funds,card,0.648,0,2.12,request_card_update,0,0.0
2115.1,network_error,upi,0.877,0,1.33,request_alternative_payment,1,2115.1
2389.07,card_declined,card,0.435,1,0.48,retry_later,1,2389.07
1973.72,network_error,upi,0.777,0,30.97,request_card_update,1,1973.72
6108.47,card_declined,card,0.69,2,32.78,retry_later,0,0.0
5271.02,insufficient_funds,upi,0.844,1,2.51,retry_now,0,0.0
3448.39,insufficient_funds,netbanking,0.846,0,36.45,request_alternative_payment,0,0.0
2221.5,network_error,upi,0.929,1,19.89,request_alternative_payment,0,0.0
1815.14,network_error,netbanking,0.869,3,1.24,retry_now,1,1815.14
4809.78,insufficient_funds,card,0.92,3,32.75,request_card_update,1,4809.78
3445.15,card_declined,card,0.756,0,23.22,retry_later,1,3445.15
2889.12,network_error,card,0.619,3,1.29,request_card_update,0,0.0
17237.88,card_declined,card,0.541,1,9.78,retry_now,0,0.0
4681.31,insufficient_funds,netbanking,0.793,1,2.2,retry_later,1,4681.31
13811.1,expired_card,card,0.701,1,1.18,retry_later,0,0.0
3263.62,card_declined,card,0.49,2,15.42,request_card_update,1,3263.62
6081.55,network_error,netbanking,0.885,1,6.79,request_card_update,0,0.0
4782.95,network_error,card,0.55,2,20.24,retry_now,0,0.0
1285.75,network_error,upi,0.703,0,15.13,retry_now,1,1285.75
15675.65,insufficient_funds,card,0.896,0,4.56,retry_now,1,15675.65
4487.59,expired_card,wallet,0.571,3,36.09,retry_later,0,0.0
9084.53,insufficient_funds,card,0.938,1,48.47,request_alternative_payment,1,9084.53
2739.61,network_error,upi,0.864,2,33.94,request_alternative_payment,0,0.0
4382.25,expired_card,upi,0.785,0,16.34,retry_now,0,0.0
2499.16,network_error,wallet,0.566,0,11.3,request_card_update,1,2499.16
13440.02,card_declined,wallet,0.745,0,10.97,request_card_update,0,0.0
6414.53,insufficient_funds,netbanking,0.684,2,3.95,request_alternative_payment,0,0.0
6706.52,card_declined,card,0.701,0,18.89,request_card_update,0,0.0
14820.11,card_declined,upi,0.513,1,4.9,request_card_update,0,0.0
12610.26,insufficient_funds,netbanking,0.57,0,25.64,request_card_update,0,0.0
9223.11,insufficient_funds,upi,0.805,0,3.08,retry_now,1,9223.11
1603.29,expired_card,netbanking,0.674,2,8.99,request_alternative_payment,1,1603.29
2865.93,insufficient_funds,netbanking,0.424,1,53.0,retry_now,0,0.0
2239.67,insufficient_funds,card,0.909,3,9.54,retry_now,0,0.0
8948.31,insufficient_funds,card,0.817,2,12.11,retry_later,0,0.0
5731.4,card_declined,card,0.825,0,42.19,request_card_update,0,0.0
1643.83,card_declined,upi,0.886,0,42.36,request_alternative_payment,0,0.0
4299.26,network_error,upi,0.657,1,9.62,request_card_update,0,0.0
1513.08,card_declined,card,0.853,0,1.99,retry_later,1,1513.08
4791.83,insufficient_funds,upi,0.734,0,8.04,request_alternative_payment,1,4791.83
1329.95,card_declined,card,0.927,1,4.23,request_alternative_payment,1,1329.95
7633.14,insufficient_funds,card,0.761,2,0.64,retry_now,0,0.0
6765.31,network_error,upi,0.855,0,13.28,request_alternative_payment,1,6765.31
23006.96,insufficient_funds,upi,0.625,2,0.82,request_card_update,0,0.0
9852.61,insufficient_funds,card,0.604,0,2.13,request_alternative_payment,1,9852.61
3564.79,card_declined,upi,0.712,2,24.46,request_card_update,1,3564.79
9620.48,insufficient_funds,netbanking,0.598,0,15.5,request_card_update,1,9620.48
1634.45,card_declined,upi,0.625,2,11.96,request_card_update,0,0.0
2315.12,card_declined,wallet,0.797,1,4.16,retry_now,1,2315.12
6527.03,expired_card,card,0.822,0,14.09,request_alternative_payment,0,0.0
889.44,insufficient_funds,card,0.947,0,17.03,retry_later,1,889.44
4853.54,card_declined,card,0.937,2,2.93,retry_now,0,0.0
2210.52,network_error,upi,0.418,3,4.66,request_card_update,1,2210.52
5422.1,insufficient_funds,card,0.885,1,70.88,request_card_update,1,5422.1
2111.18,card_declined,wallet,0.907,2,25.67,retry_later,1,2111.18
7020.51,expired_card,upi,0.642,3,1.04,retry_later,0,0.0
5077.91,network_error,netbanking,0.902,0,6.12,request_card_update,1,5077.91
15328.76,expired_card,card,0.857,1,1.06,retry_now,0,0.0
5027.01,network_error,upi,0.866,1,14.2,retry_now,0,0.0
2703.44,card_declined,card,0.581,0,16.18,request_alternative_payment,1,2703.44
4103.87,expired_card,upi,0.839,0,73.43,retry_later,1,4103.87
1705.82,insufficient_funds,netbanking,0.52,3,20.57,retry_now,0,0.0
6919.53,card_declined,card,0.928,2,2.87,request_card_update,0,0.0
8015.03,network_error,netbanking,0.882,1,4.66,request_card_update,1,8015.03
36045.96,expired_card,upi,0.894,1,3.75,request_alternative_payment,0,0.0
3040.34,expired_card,upi,0.721,1,1.15,request_alternative_payment,0,0.0
4035.79,insufficient_funds,card,0.883,2,2.76,retry_now,0,0.0
3154.5,network_error,card,0.768,2,1.29,retry_now,0,0.0
5924.69,insufficient_funds,card,0.62,1,22.67,request_alternative_payment,0,0.0
6785.52,network_error,upi,0.619,0,28.32,retry_later,0,0.0
4790.99,network_error,card,0.771,0,5.99,request_alternative_payment,1,4790.99
11923.35,insufficient_funds,wallet,0.565,2,36.86,request_card_update,1,11923.35
3052.17,network_error,wallet,0.894,2,13.31,request_card_update,1,3052.17
11005.3,card_declined,card,0.737,1,29.82,retry_now,0,0.0
7692.43,card_declined,upi,0.769,0,0.25,request_alternative_payment,1,7692.43
4952.11,expired_card,card,0.781,2,10.99,request_card_update,0,0.0
3886.42,network_error,card,0.716,1,18.02,retry_later,1,3886.42
34840.21,card_declined,card,0.957,2,34.28,request_alternative_payment,0,0.0
2600.83,insufficient_funds,netbanking,0.775,2,15.83,request_alternative_payment,0,0.0
6345.74,insufficient_funds,netbanking,0.867,3,12.31,request_card_update,1,6345.74
2743.58,insufficient_funds,card,0.851,0,24.35,retry_now,1,2743.58
20862.11,insufficient_funds,card,0.709,1,5.29,retry_later,0,0.0
10164.48,insufficient_funds,card,0.631,2,35.3,request_alternative_payment,0,0.0
2905.94,card_declined,upi,0.81,0,28.21,retry_later,0,0.0
7534.66,network_error,card,0.859,2,7.82,request_card_update,0,0.0
6144.73,insufficient_funds,netbanking,0.511,0,6.18,retry_later,0,0.0
3307.32,card_declined,wallet,0.538,1,4.52,request_alternative_payment,0,0.0
9170.29,expired_card,card,0.829,2,3.94,request_card_update,0,0.0
6826.98,insufficient_funds,netbanking,0.915,3,29.17,request_alternative_payment,1,6826.98
5941.71,network_error,upi,0.64,4,20.87,request_alternative_payment,1,5941.71
4835.1,insufficient_funds,upi,0.936,4,20.31,retry_now,0,0.0
7058.85,card_declined,netbanking,0.733,2,3.32,retry_later,0,0.0
6007.14,network_error,upi,0.927,1,8.82,retry_now,1,6007.14
5242.05,insufficient_funds,upi,0.397,2,1.72,request_card_update,0,0.0
2994.04,insufficient_funds,card,0.88,2,75.48,request_card_update,0,0.0
19384.06,expired_card,upi,0.768,2,25.86,request_card_update,0,0.0
2157.83,insufficient_funds,card,0.809,0,7.3,retry_later,0,0.0
7039.57,network_error,card,0.405,2,10.4,retry_now,0,0.0
3869.96,card_declined,upi,0.875,0,4.75,request_card_update,1,3869.96
20431.46,insufficient_funds,card,0.646,0,5.55,retry_later,0,0.0
2426.99,network_error,card,0.842,2,26.02,request_card_update,0,0.0
2776.6,card_declined,card,0.79,1,21.93,retry_later,0,0.0
2301.55,insufficient_funds,netbanking,0.562,1,11.11,retry_now,0,0.0
6476.69,expired_card,upi,0.737,1,16.13,retry_later,1,6476.69
1666.95,card_declined,card,0.737,0,32.18,request_card_update,1,1666.95
3409.67,network_error,netbanking,0.655,1,10.04,retry_later,1,3409.67
893.64,insufficient_funds,netbanking,0.806,0,51.01,retry_now,1,893.64
6060.4,insufficient_funds,card,0.907,2,14.53,request_alternative_payment,1,6060.4
3351.02,network_error,upi,0.865,1,18.68,request_card_update,0,0.0
1520.43,network_error,card,0.39,1,4.81,request_alternative_payment,1,1520.43
11916.52,insufficient_funds,upi,0.762,0,8.43,retry_later,1,11916.52
1756.47,network_error,upi,0.825,1,0.91,request_card_update,0,0.0
9459.25,card_declined,card,0.876,1,2.23,request_card_update,0,0.0
2853.67,insufficient_funds,upi,0.788,1,2.33,request_alternative_payment,1,2853.67
18005.82,network_error,card,0.712,3,6.25,retry_later,1,18005.82
9107.32,card_declined,upi,0.484,2,37.2,request_card_update,0,0.0
2232.23,card_declined,card,0.879,2,22.21,retry_later,1,2232.23
2400.73,network_error,netbanking,0.864,2,16.07,request_alternative_payment,1,2400.73
8116.17,card_declined,upi,0.983,0,21.77,request_alternative_payment,0,0.0
4053.32,expired_card,card,0.709,1,4.09,request_alternative_payment,0,0.0
4366.51,network_error,netbanking,0.792,2,27.62,request_card_update,1,4366.51
13835.38,card_declined,card,0.635,1,1.23,retry_later,1,13835.38
2746.94,card_declined,upi,0.729,3,0.25,retry_later,1,2746.94
5378.84,expired_card,upi,0.931,1,8.5,request_alternative_payment,1,5378.84
10731.04,expired_card,card,0.755,1,27.04,request_card_update,0,0.0
9551.82,insufficient_funds,card,0.684,0,39.18,retry_later,0,0.0
4400.63,insufficient_funds,card,0.858,0,5.98,request_card_update,1,4400.63
3968.2,card_declined,upi,0.891,0,2.48,request_card_update,1,3968.2
1244.07,expired_card,upi,0.745,0,10.71,retry_later,0,0.0
2147.8,expired_card,card,0.773,2,31.11,request_alternative_payment,0,0.0
6450.29,network_error,card,0.546,0,1.12,retry_now,0,0.0
4477.8,insufficient_funds,netbanking,0.473,0,15.14,retry_later,1,4477.8
5308.87,expired_card,card,0.545,1,15.86,retry_now,0,0.0
11482.69,insufficient_funds,card,0.605,3,6.25,retry_now,1,11482.69
1933.98,card_declined,upi,0.755,0,4.27,request_alternative_payment,1,1933.98
4139.16,card_declined,card,0.945,1,14.7,request_alternative_payment,0,0.0
5814.8,card_declined,wallet,0.773,0,11.01,request_card_update,0,0.0
2846.56,card_declined,card,0.729,3,69.97,request_alternative_payment,0,0.0
15715.06,insufficient_funds,netbanking,0.828,1,2.1,request_card_update,0,0.0
10342.97,insufficient_funds,card,0.634,1,44.58,retry_now,0,0.0
6306.27,network_error,card,0.58,1,22.89,retry_later,1,6306.27
21006.32,insufficient_funds,card,0.651,2,0.25,request_card_update,1,21006.32
1507.3,card_declined,wallet,0.71,1,14.77,retry_now,0,0.0
4969.19,insufficient_funds,upi,0.579,3,6.08,request_alternative_payment,0,0.0
6702.68,insufficient_funds,card,0.914,1,1.56,request_alternative_payment,1,6702.68
2405.59,insufficient_funds,wallet,0.821,2,16.46,retry_later,0,0.0
6359.88,network_error,card,0.714,0,25.75,retry_later,1,6359.88
2063.02,card_declined,card,0.745,0,12.73,request_alternative_payment,1,2063.02
8687.49,insufficient_funds,card,0.72,1,3.41,request_alternative_payment,1,8687.49
11654.66,network_error,netbanking,0.669,0,65.48,retry_now,1,11654.66
6217.11,insufficient_funds,card,0.564,0,14.64,retry_later,1,6217.11
1135.64,network_error,card,0.734,0,20.35,request_card_update,1,1135.64
2307.13,insufficient_funds,wallet,0.817,0,22.83,request_alternative_payment,0,0.0
7855.44,expired_card,upi,0.901,1,1.07,retry_now,1,7855.44
5085.52,insufficient_funds,card,0.787,0,23.02,retry_now,0,0.0
579.4,card_declined,upi,0.789,3,6.24,retry_now,1,579.4
13513.68,card_declined,card,0.791,0,45.87,retry_now,0,0.0
5577.63,card_declined,upi,0.923,4,4.84,retry_now,0,0.0
2596.54,network_error,card,0.604,1,17.13,retry_now,0,0.0
11082.89,insufficient_funds,upi,0.544,2,6.52,request_card_update,0,0.0
2907.83,card_declined,netbanking,0.536,2,17.46,request_card_update,0,0.0
2882.55,expired_card,card,0.771,0,7.54,request_card_update,0,0.0
6660.0,expired_card,card,0.928,1,9.82,request_card_update,0,0.0
20785.77,card_declined,card,0.731,0,11.25,retry_now,1,20785.77
18325.76,card_declined,netbanking,0.706,3,77.98,request_card_update,1,18325.76
6667.25,network_error,netbanking,0.901,3,7.34,request_alternative_payment,1,6667.25
7238.01,network_error,netbanking,0.714,1,2.52,request_alternative_payment,0,0.0
9418.13,expired_card,wallet,0.607,1,1.95,retry_now,0,0.0
1829.15,network_error,netbanking,0.869,0,4.74,retry_later,1,1829.15
8370.86,card_declined,wallet,0.933,0,2.04,retry_later,1,8370.86
2779.24,card_declined,upi,0.748,0,0.29,retry_now,0,0.0
6450.9,card_declined,card,0.806,1,96.0,request_alternative_payment,0,0.0
4168.11,insufficient_funds,upi,0.701,2,67.58,request_alternative_payment,0,0.0
7466.34,network_error,card,0.726,0,32.36,retry_now,1,7466.34
5495.45,card_declined,card,0.574,1,11.07,retry_later,1,5495.45
427.85,insufficient_funds,card,0.59,0,17.2,request_alternative_payment,0,0.0
5769.3,network_error,card,0.733,1,25.87,request_alternative_payment,0,0.0
8357.51,insufficient_funds,upi,0.369,0,50.08,retry_later,0,0.0
7143.34,insufficient_funds,card,0.809,0,23.53,retry_later,0,0.0
4606.04,card_declined,card,0.907,0,2.67,retry_later,1,4606.04
18600.11,network_error,wallet,0.671,1,0.25,retry_now,1,18600.11
6414.34,card_declined,upi,0.64,2,4.98,request_alternative_payment,0,0.0
7096.32,insufficient_funds,card,0.865,0,4.95,request_alternative_payment,0,0.0
11530.91,card_declined,card,0.386,0,2.92,request_card_update,0,0.0
6682.63,insufficient_funds,card,0.971,1,16.02,request_card_update,1,6682.63
2437.62,expired_card,wallet,0.793,1,5.98,request_alternative_payment,0,0.0
710.89,insufficient_funds,card,0.642,0,37.41,retry_later,1,710.89
3413.51,expired_card,wallet,0.765,3,0.55,retry_now,0,0.0
9190.72,insufficient_funds,card,0.766,1,10.95,retry_now,0,0.0
3769.57,insufficient_funds,netbanking,0.897,2,24.12,retry_now,0,0.0
9491.35,card_declined,card,0.819,3,7.89,request_alternative_payment,0,0.0
5631.75,network_error,upi,0.492,2,4.56,retry_later,0,0.0
14011.67,expired_card,card,0.857,0,3.21,request_alternative_payment,1,14011.67
3948.22,card_declined,card,0.868,2,3.62,request_card_update,0,0.0
7268.35,card_declined,wallet,0.904,1,25.82,request_alternative_payment,0,0.0
7494.32,insufficient_funds,upi,0.478,0,18.08,request_alternative_payment,0,0.0
16621.87,card_declined,card,0.588,0,37.85,request_card_update,0,0.0
1276.51,card_declined,netbanking,0.9,0,7.87,request_alternative_payment,0,0.0
3465.0,expired_card,card,0.876,1,16.22,retry_later,1,3465.0
9857.68,card_declined,wallet,0.836,1,7.43,request_card_update,0,0.0
17221.44,network_error,card,0.846,4,2.79,retry_later,1,17221.44
6058.7,network_error,card,0.719,2,33.99,retry_now,1,6058.7
3956.16,insufficient_funds,card,0.634,0,11.34,retry_later,0,0.0
9162.62,card_declined,card,0.675,2,4.04,request_card_update,0,0.0
10018.17,expired_card,wallet,0.836,4,14.76,retry_now,1,10018.17
3749.82,card_declined,card,0.523,1,11.2,request_card_update,0,0.0
6512.24,card_declined,card,0.85,3,32.2,retry_now,0,0.0
12856.63,expired_card,netbanking,0.991,2,25.01,request_card_update,1,12856.63
22687.3,insufficient_funds,card,0.777,0,13.96,request_alternative_payment,0,0.0
9056.85,expired_card,card,0.826,0,9.77,request_alternative_payment,1,9056.85
5179.71,card_declined,upi,0.719,2,35.75,retry_later,1,5179.71
4788.31,card_declined,card,0.854,4,15.89,request_card_update,0,0.0
7809.61,insufficient_funds,netbanking,0.885,0,10.75,retry_later,1,7809.61
4558.07,card_declined,upi,0.783,3,27.39,request_alternative_payment,0,0.0
5819.13,insufficient_funds,card,0.825,0,8.08,request_alternative_payment,1,5819.13
2144.99,insufficient_funds,upi,0.776,1,8.11,retry_now,1,2144.99
14112.82,card_declined,card,0.638,1,8.3,request_card_update,0,0.0
2008.3,insufficient_funds,upi,0.728,0,10.63,retry_now,0,0.0
3538.66,card_declined,upi,0.633,0,64.18,request_card_update,1,3538.66
5406.02,insufficient_funds,netbanking,0.509,0,2.25,request_alternative_payment,1,5406.02
24587.24,insufficient_funds,upi,0.884,1,1.77,retry_later,1,24587.24
3565.45,insufficient_funds,netbanking,0.847,0,6.28,request_card_update,1,3565.45
2934.76,card_declined,card,0.328,2,21.48,request_alternative_payment,0,0.0
3218.08,insufficient_funds,wallet,0.79,1,41.36,retry_later,0,0.0
18850.81,insufficient_funds,card,0.89,1,39.32,retry_later,0,0.0
527.06,card_declined,netbanking,0.633,0,31.92,retry_now,0,0.0
2241.73,network_error,upi,0.818,2,2.69,request_alternative_payment,0,0.0
44454.62,network_error,card,0.985,3,9.95,retry_later,0,0.0
8021.65,insufficient_funds,card,0.964,2,46.79,request_alternative_payment,1,8021.65
2064.01,expired_card,wallet,0.813,1,0.28,retry_now,1,2064.01
4835.11,card_declined,netbanking,0.799,0,4.67,retry_now,1,4835.11
5277.23,card_declined,upi,0.924,2,1.29,retry_now,0,0.0
9838.84,insufficient_funds,card,0.848,1,6.7,request_alternative_payment,1,9838.84
21781.03,insufficient_funds,upi,0.75,0,45.81,request_alternative_payment,1,21781.03
6822.86,card_declined,card,0.862,2,48.34,request_card_update,0,0.0
3246.6,insufficient_funds,upi,0.673,0,1.65,retry_later,1,3246.6
9384.93,network_error,card,0.73,0,6.05,retry_later,0,0.0
2860.04,insufficient_funds,netbanking,0.92,2,24.32,request_alternative_payment,0,0.0
2187.52,insufficient_funds,upi,0.528,0,11.59,request_card_update,0,0.0
1223.25,insufficient_funds,card,0.642,0,0.71,request_alternative_payment,1,1223.25
1429.51,insufficient_funds,upi,0.644,2,13.44,retry_later,0,0.0
2440.69,card_declined,card,0.798,0,4.49,retry_later,1,2440.69
1948.78,insufficient_funds,card,0.525,0,53.16,request_alternative_payment,0,0.0
6423.91,card_declined,card,0.827,0,96.0,request_card_update,0,0.0
1915.38,insufficient_funds,card,0.67,1,2.46,retry_later,1,1915.38
404.34,card_declined,card,0.805,4,3.13,request_alternative_payment,1,404.34
2169.09,expired_card,upi,0.784,1,18.75,request_alternative_payment,0,0.0
3427.91,expired_card,upi,0.322,4,7.06,retry_now,0,0.0
3080.46,card_declined,upi,0.551,3,24.49,request_card_update,0,0.0
16861.92,card_declined,wallet,0.963,3,12.48,retry_later,1,16861.92
3060.58,network_error,netbanking,0.863,1,45.79,retry_now,0,0.0
10116.59,expired_card,card,0.654,1,3.58,request_card_update,0,0.0
4924.64,card_declined,upi,0.33,1,36.28,request_alternative_payment,0,0.0
4833.61,insufficient_funds,wallet,0.876,0,13.35,request_card_update,1,4833.61
2562.89,network_error,card,0.689,0,45.62,retry_now,1,2562.89
4770.31,insufficient_funds,card,0.638,4,29.15,retry_later,0,0.0
2711.12,network_error,wallet,0.816,1,82.81,request_card_update,1,2711.12
5728.52,insufficient_funds,netbanking,0.7,2,14.55,retry_later,0,0.0
4138.93,insufficient_funds,netbanking,0.682,0,34.4,request_alternative_payment,1,4138.93
2348.4,network_error,netbanking,0.925,0,24.85,retry_later,0,0.0
11055.78,network_error,card,0.78,0,7.51,retry_later,1,11055.78
7035.09,card_declined,upi,0.721,2,18.95,request_card_update,1,7035.09
3493.79,network_error,netbanking,0.694,0,14.72,request_alternative_payment,0,0.0
5617.19,expired_card,card,0.625,2,8.07,request_alternative_payment,0,0.0
4675.7,card_declined,card,0.823,2,8.66,request_alternative_payment,1,4675.7
2497.69,expired_card,card,0.685,0,21.02,retry_later,0,0.0
5290.09,card_declined,upi,0.762,0,6.77,retry_later,0,0.0
3042.34,insufficient_funds,upi,0.949,1,11.21,request_alternative_payment,1,3042.34
2347.83,network_error,netbanking,0.927,2,13.96,request_card_update,1,2347.83
1365.1,card_declined,card,0.901,2,14.74,request_alternative_payment,0,0.0
3752.99,expired_card,upi,0.82,1,21.19,request_card_update,0,0.0
7869.66,insufficient_funds,card,0.968,2,8.55,request_card_update,0,0.0
2868.27,insufficient_funds,wallet,0.572,3,7.08,retry_later,0,0.0
37562.45,insufficient_funds,upi,0.856,1,31.48,retry_now,0,0.0
10155.21,card_declined,upi,0.788,0,14.26,request_alternative_payment,1,10155.21
14195.17,network_error,card,0.802,0,11.39,retry_later,0,0.0
9446.39,card_declined,card,0.349,1,16.19,retry_now,0,0.0
22015.13,insufficient_funds,card,0.809,0,7.14,retry_now,0,0.0
2664.02,card_declined,netbanking,0.693,3,25.28,retry_later,0,0.0
644.58,insufficient_funds,card,0.649,1,15.29,retry_later,1,644.58
3499.21,card_declined,netbanking,0.943,2,2.63,request_card_update,0,0.0
7814.75,network_error,card,0.797,4,10.85,request_alternative_payment,1,7814.75
5644.33,insufficient_funds,upi,0.536,1,34.71,retry_now,0,0.0
6232.74,card_declined,card,0.79,2,17.63,request_alternative_payment,1,6232.74
14384.71,card_declined,card,0.948,2,28.8,retry_now,0,0.0
6787.51,insufficient_funds,upi,0.929,0,3.17,retry_later,0,0.0
9474.16,card_declined,card,0.253,0,11.96,request_alternative_payment,0,0.0
2357.94,card_declined,card,0.984,0,19.63,retry_later,0,0.0
2081.57,card_declined,upi,0.741,2,3.01,retry_later,1,2081.57
18187.4,insufficient_funds,card,0.888,4,1.31,request_card_update,1,18187.4
5420.34,insufficient_funds,upi,0.77,1,7.46,request_card_update,1,5420.34
3036.95,network_error,upi,0.68,1,2.73,request_alternative_payment,0,0.0
3041.41,insufficient_funds,card,0.75,0,11.47,request_card_update,0,0.0
2974.69,network_error,card,0.825,2,16.72,request_alternative_payment,1,2974.69
2835.65,card_declined,card,0.666,0,12.65,retry_later,0,0.0
1791.26,card_declined,card,0.236,0,47.31,retry_now,0,0.0
1505.46,network_error,card,0.721,3,40.45,request_card_update,0,0.0
4277.78,card_declined,upi,0.815,0,17.99,retry_now,1,4277.78
3111.48,insufficient_funds,card,0.804,1,12.17,request_alternative_payment,1,3111.48
12123.74,insufficient_funds,netbanking,0.449,1,21.61,request_alternative_payment,1,12123.74
6321.14,network_error,netbanking,0.876,0,16.25,retry_later,1,6321.14
6182.31,card_declined,card,0.847,2,48.35,request_card_update,0,0.0
2759.2,network_error,upi,0.96,3,9.65,request_alternative_payment,1,2759.2
4538.58,card_declined,card,0.77,1,52.87,retry_later,0,0.0
6674.13,card_declined,card,0.881,0,59.13,request_card_update,0,0.0
8867.51,insufficient_funds,wallet,0.947,2,12.0,retry_now,0,0.0
4638.19,insufficient_funds,upi,0.607,0,4.23,retry_now,1,4638.19
11854.85,network_error,card,0.907,2,13.51,retry_now,1,11854.85
5032.06,insufficient_funds,netbanking,0.853,3,21.61,retry_later,1,5032.06
9428.3,expired_card,wallet,0.786,3,18.17,request_card_update,0,0.0
3378.92,insufficient_funds,upi,0.793,2,20.96,retry_later,1,3378.92
1172.77,card_declined,upi,0.848,4,11.81,retry_now,0,0.0
6197.37,insufficient_funds,netbanking,0.6,3,28.72,retry_later,0,0.0
8932.51,network_error,upi,0.671,3,32.42,retry_now,1,8932.51
7922.57,insufficient_funds,upi,0.835,1,11.42,request_alternative_payment,0,0.0
7008.95,card_declined,netbanking,0.763,0,39.49,retry_later,1,7008.95
3783.19,expired_card,upi,0.546,4,43.55,retry_now,0,0.0
2622.27,card_declined,card,0.702,0,5.59,request_alternative_payment,0,0.0
7774.28,insufficient_funds,card,0.506,1,10.7,request_alternative_payment,0,0.0
7032.88,network_error,card,0.794,2,31.17,request_card_update,0,0.0
3192.23,card_declined,card,0.558,1,8.59,request_card_update,0,0.0
12145.73,insufficient_funds,card,0.537,0,2.15,retry_later,1,12145.73
2467.35,card_declined,upi,0.957,0,7.89,retry_later,0,0.0
3134.97,network_error,wallet,0.823,0,34.46,request_alternative_payment,1,3134.97
18514.94,card_declined,card,0.919,4,37.58,retry_later,0,0.0
10017.2,network_error,card,0.798,1,2.17,request_alternative_payment,1,10017.2
3754.78,network_error,netbanking,0.718,0,15.89,retry_now,0,0.0
6292.4,card_declined,card,0.674,0,2.69,retry_later,1,6292.4
5659.14,insufficient_funds,netbanking,0.307,0,15.01,request_alternative_payment,1,5659.14
555.96,network_error,upi,0.512,1,15.72,request_card_update,0,0.0
2421.19,card_declined,upi,0.63,0,3.89,request_alternative_payment,1,2421.19
4800.69,insufficient_funds,card,0.627,0,25.37,retry_now,0,0.0
3758.98,insufficient_funds,card,0.67,4,9.17,request_alternative_payment,0,0.0
6092.87,expired_card,upi,0.965,1,3.28,retry_now,0,0.0
12342.19,insufficient_funds,card,0.452,0,6.41,request_card_update,0,0.0
3865.96,insufficient_funds,card,0.796,2,73.04,retry_later,1,3865.96
2145.37,insufficient_funds,card,0.758,0,8.08,retry_later,0,0.0
6483.88,insufficient_funds,upi,0.886,0,8.79,request_alternative_payment,1,6483.88
3850.25,expired_card,upi,0.609,0,8.18,request_alternative_payment,1,3850.25
4413.14,card_declined,upi,0.937,2,13.18,retry_later,0,0.0
3959.11,network_error,upi,0.454,0,0.72,request_card_update,1,3959.11
30051.37,network_error,card,0.743,1,15.26,request_alternative_payment,1,30051.37
832.66,card_declined,wallet,0.684,1,10.65,request_alternative_payment,0,0.0
3664.79,network_error,netbanking,0.885,0,39.62,retry_later,1,3664.79
4985.27,expired_card,card,0.564,1,6.79,request_alternative_payment,0,0.0
2676.54,network_error,upi,0.868,1,3.26,request_card_update,1,2676.54
10270.73,network_error,card,0.885,4,22.62,request_alternative_payment,0,0.0
9583.51,card_declined,wallet,0.868,2,8.17,retry_later,1,9583.51
4812.58,network_error,card,0.875,0,21.16,retry_later,1,4812.58
4026.51,insufficient_funds,card,0.875,2,1.24,request_card_update,1,4026.51
4571.64,network_error,wallet,0.888,1,55.96,retry_now,0,0.0
4597.94,card_declined,upi,0.535,0,63.44,request_alternative_payment,0,0.0
4696.13,card_declined,card,0.746,0,9.89,retry_now,1,4696.13
4301.82,expired_card,upi,0.739,1,2.98,retry_now,1,4301.82
6118.99,card_declined,netbanking,0.506,0,12.9,request_alternative_payment,0,0.0
9134.04,insufficient_funds,card,0.9,2,13.02,retry_later,0,0.0
1868.68,network_error,upi,0.781,0,2.96,retry_later,1,1868.68
2157.41,expired_card,upi,0.816,1,1.74,request_alternative_payment,1,2157.41
1234.45,card_declined,upi,0.916,1,1.55,request_card_update,1,1234.45
9999.71,expired_card,wallet,0.964,4,6.92,request_alternative_payment,1,9999.71
6108.59,network_error,upi,0.434,0,25.45,retry_now,0,0.0
7490.62,expired_card,upi,0.789,1,0.64,retry_later,0,0.0
1593.35,insufficient_funds,netbanking,0.682,1,28.1,request_alternative_payment,0,0.0
20850.89,card_declined,card,0.811,1,32.33,retry_later,0,0.0
3072.09,network_error,card,0.637,0,7.71,retry_now,0,0.0
5720.19,expired_card,wallet,0.762,0,40.91,request_card_update,0,0.0
9904.07,insufficient_funds,upi,0.874,2,5.24,retry_later,1,9904.07
2270.17,insufficient_funds,card,0.763,2,28.81,request_card_update,0,0.0
3229.67,insufficient_funds,card,0.767,0,10.18,request_card_update,0,0.0
5770.6,network_error,card,0.685,1,0.85,retry_later,1,5770.6
49176.52,expired_card,card,0.633,0,7.14,retry_later,0,0.0
6361.97,card_declined,card,0.864,0,4.05,request_alternative_payment,1,6361.97
18074.95,insufficient_funds,upi,0.814,1,58.37,request_alternative_payment,0,0.0
13117.88,insufficient_funds,card,0.699,0,9.96,request_card_update,1,13117.88
6711.66,expired_card,upi,0.92,1,7.64,request_card_update,0,0.0
2266.15,insufficient_funds,wallet,0.85,0,4.88,retry_now,1,2266.15
11672.56,insufficient_funds,wallet,0.841,1,32.26,retry_now,0,0.0
1508.25,insufficient_funds,netbanking,0.763,1,17.82,request_alternative_payment,0,0.0
17995.79,network_error,card,0.954,0,48.37,retry_now,1,17995.79
5867.58,card_declined,upi,0.729,1,0.85,request_card_update,0,0.0
600.05,insufficient_funds,upi,0.807,1,22.15,request_card_update,1,600.05
3807.73,insufficient_funds,card,0.884,2,43.4,request_alternative_payment,0,0.0
8436.74,expired_card,netbanking,0.644,2,16.15,retry_later,0,0.0
4136.37,card_declined,upi,0.616,0,1.17,retry_later,1,4136.37
8859.08,card_declined,upi,0.669,1,16.77,request_card_update,1,8859.08
2533.04,insufficient_funds,card,0.804,2,76.48,request_card_update,0,0.0
1758.84,insufficient_funds,card,0.965,1,18.22,request_card_update,1,1758.84
4722.23,network_error,netbanking,0.624,1,35.06,retry_later,0,0.0
5127.87,network_error,card,0.771,1,19.83,request_card_update,1,5127.87
3783.81,card_declined,card,0.603,0,37.64,retry_now,0,0.0
13346.72,expired_card,upi,0.851,1,0.64,request_card_update,0,0.0
2532.66,card_declined,upi,0.779,0,21.69,retry_now,0,0.0
6423.55,expired_card,card,0.828,0,21.0,request_alternative_payment,0,0.0
5279.41,insufficient_funds,card,0.763,2,31.7,request_card_update,0,0.0
1439.17,insufficient_funds,netbanking,0.611,3,12.25,retry_now,0,0.0
1740.57,expired_card,wallet,0.672,2,42.68,request_card_update,0,0.0
5047.87,expired_card,upi,0.693,1,7.19,retry_later,0,0.0
24395.48,network_error,netbanking,0.873,0,5.17,retry_later,0,0.0
7947.47,network_error,card,0.513,1,0.98,request_card_update,0,0.0
1257.25,network_error,upi,0.957,4,26.16,request_card_update,1,1257.25
415.22,network_error,upi,0.759,3,7.83,request_alternative_payment,1,415.22
8987.91,insufficient_funds,netbanking,0.743,2,14.15,retry_now,0,0.0
4629.58,card_declined,netbanking,0.754,2,1.74,request_alternative_payment,0,0.0
12459.09,network_error,card,0.655,1,14.81,request_alternative_payment,0,0.0
2471.59,card_declined,card,0.885,1,15.45,retry_now,1,2471.59
6616.77,expired_card,netbanking,0.916,1,26.33,request_alternative_payment,0,0.0
9839.22,card_declined,card,0.749,1,19.38,request_alternative_payment,0,0.0
3495.47,insufficient_funds,upi,0.882,1,13.42,retry_later,0,0.0
3555.76,insufficient_funds,upi,0.637,1,6.39,request_alternative_payment,0,0.0
5102.08,network_error,card,0.578,3,9.85,retry_now,0,0.0
7718.18,insufficient_funds,upi,0.513,0,6.41,request_card_update,0,0.0
4942.99,expired_card,upi,0.691,0,51.64,request_card_update,0,0.0
10898.61,insufficient_funds,netbanking,0.661,0,30.02,request_card_update,0,0.0
3455.23,card_declined,card,0.834,2,24.36,request_card_update,1,3455.23
1727.58,network_error,card,0.625,3,70.24,retry_later,0,0.0
24313.17,card_declined,card,0.917,2,0.36,request_card_update,0,0.0
3082.47,network_error,card,0.551,1,11.74,retry_now,1,3082.47
3173.02,insufficient_funds,upi,0.891,1,11.79,request_alternative_payment,1,3173.02
4743.59,card_declined,card,0.807,0,52.38,retry_later,1,4743.59
5276.08,card_declined,card,0.81,1,2.48,retry_now,0,0.0
3669.63,expired_card,wallet,0.428,2,94.43,retry_later,0,0.0
4930.75,insufficient_funds,card,0.876,2,27.89,retry_now,0,0.0
4843.45,insufficient_funds,card,0.854,1,18.16,request_card_update,1,4843.45
5750.54,network_error,netbanking,0.808,2,74.07,retry_later,1,5750.54
758.39,expired_card,upi,0.857,0,2.02,retry_later,0,0.0
22514.04,network_error,card,0.73,0,21.16,request_card_update,0,0.0
4444.23,network_error,wallet,0.957,1,0.65,retry_now,1,4444.23
7956.08,card_declined,upi,0.639,4,18.52,retry_later,0,0.0
1660.23,card_declined,card,0.436,3,2.02,request_card_update,0,0.0
3430.27,expired_card,card,0.911,3,7.36,request_card_update,0,0.0
2920.0,expired_card,wallet,0.559,1,52.37,request_alternative_payment,0,0.0
16203.33,network_error,card,0.841,4,1.11,retry_later,0,0.0
3129.23,network_error,netbanking,0.942,1,14.48,retry_later,1,3129.23
9169.68,expired_card,card,0.581,1,19.83,retry_now,0,0.0
2971.6,insufficient_funds,card,0.708,2,7.75,retry_now,0,0.0
3481.08,insufficient_funds,netbanking,0.871,1,10.48,retry_now,0,0.0
4108.25,expired_card,wallet,0.923,2,15.78,retry_now,1,4108.25
13964.44,card_declined,card,0.659,1,17.09,request_alternative_payment,0,0.0
1102.47,insufficient_funds,card,0.69,4,12.78,retry_later,1,1102.47
1745.27,card_declined,upi,0.775,3,7.1,retry_later,1,1745.27
1052.95,card_declined,upi,0.951,2,4.48,request_card_update,0,0.0
2094.75,network_error,card,0.708,0,3.43,retry_now,1,2094.75
2612.11,network_error,card,0.832,0,15.02,request_alternative_payment,1,2612.11
1374.17,insufficient_funds,wallet,0.773,3,47.77,retry_now,1,1374.17
2779.08,card_declined,card,0.793,2,23.9,retry_now,0,0.0
997.67,insufficient_funds,card,0.68,0,0.89,request_alternative_payment,1,997.67
2214.54,expired_card,card,0.84,1,24.66,retry_now,0,0.0
13062.87,insufficient_funds,card,0.846,0,29.73,retry_later,0,0.0
6905.43,card_declined,upi,0.713,2,1.74,request_alternative_payment,1,6905.43
5809.02,card_declined,card,0.954,1,14.71,request_alternative_payment,0,0.0
2241.66,card_declined,upi,0.721,1,21.14,retry_later,0,0.0
1463.12,card_declined,card,0.927,0,50.01,retry_now,0,0.0
2009.96,network_error,card,0.818,0,2.0,request_alternative_payment,1,2009.96
4830.11,card_declined,netbanking,0.631,3,29.87,retry_later,0,0.0
10013.95,insufficient_funds,upi,0.534,2,0.73,request_card_update,0,0.0
10291.64,card_declined,card,0.975,0,19.44,request_card_update,1,10291.64
8280.7,card_declined,card,0.972,0,0.36,request_alternative_payment,1,8280.7
2771.51,insufficient_funds,upi,0.377,1,0.32,request_alternative_payment,0,0.0
5099.17,network_error,netbanking,0.624,3,27.51,request_alternative_payment,0,0.0
3866.55,insufficient_funds,upi,0.839,1,16.42,request_alternative_payment,1,3866.55
4256.67,network_error,netbanking,0.699,2,27.35,request_card_update,0,0.0
25511.78,insufficient_funds,card,0.841,4,9.26,request_card_update,0,0.0
1221.2,network_error,wallet,0.967,1,9.63,retry_later,1,1221.2
4144.14,insufficient_funds,card,0.905,2,71.28,request_alternative_payment,0,0.0
13181.8,card_declined,card,0.813,0,22.5,request_alternative_payment,0,0.0
1547.63,insufficient_funds,upi,0.651,0,22.67,request_alternative_payment,0,0.0
2987.51,card_declined,card,0.726,3,22.83,request_card_update,0,0.0
3274.64,insufficient_funds,card,0.762,3,69.24,request_alternative_payment,1,3274.64
4182.07,network_error,card,0.899,0,38.72,request_card_update,0,0.0
1394.69,card_declined,upi,0.841,1,38.03,request_alternative_payment,0,0.0
8049.96,expired_card,netbanking,0.685,2,30.78,retry_later,0,0.0
8520.44,network_error,upi,0.691,3,14.36,retry_now,1,8520.44
7509.27,card_declined,card,0.558,2,22.95,retry_later,1,7509.27
2492.13,network_error,card,0.346,2,32.57,request_card_update,1,2492.13
5358.3,insufficient_funds,netbanking,0.853,2,14.35,retry_now,0,0.0
2434.85,card_declined,upi,0.857,1,5.54,retry_now,0,0.0
3831.9,card_declined,upi,0.775,0,15.47,request_card_update,1,3831.9
28000.22,network_error,card,0.705,3,1.73,request_alternative_payment,1,28000.22
5397.81,insufficient_funds,card,0.581,4,4.1,request_alternative_payment,0,0.0
1933.66,card_declined,card,0.862,0,46.82,request_card_update,1,1933.66
5775.97,network_error,upi,0.674,2,3.54,request_alternative_payment,1,5775.97
1695.54,card_declined,netbanking,0.956,0,13.19,retry_later,0,0.0
1915.98,insufficient_funds,wallet,0.834,2,1.23,retry_now,0,0.0
2173.94,card_declined,card,0.498,0,8.26,retry_later,0,0.0
3504.3,network_error,upi,0.906,4,2.94,retry_later,0,0.0
10580.5,insufficient_funds,netbanking,0.918,2,0.8,retry_now,1,10580.5
7941.93,card_declined,card,0.742,2,17.86,retry_now,0,0.0
7597.61,expired_card,upi,0.813,0,10.65,retry_now,0,0.0
2075.7,expired_card,upi,0.757,0,16.93,retry_later,0,0.0
3242.64,insufficient_funds,card,0.646,1,1.23,request_alternative_payment,1,3242.64
6215.45,card_declined,card,0.785,0,31.14,request_card_update,0,0.0
3024.61,insufficient_funds,card,0.646,0,2.94,retry_now,1,3024.61
4001.8,expired_card,upi,0.85,3,48.66,request_alternative_payment,0,0.0
7117.27,card_declined,card,0.852,1,66.5,request_card_update,0,0.0
3782.63,card_declined,card,0.682,0,27.22,request_alternative_payment,0,0.0
5991.16,insufficient_funds,card,0.749,3,8.26,request_alternative_payment,0,0.0
17878.89,card_declined,netbanking,0.859,2,64.34,request_alternative_payment,0,0.0
4357.73,insufficient_funds,netbanking,0.889,1,6.28,request_card_update,1,4357.73
12844.4,network_error,wallet,0.766,2,3.01,request_alternative_payment,1,12844.4
7821.95,card_declined,netbanking,0.711,0,30.85,request_card_update,0,0.0
1545.96,card_declined,card,0.939,0,2.95,request_card_update,0,0.0
2070.37,network_error,card,0.892,0,25.02,request_card_update,1,2070.37
2566.55,insufficient_funds,upi,0.737,0,7.49,request_card_update,1,2566.55
2523.31,insufficient_funds,upi,0.713,3,17.79,retry_later,0,0.0
4651.58,card_declined,upi,0.865,4,0.28,retry_now,0,0.0
8175.59,network_error,card,0.898,0,10.18,retry_now,0,0.0
13647.61,insufficient_funds,wallet,0.886,3,17.19,retry_later,0,0.0
6397.95,network_error,card,0.849,2,4.13,request_alternative_payment,1,6397.95
3500.46,card_declined,upi,0.951,0,8.65,retry_now,1,3500.46
945.2,card_declined,netbanking,0.754,1,21.65,request_card_update,0,0.0
5290.48,card_declined,upi,0.619,1,0.65,request_card_update,0,0.0
5104.15,insufficient_funds,netbanking,0.588,0,14.45,retry_later,0,0.0
5787.97,insufficient_funds,upi,0.623,1,20.48,request_card_update,1,5787.97
26962.05,network_error,netbanking,0.898,0,0.87,retry_later,1,26962.05
13489.55,card_declined,netbanking,0.825,1,11.52,request_card_update,1,13489.55
9369.75,card_declined,card,0.957,0,5.38,retry_later,1,9369.75
2315.85,expired_card,card,0.888,1,45.9,retry_now,1,2315.85
3316.94,insufficient_funds,netbanking,0.853,1,24.67,retry_now,1,3316.94
4634.66,card_declined,upi,0.845,1,30.79,request_alternative_payment,0,0.0
2688.85,card_declined,upi,0.906,0,4.77,request_alternative_payment,0,0.0
7461.9,insufficient_funds,card,0.507,0,16.84,retry_now,1,7461.9
6652.32,expired_card,card,0.978,1,12.84,request_card_update,0,0.0
2093.4,expired_card,upi,0.585,0,20.5,retry_now,0,0.0
13025.27,insufficient_funds,wallet,0.888,0,23.17,request_card_update,0,0.0
5426.46,expired_card,card,0.844,1,43.13,request_card_update,0,0.0
1253.8,insufficient_funds,card,0.894,4,31.37,request_alternative_payment,0,0.0
4798.79,expired_card,card,0.645,1,60.74,request_alternative_payment,0,0.0
6261.4,network_error,upi,0.648,2,7.17,request_alternative_payment,1,6261.4
10888.11,insufficient_funds,card,0.774,2,2.08,request_alternative_payment,0,0.0
3816.97,card_declined,upi,0.786,2,7.81,retry_now,1,3816.97
9696.73,network_error,card,0.96,1,4.38,retry_now,1,9696.73
5807.51,insufficient_funds,card,0.514,3,5.9,request_card_update,0,0.0
1746.12,card_declined,card,0.591,0,63.52,retry_later,0,0.0
1611.72,card_declined,card,0.788,0,2.0,request_card_update,1,1611.72
12274.03,insufficient_funds,netbanking,0.774,0,32.79,retry_later,1,12274.03
13016.6,insufficient_funds,wallet,0.931,0,35.46,request_alternative_payment,1,13016.6
6473.81,insufficient_funds,netbanking,0.722,2,33.79,retry_later,1,6473.81
16543.67,network_error,netbanking,0.838,0,29.51,retry_later,1,16543.67
11643.24,card_declined,card,0.872,1,2.82,retry_now,1,11643.24
8639.47,card_declined,netbanking,0.799,1,2.46,retry_now,0,0.0
2411.84,insufficient_funds,upi,0.952,3,11.04,retry_now,1,2411.84
19976.99,insufficient_funds,netbanking,0.739,1,15.14,retry_later,0,0.0
7678.92,network_error,upi,0.903,1,45.55,request_alternative_payment,0,0.0
3672.11,insufficient_funds,card,0.823,2,4.28,request_card_update,1,3672.11
2929.47,network_error,card,0.943,0,0.49,request_alternative_payment,1,2929.47
6140.25,card_declined,card,0.585,1,17.79,request_card_update,0,0.0
1313.36,network_error,card,0.988,0,20.54,retry_later,1,1313.36
8751.07,card_declined,upi,0.49,0,3.74,request_alternative_payment,0,0.0
2331.66,network_error,wallet,0.855,1,7.45,retry_later,0,0.0
6725.62,insufficient_funds,card,0.647,2,7.69,retry_now,0,0.0
3294.13,expired_card,upi,0.779,1,25.31,request_card_update,0,0.0
4046.7,insufficient_funds,upi,0.703,1,4.12,request_card_update,0,0.0
2728.93,insufficient_funds,card,0.713,1,3.99,retry_later,0,0.0
4394.94,card_declined,card,0.957,1,31.19,retry_later,1,4394.94
22667.71,insufficient_funds,card,0.921,1,2.33,retry_now,1,22667.71
15142.2,card_declined,upi,0.497,3,2.28,retry_now,0,0.0
6639.4,network_error,card,0.77,1,30.04,retry_later,0,0.0
4899.84,network_error,card,0.824,2,11.47,request_alternative_payment,1,4899.84
9823.71,card_declined,card,0.735,0,1.34,retry_now,0,0.0
12347.01,expired_card,netbanking,0.701,0,25.18,request_card_update,0,0.0
2574.31,card_declined,netbanking,0.958,0,12.95,retry_later,1,2574.31
4699.64,insufficient_funds,card,0.79,1,7.23,request_card_update,0,0.0
1164.01,network_error,upi,0.915,2,8.62,retry_later,1,1164.01
12279.36,insufficient_funds,wallet,0.658,1,46.51,request_alternative_payment,0,0.0
26087.53,insufficient_funds,card,0.329,3,3.37,retry_now,0,0.0
5330.81,insufficient_funds,card,0.92,0,9.48,request_card_update,0,0.0
913.41,insufficient_funds,card,0.92,2,3.82,retry_later,0,0.0
8138.05,insufficient_funds,card,0.309,1,3.21,retry_now,0,0.0
2425.81,insufficient_funds,netbanking,0.736,0,19.84,request_alternative_payment,0,0.0
2941.03,card_declined,netbanking,0.686,1,8.46,retry_later,0,0.0
8254.01,network_error,upi,0.329,2,4.04,request_alternative_payment,0,0.0
6129.3,expired_card,card,0.723,3,4.22,request_card_update,0,0.0
3383.64,insufficient_funds,netbanking,0.903,1,7.07,retry_now,1,3383.64
2973.54,insufficient_funds,card,0.817,2,20.49,request_card_update,0,0.0
5529.55,card_declined,card,0.921,3,47.84,retry_later,1,5529.55
3603.36,insufficient_funds,card,0.919,2,14.83,retry_later,0,0.0
2058.65,card_declined,netbanking,0.889,0,33.58,retry_later,1,2058.65
3832.0,card_declined,upi,0.235,2,5.85,retry_later,0,0.0
6560.8,network_error,upi,0.609,0,2.69,retry_now,1,6560.8
4336.01,insufficient_funds,upi,0.728,0,18.1,request_card_update,1,4336.01
1613.86,network_error,card,0.824,4,38.3,request_card_update,1,1613.86
11030.78,card_declined,card,0.875,0,8.74,retry_later,0,0.0
559.0,expired_card,netbanking,0.988,2,1.26,retry_now,1,559.0
3498.54,insufficient_funds,wallet,0.576,2,11.65,retry_now,1,3498.54
3044.32,network_error,upi,0.627,2,6.65,request_alternative_payment,0,0.0
5629.28,network_error,card,0.664,1,3.82,retry_later,0,0.0
7836.3,insufficient_funds,wallet,0.613,2,24.51,retry_now,0,0.0
12315.39,card_declined,card,0.819,4,60.3,request_card_update,0,0.0
2827.84,network_error,card,0.707,2,2.22,retry_later,1,2827.84
7994.1,insufficient_funds,card,0.716,0,16.47,request_card_update,0,0.0
5847.96,card_declined,card,0.918,3,7.01,retry_now,0,0.0
1271.51,card_declined,upi,0.796,1,28.36,request_alternative_payment,0,0.0
22871.01,network_error,upi,0.665,0,7.99,retry_now,1,22871.01
1581.57,insufficient_funds,card,0.74,3,15.26,retry_now,1,1581.57
6993.88,card_declined,card,0.566,1,1.98,retry_now,1,6993.88
6830.55,insufficient_funds,upi,0.66,0,17.6,retry_later,0,0.0
6233.56,card_declined,card,0.821,1,11.61,request_alternative_payment,1,6233.56
3366.17,network_error,card,0.652,4,1.37,request_card_update,0,0.0
9691.41,card_declined,card,0.282,2,11.19,retry_now,0,0.0
1434.97,card_declined,netbanking,0.573,0,28.42,request_alternative_payment,0,0.0
4743.5,insufficient_funds,wallet,0.684,2,19.54,retry_later,0,0.0
3184.64,insufficient_funds,card,0.445,0,1.73,retry_now,1,3184.64
2908.39,network_error,upi,0.878,1,96.0,retry_now,1,2908.39
7045.83,insufficient_funds,netbanking,0.887,0,3.81,request_card_update,1,7045.83
11839.26,network_error,card,0.717,0,15.28,request_alternative_payment,1,11839.26
3799.36,network_error,wallet,0.886,4,5.83,request_alternative_payment,1,3799.36
9336.98,expired_card,upi,0.701,1,12.34,retry_now,0,0.0
5202.97,insufficient_funds,upi,0.631,2,2.75,request_card_update,0,0.0
2447.95,card_declined,upi,0.731,1,42.27,request_alternative_payment,0,0.0
4067.69,insufficient_funds,card,0.77,0,0.38,request_alternative_payment,1,4067.69
3934.76,expired_card,netbanking,0.674,2,13.26,request_alternative_payment,1,3934.76
2863.69,network_error,upi,0.519,1,69.9,request_alternative_payment,1,2863.69
7044.34,card_declined,card,0.83,0,9.6,retry_now,1,7044.34
6032.46,network_error,upi,0.865,0,19.91,request_card_update,1,6032.46
1400.62,insufficient_funds,wallet,0.609,1,49.74,request_alternative_payment,1,1400.62
1334.05,card_declined,netbanking,0.768,3,24.4,retry_now,0,0.0
7022.96,network_error,upi,0.708,0,17.03,retry_now,0,0.0
2604.42,insufficient_funds,card,0.69,1,6.18,request_alternative_payment,0,0.0
6366.63,expired_card,card,0.787,0,7.59,retry_now,0,0.0
9338.85,expired_card,card,0.95,2,20.25,request_card_update,0,0.0
1808.82,expired_card,netbanking,0.729,2,6.9,retry_now,1,1808.82
1616.41,network_error,netbanking,0.77,1,55.02,request_card_update,0,0.0
19086.54,insufficient_funds,wallet,0.554,1,2.62,request_card_update,0,0.0
6623.97,card_declined,card,0.815,0,1.42,retry_later,0,0.0
3575.29,insufficient_funds,wallet,0.811,3,4.99,retry_later,0,0.0
2368.57,network_error,wallet,0.446,1,22.32,request_card_update,1,2368.57
3323.72,insufficient_funds,upi,0.878,0,4.23,request_card_update,1,3323.72
1928.96,expired_card,netbanking,0.424,2,50.03,retry_now,0,0.0
10136.75,insufficient_funds,card,0.814,2,33.27,request_alternative_payment,0,0.0
2685.96,insufficient_funds,card,0.625,0,2.93,retry_later,0,0.0
11992.31,insufficient_funds,card,0.989,1,0.91,request_card_update,0,0.0
3628.92,network_error,card,0.542,1,25.26,request_card_update,1,3628.92
2170.07,insufficient_funds,card,0.711,1,3.46,request_card_update,1,2170.07
3555.15,insufficient_funds,upi,0.861,3,3.72,retry_later,0,0.0
612.69,insufficient_funds,card,0.87,2,52.21,retry_later,0,0.0
4539.53,insufficient_funds,card,0.88,3,4.77,retry_later,1,4539.53
4363.8,expired_card,card,0.477,1,48.6,retry_later,0,0.0
9671.97,card_declined,upi,0.8,2,17.03,request_card_update,1,9671.97
1105.61,insufficient_funds,wallet,0.494,0,2.85,retry_now,0,0.0
12666.12,insufficient_funds,card,0.665,0,27.13,request_alternative_payment,0,0.0
9639.96,insufficient_funds,netbanking,0.866,1,1.71,retry_later,0,0.0
13613.65,card_declined,wallet,0.823,1,20.88,request_card_update,0,0.0
4793.5,insufficient_funds,upi,0.723,0,60.79,request_card_update,1,4793.5
11252.11,insufficient_funds,upi,0.821,1,23.21,retry_now,1,11252.11
1541.02,insufficient_funds,upi,0.894,0,40.41,retry_later,1,1541.02
8845.21,insufficient_funds,wallet,0.965,0,4.54,request_card_update,0,0.0
2697.99,network_error,card,0.886,0,1.6,retry_now,1,2697.99
1334.18,insufficient_funds,netbanking,0.844,2,19.09,retry_now,0,0.0
2034.25,network_error,card,0.908,0,16.89,request_alternative_payment,1,2034.25
5022.17,card_declined,card,0.709,1,38.0,request_alternative_payment,0,0.0
2585.71,expired_card,upi,0.675,1,9.43,request_alternative_payment,1,2585.71
6755.09,insufficient_funds,netbanking,0.927,0,3.0,request_card_update,1,6755.09
1176.86,network_error,netbanking,0.774,0,7.95,retry_later,0,0.0
911.89,expired_card,wallet,0.737,0,2.11,retry_later,0,0.0
14989.47,expired_card,upi,0.619,4,2.34,retry_later,0,0.0
10303.44,network_error,upi,0.759,0,36.34,request_card_update,0,0.0
2159.77,insufficient_funds,wallet,0.7,2,19.13,request_card_update,1,2159.77
4988.02,expired_card,card,0.858,0,6.49,retry_now,0,0.0
11302.72,network_error,card,0.923,2,2.96,retry_later,1,11302.72
6992.22,insufficient_funds,card,0.793,2,6.35,request_card_update,1,6992.22
5629.48,insufficient_funds,upi,0.76,4,8.68,request_card_update,1,5629.48
12007.86,expired_card,upi,0.993,3,45.68,request_alternative_payment,1,12007.86
2786.73,insufficient_funds,netbanking,0.919,4,22.15,request_card_update,0,0.0
5126.28,network_error,card,0.877,0,5.97,retry_later,1,5126.28
4929.11,card_declined,netbanking,0.875,1,9.27,request_card_update,1,4929.11
4019.78,network_error,upi,0.4,2,18.78,request_alternative_payment,1,4019.78
3660.48,insufficient_funds,wallet,0.499,0,15.92,request_card_update,0,0.0
5300.14,network_error,card,0.952,0,18.62,retry_now,1,5300.14
5139.54,card_declined,upi,0.765,1,17.56,request_alternative_payment,1,5139.54
2161.27,expired_card,netbanking,0.946,2,62.46,request_alternative_payment,0,0.0
9496.04,insufficient_funds,upi,0.871,2,27.73,retry_later,0,0.0
2289.49,insufficient_funds,card,0.793,2,28.95,retry_later,0,0.0
4199.02,insufficient_funds,card,0.409,0,7.75,request_card_update,0,0.0
3948.02,insufficient_funds,card,0.648,2,3.08,request_card_update,0,0.0
6658.68,expired_card,upi,0.835,0,20.74,request_alternative_payment,1,6658.68
917.74,insufficient_funds,upi,0.847,3,43.86,request_alternative_payment,0,0.0
10197.74,insufficient_funds,upi,0.772,1,6.89,retry_later,0,0.0
2909.11,network_error,upi,0.763,2,0.56,retry_now,0,0.0
13268.71,insufficient_funds,card,0.917,4,65.77,retry_now,0,0.0
3410.66,insufficient_funds,card,0.691,1,19.86,retry_now,0,0.0
4808.39,network_error,netbanking,0.757,0,17.04,retry_later,0,0.0
23114.65,card_declined,netbanking,0.939,0,1.84,request_card_update,1,23114.65
4005.1,network_error,upi,0.805,0,8.19,request_card_update,1,4005.1
13470.71,card_declined,upi,0.538,2,8.65,retry_later,0,0.0
5158.65,insufficient_funds,wallet,0.625,4,31.78,retry_now,0,0.0
6971.1,card_declined,wallet,0.764,3,19.34,request_card_update,0,0.0
5287.81,expired_card,upi,0.796,4,10.26,request_alternative_payment,0,0.0
9852.44,card_declined,card,0.878,0,1.69,request_card_update,1,9852.44
2889.3,network_error,card,0.818,0,0.25,retry_later,1,2889.3
2275.5,card_declined,upi,0.586,0,14.9,request_alternative_payment,1,2275.5
2999.89,card_declined,card,0.453,1,3.32,retry_now,0,0.0
5415.18,network_error,card,0.633,2,6.26,retry_now,1,5415.18
4190.34,insufficient_funds,card,0.494,2,21.03,request_alternative_payment,0,0.0
8825.61,card_declined,wallet,0.695,0,2.1,request_alternative_payment,0,0.0
14199.73,insufficient_funds,card,0.854,1,13.02,request_card_update,1,14199.73
2290.49,network_error,netbanking,0.854,0,1.63,request_card_update,0,0.0
2779.52,card_declined,wallet,0.832,0,7.58,retry_now,0,0.0
1584.78,insufficient_funds,upi,0.602,2,14.33,request_card_update,0,0.0
25374.29,insufficient_funds,card,0.818,3,9.2,request_alternative_payment,0,0.0
6380.03,expired_card,netbanking,0.743,1,8.53,retry_now,0,0.0
7339.57,insufficient_funds,upi,0.918,0,0.69,retry_now,0,0.0
1711.33,insufficient_funds,card,0.475,0,37.47,request_card_update,0,0.0
4995.32,insufficient_funds,upi,0.719,3,31.86,retry_now,1,4995.32
7514.51,card_declined,card,0.89,1,9.5,request_alternative_payment,0,0.0
4084.63,insufficient_funds,upi,0.944,2,24.15,retry_now,0,0.0
11822.48,network_error,wallet,0.902,1,3.03,request_card_update,1,11822.48
31782.09,network_error,upi,0.891,1,29.17,retry_now,0,0.0
2343.83,insufficient_funds,wallet,0.704,1,3.23,request_alternative_payment,0,0.0
2207.3,card_declined,card,0.573,2,40.79,retry_later,0,0.0
2477.46,insufficient_funds,netbanking,0.841,3,11.32,retry_later,0,0.0
18072.6,insufficient_funds,netbanking,0.837,1,0.54,request_alternative_payment,1,18072.6
11511.22,card_declined,card,0.893,4,25.45,retry_later,0,0.0
4486.24,insufficient_funds,wallet,0.832,2,19.49,request_card_update,1,4486.24
5148.4,expired_card,wallet,0.546,2,49.62,retry_later,0,0.0
2601.8,card_declined,card,0.856,3,27.27,retry_now,1,2601.8
10190.54,insufficient_funds,netbanking,0.795,0,7.55,request_alternative_payment,0,0.0
3689.59,expired_card,card,0.987,0,6.49,retry_now,0,0.0
4060.79,card_declined,card,0.776,0,26.26,request_card_update,0,0.0
8137.39,insufficient_funds,card,0.655,1,5.67,retry_now,1,8137.39
4301.84,card_declined,upi,0.951,3,73.06,retry_now,0,0.0
4143.19,expired_card,card,0.639,0,55.64,retry_later,1,4143.19
5042.48,card_declined,card,0.804,1,5.96,retry_later,1,5042.48
9447.24,card_declined,wallet,0.732,1,47.67,retry_later,1,9447.24
18664.67,card_declined,upi,0.848,1,20.59,retry_now,1,18664.67
7987.09,insufficient_funds,netbanking,0.96,0,39.42,request_card_update,1,7987.09
9507.58,insufficient_funds,card,0.702,0,65.41,retry_now,1,9507.58
4261.22,card_declined,card,0.519,0,15.86,retry_now,1,4261.22
2838.28,expired_card,netbanking,0.603,0,11.85,request_card_update,0,0.0
8437.0,network_error,card,0.796,0,11.33,retry_later,1,8437.0
5734.1,insufficient_funds,upi,0.464,1,8.5,request_card_update,0,0.0
1602.13,card_declined,wallet,0.831,2,25.15,request_card_update,0,0.0
3845.8,insufficient_funds,card,0.574,1,96.0,retry_later,0,0.0
4679.17,insufficient_funds,upi,0.713,2,2.36,request_alternative_payment,1,4679.17
3323.68,network_error,upi,0.932,0,5.09,retry_now,1,3323.68
16359.79,insufficient_funds,card,0.887,1,76.17,request_alternative_payment,0,0.0
7339.78,network_error,upi,0.846,0,3.39,retry_later,0,0.0
14998.91,card_declined,upi,0.619,1,4.77,request_alternative_payment,0,0.0
6172.96,network_error,card,0.612,2,28.41,retry_now,0,0.0
5336.38,expired_card,card,0.606,1,14.98,request_card_update,1,5336.38
2363.54,network_error,upi,0.642,1,0.62,retry_later,0,0.0
5047.95,expired_card,upi,0.495,1,9.5,retry_later,0,0.0
5052.49,network_error,wallet,0.901,1,23.9,request_card_update,1,5052.49
1674.89,card_declined,netbanking,0.806,3,9.31,retry_later,1,1674.89
3247.27,insufficient_funds,card,0.815,2,7.14,request_alternative_payment,0,0.0
3860.56,insufficient_funds,wallet,0.952,0,40.83,retry_now,0,0.0
6960.29,expired_card,netbanking,0.798,2,6.12,request_alternative_payment,1,6960.29
7232.02,insufficient_funds,card,0.912,0,21.73,request_card_update,1,7232.02
3140.5,expired_card,card,0.684,1,20.11,request_alternative_payment,0,0.0
7275.65,insufficient_funds,card,0.994,1,2.07,request_card_update,1,7275.65
4322.24,network_error,card,0.751,1,18.08,request_card_update,1,4322.24
503.46,insufficient_funds,upi,0.742,2,44.06,request_alternative_payment,0,0.0
3392.87,expired_card,card,0.89,0,67.23,request_card_update,0,0.0
11853.57,insufficient_funds,wallet,0.543,1,19.92,request_alternative_payment,0,0.0
1302.12,card_declined,upi,0.973,1,1.06,retry_later,1,1302.12
5471.71,expired_card,card,0.823,1,3.16,request_alternative_payment,1,5471.71
17772.4,insufficient_funds,wallet,0.617,0,17.75,request_card_update,1,17772.4
2720.86,insufficient_funds,upi,0.846,1,19.94,retry_now,1,2720.86
5008.6,expired_card,card,0.761,3,16.45,request_alternative_payment,0,0.0
1761.6,network_error,card,0.781,0,36.4,request_alternative_payment,1,1761.6
18379.26,insufficient_funds,upi,0.772,2,50.64,request_alternative_payment,0,0.0
4677.54,card_declined,upi,0.872,2,6.22,request_alternative_payment,0,0.0
5190.03,insufficient_funds,upi,0.682,4,1.83,request_alternative_payment,0,0.0
14774.14,insufficient_funds,netbanking,0.849,0,2.29,request_alternative_payment,1,14774.14
8487.72,card_declined,upi,0.337,3,21.33,request_card_update,0,0.0
2481.68,insufficient_funds,netbanking,0.756,0,10.55,retry_now,0,0.0
2979.08,card_declined,upi,0.939,1,44.56,retry_later,0,0.0
7428.94,insufficient_funds,upi,0.495,1,10.27,retry_now,1,7428.94
3034.79,expired_card,card,0.93,2,11.94,request_card_update,0,0.0
919.1,card_declined,upi,0.929,0,6.9,retry_now,0,0.0
4791.51,insufficient_funds,card,0.703,0,25.91,request_card_update,1,4791.51
1530.0,expired_card,upi,0.184,4,14.46,request_alternative_payment,1,1530.0
18218.97,network_error,card,0.861,2,2.92,retry_later,0,0.0
5759.6,insufficient_funds,upi,0.881,1,6.94,retry_later,1,5759.6
2423.71,expired_card,card,0.788,0,5.2,retry_now,0,0.0
2859.17,insufficient_funds,upi,0.631,4,4.35,request_card_update,1,2859.17
1102.87,insufficient_funds,card,0.708,2,1.69,request_alternative_payment,1,1102.87
2074.81,card_declined,wallet,0.657,4,30.04,request_card_update,0,0.0
11273.97,insufficient_funds,card,0.602,0,47.45,request_alternative_payment,0,0.0
29810.68,network_error,upi,0.451,0,19.31,request_alternative_payment,0,0.0
8940.17,card_declined,upi,0.777,2,61.93,request_card_update,0,0.0
4645.06,expired_card,card,0.606,2,18.82,retry_later,0,0.0
3539.09,insufficient_funds,netbanking,0.733,3,11.32,request_card_update,0,0.0
2326.21,insufficient_funds,wallet,0.464,0,7.81,request_alternative_payment,1,2326.21
25978.02,card_declined,netbanking,0.7,1,5.23,request_card_update,0,0.0
4299.24,insufficient_funds,wallet,0.744,0,0.36,retry_later,0,0.0
27165.34,expired_card,card,0.765,1,15.99,retry_later,0,0.0
15245.03,network_error,wallet,0.605,4,1.14,retry_later,0,0.0
1242.1,network_error,netbanking,0.877,2,14.95,request_card_update,1,1242.1
2934.91,network_error,netbanking,0.526,0,5.06,retry_now,1,2934.91
2927.66,insufficient_funds,netbanking,0.906,1,37.72,request_card_update,1,2927.66
4690.6,insufficient_funds,upi,0.558,1,16.01,retry_later,0,0.0
4764.47,card_declined,upi,0.705,1,51.83,retry_later,1,4764.47
50000.0,network_error,upi,0.4,0,1.18,request_card_update,1,50000.0
2112.04,insufficient_funds,card,0.868,1,1.98,retry_now,0,0.0
6005.13,insufficient_funds,upi,0.929,1,52.8,request_alternative_payment,0,0.0
8187.79,network_error,card,0.737,0,57.94,retry_now,0,0.0
4993.72,insufficient_funds,upi,0.624,0,4.82,request_card_update,1,4993.72
5460.73,card_declined,upi,0.795,1,78.31,retry_later,0,0.0
2167.54,insufficient_funds,card,0.714,1,8.48,retry_later,0,0.0
5444.61,card_declined,card,0.82,0,2.93,request_card_update,0,0.0
7527.46,card_declined,card,0.695,2,3.56,retry_now,0,0.0
6498.16,expired_card,upi,0.897,2,13.58,retry_now,1,6498.16
7890.02,network_error,card,0.431,0,0.25,retry_now,1,7890.02
15479.62,insufficient_funds,card,0.503,2,16.88,request_card_update,0,0.0
10580.48,network_error,card,0.713,1,30.58,request_alternative_payment,0,0.0
5293.47,network_error,card,0.62,0,46.61,request_card_update,0,0.0
1958.21,network_error,card,0.759,2,5.52,request_card_update,0,0.0
3093.9,expired_card,card,0.712,1,17.18,retry_later,0,0.0
4194.33,network_error,upi,0.713,1,10.26,request_card_update,1,4194.33
6118.49,insufficient_funds,upi,0.75,0,20.89,request_card_update,0,0.0
3410.2,card_declined,wallet,0.788,2,54.82,retry_now,0,0.0
2365.17,insufficient_funds,card,0.77,0,9.13,retry_now,1,2365.17
1932.62,card_declined,card,0.804,0,25.9,retry_now,0,0.0
1334.42,expired_card,card,0.831,2,58.82,retry_now,0,0.0
4143.24,card_declined,upi,0.566,0,77.84,retry_later,0,0.0
1542.96,insufficient_funds,card,0.74,4,43.13,retry_later,1,1542.96
2245.7,expired_card,card,0.664,0,13.85,retry_later,1,2245.7
3648.5,network_error,upi,0.801,0,53.13,retry_now,1,3648.5
1717.22,insufficient_funds,card,0.765,2,19.88,request_alternative_payment,1,1717.22
6775.0,expired_card,upi,0.833,1,10.98,retry_now,0,0.0
9039.61,insufficient_funds,upi,0.905,0,8.13,request_alternative_payment,0,0.0
3221.66,card_declined,netbanking,0.773,0,2.05,retry_now,1,3221.66
3524.77,card_declined,card,0.929,0,21.77,request_alternative_payment,1,3524.77
7685.86,expired_card,card,0.839,4,9.94,retry_later,0,0.0
2824.25,insufficient_funds,upi,0.914,0,11.59,request_card_update,1,2824.25
2673.13,insufficient_funds,card,0.763,3,7.75,retry_now,0,0.0
13021.95,network_error,card,0.881,1,20.46,request_card_update,0,0.0
10143.04,expired_card,upi,0.938,2,39.21,request_alternative_payment,0,0.0
8090.4,insufficient_funds,card,0.564,2,69.99,retry_later,0,0.0
10485.08,insufficient_funds,card,0.765,0,15.64,request_card_update,0,0.0
1028.0,expired_card,upi,0.642,4,4.04,retry_now,0,0.0
14768.64,network_error,netbanking,0.636,2,7.41,request_card_update,1,14768.64
6842.05,insufficient_funds,card,0.892,2,16.22,request_card_update,0,0.0
11224.1,card_declined,upi,0.633,1,21.96,request_card_update,0,0.0
6815.28,card_declined,wallet,0.889,1,51.87,retry_now,0,0.0
5199.58,network_error,card,0.795,1,4.28,request_alternative_payment,0,0.0
4011.6,card_declined,upi,0.603,0,10.64,retry_later,0,0.0
6707.01,network_error,card,0.84,0,2.97,retry_now,1,6707.01
3896.35,insufficient_funds,wallet,0.927,2,45.81,retry_later,0,0.0
10011.54,network_error,card,0.788,1,30.82,request_alternative_payment,1,10011.54
1405.33,insufficient_funds,card,0.742,0,6.45,retry_now,1,1405.33
3241.96,expired_card,wallet,0.776,3,0.98,request_alternative_payment,0,0.0
25669.32,insufficient_funds,upi,0.892,0,7.78,retry_later,1,25669.32
3030.03,insufficient_funds,card,0.98,3,5.4,request_alternative_payment,0,0.0
4130.88,insufficient_funds,netbanking,0.837,2,22.28,retry_now,0,0.0
2467.91,insufficient_funds,netbanking,0.895,2,15.19,request_alternative_payment,1,2467.91
6541.16,card_declined,upi,0.809,1,21.73,request_alternative_payment,1,6541.16
2774.38,network_error,card,0.846,1,0.98,retry_now,1,2774.38
4310.05,expired_card,card,0.658,0,27.72,retry_later,1,4310.05
9860.44,card_declined,wallet,0.935,3,5.43,retry_later,0,0.0
2858.87,card_declined,card,0.802,1,25.18,request_card_update,1,2858.87
9396.4,insufficient_funds,card,0.966,1,23.95,request_alternative_payment,0,0.0
9652.54,network_error,card,0.785,0,17.36,request_alternative_payment,0,0.0
11627.85,insufficient_funds,card,0.896,0,3.67,retry_now,0,0.0
5594.99,insufficient_funds,upi,0.695,3,11.49,retry_now,1,5594.99
50000.0,insufficient_funds,card,0.67,1,20.83,request_card_update,0,0.0
11623.92,insufficient_funds,card,0.689,1,2.21,request_card_update,0,0.0
6484.02,card_declined,card,0.583,0,66.59,request_card_update,0,0.0
2481.09,insufficient_funds,card,0.705,4,40.38,request_card_update,0,0.0
4626.45,insufficient_funds,card,0.512,2,4.65,request_card_update,0,0.0
15650.45,network_error,card,0.868,1,14.99,retry_now,0,0.0
19630.13,insufficient_funds,upi,0.915,4,7.15,retry_later,0,0.0
16315.27,card_declined,card,0.789,1,4.54,retry_later,1,16315.27
9370.74,card_declined,card,0.799,3,7.75,retry_now,1,9370.74
1831.09,expired_card,upi,0.718,0,7.61,request_card_update,1,1831.09
7382.91,network_error,upi,0.861,1,40.35,request_card_update,1,7382.91
1852.09,insufficient_funds,upi,0.541,1,59.07,retry_now,1,1852.09
1521.14,expired_card,wallet,0.619,0,12.57,request_card_update,0,0.0
6054.28,card_declined,card,0.876,1,21.07,request_card_update,0,0.0
7598.85,insufficient_funds,card,0.57,2,10.08,retry_now,0,0.0
10299.96,network_error,card,0.624,0,3.61,retry_now,1,10299.96
7442.05,network_error,card,0.295,1,25.07,request_card_update,0,0.0
7650.01,insufficient_funds,wallet,0.794,3,25.03,retry_later,1,7650.01
2274.4,card_declined,upi,0.832,1,23.7,request_card_update,1,2274.4
4597.24,insufficient_funds,netbanking,0.917,2,18.72,request_alternative_payment,0,0.0
1497.42,card_declined,wallet,0.571,2,1.88,request_alternative_payment,0,0.0
1006.77,expired_card,netbanking,0.821,0,4.88,retry_now,1,1006.77
9042.65,card_declined,card,0.768,2,25.57,request_alternative_payment,1,9042.65
2737.21,expired_card,netbanking,0.715,3,1.71,request_card_update,0,0.0
10048.63,insufficient_funds,card,0.822,4,23.28,retry_later,1,10048.63
12135.27,network_error,card,0.56,0,16.57,request_alternative_payment,1,12135.27
3046.47,expired_card,upi,0.822,0,8.8,retry_later,1,3046.47
8017.98,network_error,wallet,0.536,0,15.48,request_card_update,0,0.0
2946.19,insufficient_funds,netbanking,0.962,1,31.96,request_alternative_payment,1,2946.19
1141.95,insufficient_funds,card,0.741,0,30.79,retry_now,0,0.0
5518.39,insufficient_funds,netbanking,0.699,1,2.29,retry_now,0,0.0
3430.61,card_declined,upi,0.944,0,13.6,retry_now,0,0.0
3516.15,expired_card,upi,0.739,2,34.47,retry_later,0,0.0
24281.44,card_declined,card,0.691,4,0.25,retry_later,0,0.0
1475.14,insufficient_funds,card,0.874,0,10.51,request_alternative_payment,0,0.0
6791.93,insufficient_funds,card,0.864,0,10.65,request_alternative_payment,1,6791.93
2256.0,card_declined,netbanking,0.906,0,11.09,request_alternative_payment,1,2256.0
10340.28,card_declined,wallet,0.776,4,3.13,retry_later,0,0.0
6348.27,insufficient_funds,card,0.81,1,0.25,request_alternative_payment,0,0.0
6772.79,network_error,card,0.71,0,42.03,retry_now,1,6772.79
2347.91,insufficient_funds,card,0.712,1,0.25,request_card_update,0,0.0
2710.05,card_declined,netbanking,0.802,2,20.06,retry_now,0,0.0
10498.56,card_declined,upi,0.872,2,19.38,request_card_update,1,10498.56
20616.18,insufficient_funds,upi,0.446,1,40.22,retry_later,0,0.0
7342.54,card_declined,card,0.665,0,34.53,retry_later,0,0.0
2438.79,network_error,card,0.916,4,6.16,retry_now,0,0.0
6557.36,card_declined,wallet,0.901,2,0.25,retry_later,1,6557.36
34862.63,network_error,upi,0.882,0,48.1,retry_now,1,34862.63
5426.94,card_declined,card,0.817,1,14.71,retry_later,0,0.0
16101.47,insufficient_funds,card,0.703,0,13.11,retry_later,0,0.0
2765.37,expired_card,card,0.877,1,51.25,request_alternative_payment,0,0.0
4834.46,expired_card,card,0.734,3,1.83,request_alternative_payment,1,4834.46
8207.84,insufficient_funds,card,0.677,0,82.93,request_card_update,1,8207.84
6870.94,expired_card,upi,0.86,0,44.36,request_card_update,0,0.0
2708.32,network_error,card,0.782,1,76.93,request_card_update,1,2708.32
2616.46,insufficient_funds,card,0.784,0,51.18,retry_now,0,0.0
11023.9,card_declined,upi,0.745,0,39.81,retry_later,0,0.0
12970.51,insufficient_funds,card,0.686,0,22.15,retry_later,1,12970.51
16762.64,card_declined,upi,0.827,1,2.8,retry_later,1,16762.64
21169.94,expired_card,netbanking,0.62,0,11.27,request_alternative_payment,0,0.0
5568.54,card_declined,card,0.879,4,5.81,retry_now,0,0.0
3898.06,card_declined,netbanking,0.911,4,10.82,request_card_update,0,0.0
14735.07,insufficient_funds,card,0.814,1,7.33,request_alternative_payment,1,14735.07
8845.36,card_declined,card,0.849,0,42.64,retry_now,0,0.0
2278.4,network_error,card,0.646,0,9.22,retry_later,0,0.0
2187.0,insufficient_funds,upi,0.907,2,9.56,request_card_update,1,2187.0
7411.12,card_declined,card,0.759,2,8.12,request_alternative_payment,1,7411.12
4338.89,card_declined,netbanking,0.915,0,21.69,retry_later,0,0.0
4895.39,network_error,card,0.787,3,0.33,request_card_update,0,0.0
11792.51,network_error,upi,0.586,2,38.96,request_alternative_payment,1,11792.51
9176.7,network_error,card,0.737,0,4.56,retry_now,1,9176.7
14488.23,card_declined,card,0.276,3,7.9,retry_later,1,14488.23
1066.32,card_declined,upi,0.785,2,28.66,request_card_update,0,0.0
6123.64,network_error,card,0.954,3,7.16,request_alternative_payment,0,0.0
8716.25,network_error,card,0.886,3,21.89,request_alternative_payment,1,8716.25
1474.28,card_declined,upi,0.481,0,19.69,request_alternative_payment,1,1474.28
2960.98,expired_card,upi,0.856,1,15.08,retry_later,1,2960.98
2552.44,insufficient_funds,upi,0.888,0,1.9,request_alternative_payment,1,2552.44
5087.55,insufficient_funds,card,0.806,0,13.67,retry_now,0,0.0
18388.42,expired_card,card,0.872,0,4.4,request_card_update,1,18388.42
25216.77,insufficient_funds,card,0.842,1,8.14,retry_now,0,0.0
2606.5,expired_card,card,0.78,2,18.26,request_card_update,0,0.0
7619.29,card_declined,card,0.715,0,9.61,request_card_update,1,7619.29
7818.37,expired_card,card,0.708,1,9.32,retry_later,1,7818.37
6817.81,card_declined,card,0.776,3,9.92,request_card_update,0,0.0
6880.02,network_error,upi,0.854,1,9.35,retry_now,0,0.0
6375.3,network_error,card,0.574,0,32.65,retry_now,1,6375.3
19288.21,card_declined,card,0.676,1,24.46,retry_now,0,0.0
12078.31,card_declined,card,0.766,0,9.77,request_card_update,0,0.0
2141.09,insufficient_funds,card,0.659,1,28.47,retry_later,0,0.0
9450.0,insufficient_funds,netbanking,0.647,1,7.32,request_card_update,0,0.0
10209.68,expired_card,card,0.795,0,19.92,request_alternative_payment,0,0.0
6432.81,insufficient_funds,card,0.598,0,11.07,retry_later,0,0.0
12361.38,network_error,netbanking,0.631,0,23.9,retry_now,1,12361.38
5811.84,card_declined,card,0.829,3,22.83,request_alternative_payment,1,5811.84
5869.75,insufficient_funds,card,0.692,0,8.09,request_alternative_payment,0,0.0
5509.26,expired_card,netbanking,0.588,3,19.45,retry_now,0,0.0
994.86,insufficient_funds,upi,0.854,4,50.67,request_alternative_payment,0,0.0
4688.53,card_declined,wallet,0.644,1,13.12,request_card_update,0,0.0
2929.52,card_declined,netbanking,0.746,3,8.3,retry_now,0,0.0
1935.33,insufficient_funds,upi,0.591,1,48.62,request_alternative_payment,0,0.0
15747.04,insufficient_funds,card,0.832,0,39.02,retry_later,0,0.0
7484.27,network_error,upi,0.673,0,31.05,retry_now,1,7484.27
4882.09,insufficient_funds,card,0.965,4,2.65,retry_now,0,0.0
3182.27,network_error,upi,0.77,2,7.35,request_card_update,1,3182.27
6336.8,card_declined,wallet,0.572,4,0.41,retry_now,0,0.0
11051.73,insufficient_funds,card,0.928,1,1.53,retry_later,0,0.0
2580.2,insufficient_funds,netbanking,0.675,0,10.49,retry_later,1,2580.2
4980.72,insufficient_funds,upi,0.71,0,6.68,request_card_update,1,4980.72
10013.07,network_error,card,0.9,2,62.46,retry_later,0,0.0
1062.51,card_declined,netbanking,0.858,0,41.05,request_card_update,1,1062.51
4774.94,insufficient_funds,upi,0.941,1,4.62,retry_now,0,0.0
3546.65,card_declined,card,0.63,3,16.23,request_card_update,0,0.0
4492.34,card_declined,upi,0.683,2,0.25,retry_later,1,4492.34
3347.24,card_declined,card,0.845,1,7.29,retry_now,0,0.0
5581.95,insufficient_funds,card,0.7,1,40.63,retry_now,0,0.0
23297.35,insufficient_funds,upi,0.893,1,61.0,request_alternative_payment,1,23297.35
3858.58,insufficient_funds,netbanking,0.507,1,0.26,request_alternative_payment,1,3858.58
6314.24,network_error,upi,0.87,0,10.51,request_alternative_payment,1,6314.24
24661.3,network_error,netbanking,0.444,0,46.31,request_alternative_payment,1,24661.3
3220.14,insufficient_funds,netbanking,0.821,0,1.75,request_alternative_payment,1,3220.14
21352.7,insufficient_funds,card,0.675,0,39.51,retry_later,1,21352.7
5021.34,network_error,netbanking,0.715,0,12.46,request_card_update,1,5021.34
20800.04,insufficient_funds,netbanking,0.617,3,47.18,retry_now,0,0.0
9112.06,card_declined,card,0.962,2,41.06,retry_now,0,0.0
6392.49,card_declined,card,0.784,4,35.77,retry_now,0,0.0
4744.25,insufficient_funds,upi,0.756,2,89.56,request_alternative_payment,0,0.0
3034.98,card_declined,wallet,0.798,2,40.71,request_alternative_payment,0,0.0
5312.55,insufficient_funds,wallet,0.609,1,16.31,request_card_update,0,0.0
10250.51,card_declined,upi,0.694,1,8.39,retry_now,1,10250.51
4947.83,insufficient_funds,netbanking,0.777,0,89.06,request_alternative_payment,0,0.0
3881.18,card_declined,upi,0.837,2,3.11,retry_later,0,0.0
4091.09,card_declined,netbanking,0.958,1,22.73,request_card_update,0,0.0
11060.93,insufficient_funds,upi,0.805,1,4.55,request_alternative_payment,0,0.0
13324.0,card_declined,wallet,0.951,2,16.19,request_alternative_payment,1,13324.0
2932.1,network_error,wallet,0.847,2,48.0,retry_later,1,2932.1
2928.73,expired_card,card,0.916,1,19.84,request_alternative_payment,0,0.0
6772.87,insufficient_funds,wallet,0.62,0,5.75,retry_now,1,6772.87
16970.28,insufficient_funds,upi,0.71,0,28.04,request_card_update,1,16970.28
12506.27,insufficient_funds,card,0.542,3,34.32,request_alternative_payment,0,0.0
1836.67,expired_card,card,0.823,4,31.0,request_alternative_payment,0,0.0
4047.81,card_declined,upi,0.739,2,44.36,request_card_update,1,4047.81
2374.9,insufficient_funds,card,0.58,2,24.35,retry_now,0,0.0
4036.7,network_error,card,0.77,2,1.16,retry_now,0,0.0
18046.76,insufficient_funds,upi,0.72,2,33.0,request_alternative_payment,0,0.0
1602.17,card_declined,card,0.969,0,23.65,retry_later,0,0.0
1369.36,card_declined,card,0.611,0,1.23,request_alternative_payment,1,1369.36
2576.92,card_declined,netbanking,0.704,3,0.64,retry_later,1,2576.92
6292.05,network_error,card,0.804,3,12.57,retry_later,0,0.0
8215.66,insufficient_funds,upi,0.919,0,27.78,retry_now,0,0.0
7095.05,card_declined,card,0.487,0,6.06,request_alternative_payment,0,0.0
12806.93,card_declined,netbanking,0.705,4,5.2,request_alternative_payment,1,12806.93
1220.14,insufficient_funds,card,0.674,1,1.39,request_alternative_payment,0,0.0
12937.2,expired_card,netbanking,0.923,2,1.61,retry_later,0,0.0
3895.26,network_error,upi,0.822,0,0.48,retry_later,1,3895.26
8976.71,expired_card,netbanking,0.624,1,41.28,retry_later,0,0.0
1734.46,network_error,upi,0.856,1,25.06,request_alternative_payment,1,1734.46
5019.87,insufficient_funds,upi,0.716,0,43.58,retry_now,1,5019.87
6040.31,card_declined,card,0.998,0,4.06,retry_now,0,0.0
12604.31,card_declined,upi,0.648,3,4.72,retry_later,0,0.0
1406.68,insufficient_funds,upi,0.897,0,4.36,request_alternative_payment,1,1406.68
5124.54,card_declined,upi,0.614,2,29.79,request_card_update,1,5124.54
2098.56,insufficient_funds,card,0.876,1,13.02,retry_now,0,0.0
7491.99,insufficient_funds,upi,0.829,1,2.77,request_card_update,1,7491.99
9311.14,network_error,upi,0.887,3,10.95,retry_now,0,0.0
14001.63,insufficient_funds,upi,0.916,2,8.42,retry_now,0,0.0
3258.98,card_declined,upi,0.786,1,10.29,retry_now,1,3258.98
10498.36,network_error,card,0.884,1,9.09,request_alternative_payment,1,10498.36
14852.37,card_declined,upi,0.922,3,4.93,retry_later,0,0.0
1342.91,insufficient_funds,card,0.621,3,7.6,retry_later,0,0.0
8160.57,card_declined,netbanking,0.743,2,47.77,retry_later,0,0.0
10764.43,network_error,netbanking,0.645,1,17.05,request_alternative_payment,1,10764.43
4065.18,expired_card,card,0.823,4,37.4,request_alternative_payment,0,0.0
1898.03,insufficient_funds,card,0.731,0,3.66,request_card_update,1,1898.03
10631.3,insufficient_funds,upi,0.878,2,2.07,retry_later,0,0.0
1915.22,card_declined,netbanking,0.689,0,0.94,retry_now,0,0.0
4335.15,insufficient_funds,card,0.613,1,39.67,request_card_update,1,4335.15
4842.05,network_error,card,0.778,0,32.46,request_alternative_payment,1,4842.05
8862.85,network_error,card,0.912,1,14.28,retry_later,0,0.0
3028.7,network_error,netbanking,0.503,0,45.83,retry_now,1,3028.7
2891.49,expired_card,card,0.612,0,0.25,retry_later,0,0.0
5411.74,card_declined,netbanking,0.98,1,37.25,retry_later,1,5411.74
11184.74,expired_card,upi,0.622,4,37.74,retry_now,0,0.0
31168.19,card_declined,netbanking,0.788,0,52.47,retry_later,0,0.0
1496.98,insufficient_funds,wallet,0.765,0,37.39,request_alternative_payment,1,1496.98
6434.74,network_error,upi,0.665,0,19.09,retry_now,0,0.0
2096.38,network_error,upi,0.805,1,17.82,retry_now,1,2096.38
11296.43,expired_card,upi,0.904,0,8.1,retry_now,0,0.0
2359.86,insufficient_funds,netbanking,0.628,0,0.25,request_card_update,0,0.0
2914.56,insufficient_funds,upi,0.754,2,54.57,request_alternative_payment,0,0.0
3120.59,network_error,card,0.685,0,6.16,retry_later,0,0.0
4704.31,insufficient_funds,wallet,0.792,1,4.41,retry_now,1,4704.31
6475.31,card_declined,card,0.712,0,5.93,request_alternative_payment,0,0.0
7362.5,card_declined,wallet,0.756,2,20.24,request_alternative_payment,0,0.0
4976.98,insufficient_funds,card,0.749,0,5.62,retry_later,0,0.0
1725.51,insufficient_funds,upi,0.88,2,35.3,request_alternative_payment,1,1725.51
8950.12,network_error,wallet,0.729,0,15.34,retry_now,1,8950.12
4792.59,insufficient_funds,upi,0.738,2,0.93,retry_later,0,0.0
12664.79,network_error,upi,0.669,0,21.14,request_alternative_payment,1,12664.79
2838.42,network_error,card,0.915,0,5.92,request_alternative_payment,1,2838.42
1387.66,card_declined,card,0.805,2,11.42,request_card_update,0,0.0
4865.73,card_declined,card,0.618,1,4.58,retry_later,1,4865.73
14100.36,insufficient_funds,upi,0.825,0,23.75,retry_now,1,14100.36
5687.05,network_error,card,0.643,1,4.94,request_alternative_payment,0,0.0
4261.84,insufficient_funds,card,0.96,0,25.35,request_card_update,0,0.0
2492.19,insufficient_funds,card,0.713,0,14.66,retry_later,1,2492.19
20402.37,expired_card,wallet,0.786,1,7.75,request_card_update,0,0.0
2194.06,insufficient_funds,netbanking,0.768,4,10.02,request_card_update,0,0.0
2798.61,insufficient_funds,card,0.785,1,2.72,retry_now,1,2798.61
7888.97,expired_card,wallet,0.75,1,20.51,retry_now,0,0.0
1132.72,insufficient_funds,upi,0.926,1,5.48,retry_later,0,0.0
13861.43,insufficient_funds,card,0.852,2,0.84,retry_now,1,13861.43
8238.29,card_declined,card,0.537,0,21.54,request_card_update,0,0.0
10265.85,network_error,netbanking,0.75,1,13.36,retry_later,1,10265.85
7814.11,expired_card,card,0.939,0,0.41,request_card_update,1,7814.11
4395.31,network_error,card,0.904,1,56.43,request_card_update,1,4395.31
2135.97,expired_card,wallet,0.79,4,26.45,request_card_update,0,0.0
4469.95,insufficient_funds,upi,0.604,0,15.9,retry_later,1,4469.95
2291.6,card_declined,netbanking,0.756,1,0.42,request_alternative_payment,1,2291.6
7376.96,insufficient_funds,upi,0.887,0,11.89,request_alternative_payment,0,0.0
9533.98,expired_card,upi,0.782,1,3.85,retry_later,0,0.0
16295.43,expired_card,card,0.879,1,9.43,retry_later,0,0.0
6731.86,insufficient_funds,netbanking,0.787,2,2.18,retry_now,1,6731.86
10476.12,network_error,card,0.69,1,0.62,retry_later,1,10476.12
3942.13,card_declined,card,0.915,1,8.17,retry_later,0,0.0
3410.35,insufficient_funds,wallet,0.86,0,0.53,request_alternative_payment,0,0.0
7303.66,card_declined,card,0.83,0,9.08,retry_now,0,0.0
3670.25,expired_card,card,0.839,3,6.11,request_alternative_payment,1,3670.25
6201.47,insufficient_funds,card,0.802,2,81.73,request_alternative_payment,0,0.0
2139.31,insufficient_funds,netbanking,0.682,0,15.09,request_alternative_payment,0,0.0
2469.8,expired_card,wallet,0.736,3,7.56,request_card_update,0,0.0
8312.54,card_declined,card,0.846,4,8.2,request_alternative_payment,1,8312.54
10163.37,card_declined,card,0.405,2,3.15,request_alternative_payment,0,0.0
2272.57,network_error,upi,0.854,1,5.64,request_card_update,0,0.0
8549.98,card_declined,upi,0.565,0,2.33,request_alternative_payment,0,0.0
3264.97,insufficient_funds,card,0.921,3,21.02,retry_now,1,3264.97
5066.46,insufficient_funds,card,0.606,1,8.36,request_alternative_payment,1,5066.46
15533.41,network_error,upi,0.785,0,10.63,retry_now,1,15533.41
9539.37,card_declined,card,0.825,1,19.68,retry_now,0,0.0
9451.14,network_error,netbanking,0.883,3,7.73,request_alternative_payment,0,0.0
23022.46,expired_card,card,0.948,3,22.42,retry_later,0,0.0
2847.2,insufficient_funds,netbanking,0.878,2,25.88,request_card_update,1,2847.2
2272.18,expired_card,upi,0.763,0,29.66,retry_later,0,0.0
2805.94,network_error,upi,0.752,2,12.73,request_card_update,1,2805.94
4078.94,expired_card,netbanking,0.353,3,27.28,request_card_update,0,0.0
760.18,insufficient_funds,card,0.713,2,0.25,request_alternative_payment,1,760.18
4235.47,insufficient_funds,card,0.619,1,8.29,retry_later,0,0.0
3234.2,network_error,upi,0.729,1,45.1,retry_later,0,0.0
9360.0,expired_card,netbanking,0.715,2,7.89,retry_now,0,0.0
6628.47,expired_card,netbanking,0.869,1,7.73,retry_now,1,6628.47
3092.19,card_declined,card,0.741,0,47.63,retry_now,1,3092.19
8015.74,card_declined,netbanking,0.768,1,20.63,request_card_update,1,8015.74
8917.79,insufficient_funds,card,0.648,2,14.02,retry_now,0,0.0
2703.65,network_error,card,0.96,0,30.74,request_alternative_payment,1,2703.65
3370.36,network_error,card,0.802,1,0.77,request_card_update,0,0.0
842.95,network_error,wallet,0.665,3,18.38,retry_later,1,842.95
2089.47,insufficient_funds,upi,0.79,1,21.89,retry_now,0,0.0
2760.64,expired_card,upi,0.951,1,23.82,request_alternative_payment,0,0.0
5305.64,insufficient_funds,upi,0.324,2,17.77,request_alternative_payment,1,5305.64
2346.99,card_declined,card,0.689,1,12.92,retry_now,0,0.0
3315.73,card_declined,card,0.529,1,1.2,retry_later,0,0.0
1876.06,card_declined,card,0.611,0,2.62,request_card_update,1,1876.06
5733.52,network_error,card,0.624,3,0.48,retry_later,1,5733.52
7028.75,card_declined,upi,0.363,0,11.69,retry_later,0,0.0
6898.68,insufficient_funds,card,0.851,2,11.67,retry_later,0,0.0
5049.69,insufficient_funds,netbanking,0.683,2,14.34,request_card_update,0,0.0
1457.29,card_declined,netbanking,0.642,0,8.96,request_card_update,1,1457.29
3044.92,network_error,wallet,0.693,0,9.96,request_alternative_payment,1,3044.92
3609.58,card_declined,card,0.733,0,29.15,retry_now,0,0.0
3621.19,card_declined,upi,0.882,0,4.44,request_alternative_payment,0,0.0
5309.1,insufficient_funds,card,0.623,4,3.46,retry_now,0,0.0
15640.61,network_error,card,0.661,3,21.39,request_card_update,1,15640.61
9574.61,card_declined,upi,0.57,3,22.97,request_card_update,0,0.0
2269.19,card_declined,card,0.487,4,29.13,retry_now,0,0.0
8603.42,card_declined,upi,0.81,0,0.25,retry_later,0,0.0
8345.14,insufficient_funds,netbanking,0.783,2,17.26,retry_now,0,0.0
2623.7,insufficient_funds,card,0.816,1,7.31,request_alternative_payment,1,2623.7
9860.44,insufficient_funds,wallet,0.886,0,19.35,request_alternative_payment,1,9860.44
4397.94,network_error,card,0.655,1,27.02,request_alternative_payment,1,4397.94
1618.46,insufficient_funds,wallet,0.915,0,15.16,request_card_update,0,0.0
7196.54,insufficient_funds,upi,0.61,4,0.47,request_card_update,1,7196.54
5947.72,expired_card,card,0.857,2,54.4,retry_now,0,0.0
4167.41,card_declined,card,0.636,2,31.94,request_alternative_payment,1,4167.41
4852.41,card_declined,card,0.844,0,8.32,retry_now,1,4852.41
2812.77,card_declined,netbanking,0.838,0,16.72,request_card_update,1,2812.77
8146.12,insufficient_funds,card,0.779,0,26.19,retry_later,1,8146.12
4829.18,insufficient_funds,netbanking,0.547,2,30.7,request_alternative_payment,1,4829.18
5712.16,expired_card,card,0.551,1,14.23,request_card_update,0,0.0
6653.56,card_declined,wallet,0.721,2,25.42,request_card_update,1,6653.56
1985.3,network_error,card,0.465,0,22.02,request_card_update,0,0.0
2444.92,expired_card,upi,0.733,1,27.12,retry_later,1,2444.92
853.41,insufficient_funds,netbanking,0.866,1,27.7,request_card_update,0,0.0
7855.64,network_error,card,0.751,4,0.25,retry_now,0,0.0
1895.85,insufficient_funds,card,0.763,2,6.7,request_card_update,0,0.0
5559.42,card_declined,upi,0.755,0,13.69,retry_now,1,5559.42
6727.67,network_error,upi,0.709,1,24.57,retry_later,0,0.0
8095.6,insufficient_funds,netbanking,0.714,2,22.41,request_card_update,0,0.0
1908.32,expired_card,card,0.779,2,3.12,retry_now,0,0.0
4746.03,card_declined,netbanking,0.733,1,26.77,retry_now,0,0.0
19023.26,card_declined,wallet,0.902,2,22.99,request_alternative_payment,0,0.0
19705.34,insufficient_funds,netbanking,0.733,1,23.38,request_card_update,0,0.0
11015.42,card_declined,card,0.96,0,2.75,request_card_update,0,0.0
6549.79,card_declined,card,0.7,2,34.61,request_alternative_payment,0,0.0
2237.49,insufficient_funds,wallet,0.926,4,19.81,retry_later,1,2237.49
8884.74,card_declined,upi,0.701,0,23.23,retry_later,1,8884.74
4406.24,insufficient_funds,upi,0.825,2,8.97,retry_later,0,0.0
7829.2,expired_card,wallet,0.76,1,11.32,request_card_update,0,0.0
3013.68,insufficient_funds,card,0.659,1,0.78,request_card_update,1,3013.68
4353.98,card_declined,netbanking,0.742,3,16.43,retry_later,1,4353.98
5701.65,network_error,upi,0.705,4,2.12,retry_later,0,0.0
6088.86,network_error,netbanking,0.642,0,3.03,request_card_update,1,6088.86
7421.76,expired_card,netbanking,0.388,2,9.19,request_alternative_payment,0,0.0
3145.84,expired_card,upi,0.668,0,5.39,request_alternative_payment,1,3145.84
1707.12,insufficient_funds,card,0.894,1,34.43,retry_now,1,1707.12
18343.33,card_declined,wallet,0.689,2,3.21,retry_now,0,0.0
36629.04,network_error,netbanking,0.939,0,2.77,request_alternative_payment,1,36629.04
7151.87,insufficient_funds,card,0.695,0,27.27,request_alternative_payment,1,7151.87
1733.68,network_error,wallet,0.763,3,0.88,request_alternative_payment,0,0.0
2693.61,insufficient_funds,card,0.579,1,12.24,request_alternative_payment,1,2693.61
7513.73,expired_card,card,0.696,0,56.15,retry_later,0,0.0
14619.12,network_error,wallet,0.891,1,8.98,request_card_update,1,14619.12
1894.82,card_declined,upi,0.65,1,43.9,retry_later,0,0.0
4526.6,card_declined,netbanking,0.973,2,0.34,request_alternative_payment,1,4526.6
5848.49,expired_card,netbanking,0.667,0,6.15,request_alternative_payment,0,0.0
9985.17,network_error,upi,0.952,0,16.03,retry_now,0,0.0
3798.31,network_error,card,0.621,2,8.76,request_card_update,0,0.0
1431.02,network_error,netbanking,0.78,1,35.41,request_alternative_payment,1,1431.02
8218.57,insufficient_funds,upi,0.675,0,3.14,retry_later,0,0.0
12296.01,insufficient_funds,upi,0.924,2,28.42,retry_later,0,0.0
4680.31,insufficient_funds,upi,0.668,4,11.24,retry_now,0,0.0
6914.56,network_error,card,0.872,4,15.67,retry_later,0,0.0
3420.7,card_declined,card,0.652,1,2.41,request_card_update,0,0.0
2541.67,insufficient_funds,upi,0.748,0,15.49,retry_later,0,0.0
11365.45,expired_card,netbanking,0.825,3,3.67,retry_now,1,11365.45
6817.1,insufficient_funds,upi,0.759,0,20.41,retry_later,1,6817.1
7401.87,network_error,card,0.809,2,0.87,retry_now,1,7401.87
16628.7,card_declined,card,0.305,3,80.09,request_card_update,0,0.0
2150.21,card_declined,netbanking,0.555,3,22.92,retry_now,0,0.0
3214.97,insufficient_funds,card,0.762,1,10.69,retry_later,1,3214.97
5673.38,network_error,upi,0.841,4,5.86,request_alternative_payment,0,0.0
3183.52,network_error,upi,0.484,0,23.42,retry_later,1,3183.52
9355.34,insufficient_funds,card,0.425,0,34.03,retry_now,0,0.0
4303.89,card_declined,upi,0.823,2,12.09,request_card_update,1,4303.89
2260.11,card_declined,netbanking,0.687,4,33.12,retry_later,0,0.0
5270.13,card_declined,card,0.577,0,23.54,retry_now,1,5270.13
5729.96,card_declined,card,0.453,1,8.7,retry_now,0,0.0
10561.16,card_declined,card,0.743,4,37.93,request_card_update,0,0.0
6847.96,expired_card,upi,0.769,3,3.61,request_alternative_payment,0,0.0
7230.84,network_error,wallet,0.651,1,6.81,retry_later,1,7230.84
6460.27,insufficient_funds,upi,0.901,3,33.99,retry_later,0,0.0
4301.05,network_error,wallet,0.876,1,59.61,request_card_update,1,4301.05
2819.23,insufficient_funds,upi,0.718,0,11.06,retry_later,0,0.0
6299.74,expired_card,card,0.542,1,8.27,retry_now,0,0.0
3830.28,card_declined,card,0.577,0,11.4,request_alternative_payment,0,0.0
19323.0,insufficient_funds,upi,0.97,2,15.63,request_card_update,0,0.0
14631.6,network_error,upi,0.696,0,21.22,retry_later,1,14631.6
8295.47,insufficient_funds,upi,0.914,1,2.19,retry_now,1,8295.47
6768.04,expired_card,upi,0.644,2,5.39,request_card_update,1,6768.04
4660.26,expired_card,card,0.764,3,27.1,request_card_update,1,4660.26
1823.1,network_error,card,0.692,0,34.14,request_card_update,1,1823.1
4205.95,card_declined,upi,0.819,2,1.05,retry_later,0,0.0
5422.51,card_declined,upi,0.935,3,4.69,request_alternative_payment,1,5422.51
6007.47,card_declined,netbanking,0.824,2,22.59,retry_later,1,6007.47
7279.54,insufficient_funds,card,0.725,0,46.38,retry_now,0,0.0
10448.96,expired_card,netbanking,0.958,2,10.49,request_alternative_payment,1,10448.96
2874.03,insufficient_funds,card,0.851,2,1.26,retry_later,1,2874.03
2894.98,insufficient_funds,card,0.735,0,6.0,request_card_update,0,0.0
15960.6,insufficient_funds,netbanking,0.926,3,3.06,request_card_update,1,15960.6
9264.81,expired_card,wallet,0.96,0,10.04,retry_now,0,0.0
3657.65,expired_card,wallet,0.607,3,38.27,retry_now,0,0.0
4589.03,insufficient_funds,card,0.919,1,12.2,retry_now,1,4589.03
4605.57,insufficient_funds,card,0.401,0,4.65,retry_now,1,4605.57
5127.91,network_error,netbanking,0.785,2,8.79,retry_later,1,5127.91
7297.88,card_declined,netbanking,0.788,1,43.49,request_card_update,0,0.0
37994.15,expired_card,upi,0.93,2,11.32,request_alternative_payment,0,0.0
5819.67,expired_card,card,0.551,0,7.63,request_alternative_payment,1,5819.67
8495.33,network_error,upi,0.712,0,41.56,retry_later,0,0.0
1297.26,insufficient_funds,card,0.945,0,10.41,retry_later,1,1297.26
3392.33,network_error,card,0.739,1,1.06,retry_later,1,3392.33
13363.0,expired_card,upi,0.466,0,13.79,request_card_update,0,0.0
6898.41,card_declined,card,0.84,2,4.21,retry_now,1,6898.41
300.0,expired_card,upi,0.925,1,31.42,request_alternative_payment,0,0.0
8573.33,card_declined,upi,0.803,0,2.08,request_alternative_payment,0,0.0
23195.76,expired_card,card,0.833,2,1.11,retry_later,0,0.0
1012.79,network_error,card,0.819,2,15.35,retry_later,0,0.0
16860.07,insufficient_funds,wallet,0.808,1,20.81,retry_later,0,0.0
544.37,card_declined,upi,0.837,2,24.03,retry_later,1,544.37
10589.23,insufficient_funds,netbanking,0.909,1,37.39,request_alternative_payment,0,0.0
4965.52,card_declined,card,0.668,0,23.56,retry_later,1,4965.52
762.97,expired_card,upi,0.813,1,0.71,request_alternative_payment,1,762.97
7144.54,insufficient_funds,wallet,0.971,0,0.89,request_card_update,1,7144.54
12554.88,expired_card,card,0.969,2,2.13,retry_now,0,0.0
6689.56,insufficient_funds,card,0.865,2,32.16,request_alternative_payment,1,6689.56
7982.89,network_error,wallet,0.376,1,28.69,request_card_update,1,7982.89
3596.99,expired_card,card,0.865,1,70.96,request_card_update,0,0.0
1127.86,network_error,card,0.805,0,12.0,retry_later,0,0.0
8696.57,expired_card,wallet,0.632,2,4.94,retry_later,0,0.0
20272.01,expired_card,card,0.678,2,0.78,retry_later,0,0.0
12343.17,card_declined,upi,0.792,1,27.28,request_card_update,0,0.0
1019.32,network_error,netbanking,0.697,1,21.51,request_card_update,1,1019.32
1488.13,insufficient_funds,netbanking,0.664,3,5.46,request_alternative_payment,0,0.0
2541.27,card_declined,card,0.686,2,0.5,retry_now,0,0.0
1398.02,insufficient_funds,card,0.892,0,12.36,retry_now,0,0.0
5179.92,network_error,netbanking,0.884,0,11.17,retry_later,1,5179.92
6849.47,network_error,netbanking,0.679,3,0.94,request_alternative_payment,0,0.0
1592.39,card_declined,card,0.524,2,14.75,retry_later,1,1592.39
9310.48,expired_card,card,0.341,0,34.78,request_card_update,0,0.0
8087.51,insufficient_funds,upi,0.748,1,59.41,request_alternative_payment,0,0.0
3224.93,expired_card,card,0.726,0,4.81,request_alternative_payment,0,0.0
4355.42,insufficient_funds,netbanking,0.598,1,7.91,retry_now,0,0.0
1050.85,insufficient_funds,wallet,0.94,0,16.94,request_alternative_payment,1,1050.85
3832.92,card_declined,card,0.848,0,22.42,retry_now,0,0.0
5029.63,insufficient_funds,wallet,0.955,0,7.72,request_card_update,0,0.0
5722.67,network_error,netbanking,0.702,3,7.88,retry_now,0,0.0
6770.26,network_error,upi,0.667,0,5.24,retry_now,1,6770.26
6078.95,network_error,wallet,0.886,1,26.01,request_card_update,0,0.0
4046.95,insufficient_funds,card,0.77,0,13.95,request_card_update,1,4046.95
6286.43,insufficient_funds,wallet,0.851,0,20.52,retry_now,1,6286.43
11145.81,insufficient_funds,card,0.666,0,6.38,retry_now,0,0.0
4632.23,card_declined,upi,0.859,0,17.5,request_alternative_payment,0,0.0
6446.35,insufficient_funds,upi,0.733,1,1.22,request_card_update,1,6446.35
4308.12,insufficient_funds,card,0.726,1,0.25,retry_now,0,0.0
2980.32,network_error,upi,0.906,0,25.15,retry_later,0,0.0
7596.91,expired_card,upi,0.947,3,62.68,request_alternative_payment,0,0.0
3206.75,network_error,upi,0.897,1,33.16,request_alternative_payment,1,3206.75
6809.75,insufficient_funds,upi,0.679,2,0.8,retry_now,0,0.0
5114.31,card_declined,card,0.791,1,10.03,retry_now,1,5114.31
3920.78,insufficient_funds,card,0.968,0,25.88,request_alternative_payment,1,3920.78
3845.58,card_declined,card,0.703,0,6.94,request_card_update,0,0.0
3329.9,card_declined,wallet,0.873,0,5.22,request_card_update,1,3329.9
1340.17,expired_card,netbanking,0.62,2,2.35,request_card_update,1,1340.17
6792.06,card_declined,upi,0.552,2,0.34,request_card_update,0,0.0
6017.52,insufficient_funds,upi,0.62,0,46.25,request_alternative_payment,0,0.0
9866.79,card_declined,upi,0.699,4,28.62,request_alternative_payment,0,0.0
3268.31,expired_card,card,0.963,3,21.7,retry_now,0,0.0
22776.85,insufficient_funds,card,0.857,0,75.57,request_card_update,1,22776.85
3690.08,network_error,upi,0.509,0,21.23,request_alternative_payment,0,0.0
2482.71,insufficient_funds,card,0.874,4,17.6,request_card_update,0,0.0
2258.02,insufficient_funds,netbanking,0.682,4,27.73,request_card_update,0,0.0
1248.95,expired_card,card,0.664,1,25.3,retry_later,0,0.0
17039.6,insufficient_funds,upi,0.793,2,32.94,request_card_update,1,17039.6
14973.65,network_error,card,0.692,3,3.99,retry_later,1,14973.65
8085.19,insufficient_funds,upi,0.83,3,59.65,retry_now,1,8085.19
2441.39,card_declined,wallet,0.829,2,3.46,retry_later,0,0.0
21294.57,card_declined,card,0.608,1,4.46,retry_later,0,0.0
3773.73,expired_card,card,0.894,1,13.84,retry_later,1,3773.73
4031.82,network_error,upi,0.596,2,7.01,retry_later,0,0.0
15787.92,network_error,card,0.625,0,0.53,request_alternative_payment,0,0.0
8470.3,card_declined,card,0.699,2,3.19,request_alternative_payment,1,8470.3
29087.85,insufficient_funds,upi,0.523,1,16.81,retry_later,0,0.0
6100.77,card_declined,card,0.961,1,9.95,request_alternative_payment,0,0.0
3639.38,card_declined,card,0.69,2,58.36,request_card_update,1,3639.38
3064.84,insufficient_funds,card,0.798,3,9.77,request_card_update,1,3064.84
1140.93,expired_card,upi,0.905,0,8.55,request_alternative_payment,0,0.0
4001.07,insufficient_funds,wallet,0.66,2,34.59,request_card_update,0,0.0
12492.3,insufficient_funds,card,0.616,1,23.67,retry_later,0,0.0
8072.84,expired_card,card,0.808,0,1.91,retry_now,0,0.0
5081.9,card_declined,upi,0.641,1,19.6,request_card_update,1,5081.9
2255.77,network_error,netbanking,0.905,2,57.63,request_alternative_payment,1,2255.77
5995.06,insufficient_funds,card,0.836,2,40.82,request_alternative_payment,0,0.0
11242.36,card_declined,upi,0.727,1,22.07,request_card_update,0,0.0
7056.95,card_declined,upi,0.869,2,48.19,retry_later,0,0.0
5713.47,insufficient_funds,card,0.716,0,9.37,retry_later,1,5713.47
2642.89,network_error,card,0.906,1,13.92,request_card_update,1,2642.89
10005.98,insufficient_funds,upi,0.802,1,73.09,request_card_update,0,0.0
408.16,insufficient_funds,card,0.743,1,27.66,retry_later,0,0.0
6791.79,insufficient_funds,card,0.296,0,20.84,retry_later,0,0.0
39083.31,insufficient_funds,upi,0.64,1,7.47,retry_now,0,0.0
1495.92,insufficient_funds,card,0.929,0,53.88,retry_now,1,1495.92
4122.02,network_error,card,0.667,4,10.44,request_card_update,0,0.0
4968.46,card_declined,card,0.852,4,27.51,retry_later,0,0.0
3453.44,insufficient_funds,netbanking,0.573,1,39.14,request_alternative_payment,0,0.0
11456.27,card_declined,netbanking,0.521,2,31.82,request_card_update,0,0.0
7296.53,insufficient_funds,card,0.621,1,0.71,retry_now,1,7296.53
5647.87,card_declined,card,0.959,1,8.17,retry_later,1,5647.87
9461.74,expired_card,wallet,0.738,2,42.07,retry_now,0,0.0
5067.45,network_error,upi,0.776,4,6.39,request_alternative_payment,0,0.0
50000.0,network_error,upi,0.671,1,72.22,request_card_update,1,50000.0
5643.56,insufficient_funds,card,0.58,0,9.4,retry_now,0,0.0
5845.45,insufficient_funds,card,0.699,4,4.81,retry_now,0,0.0
1272.6,network_error,card,0.83,2,3.77,request_alternative_payment,1,1272.6
3237.1,card_declined,netbanking,0.488,0,1.75,request_alternative_payment,0,0.0
12520.16,card_declined,wallet,0.959,0,2.15,request_alternative_payment,0,0.0
1717.85,expired_card,card,0.841,2,3.93,retry_now,0,0.0
889.93,insufficient_funds,upi,0.884,1,65.18,retry_now,1,889.93
5130.95,network_error,netbanking,0.805,0,5.53,request_card_update,1,5130.95
14969.78,card_declined,netbanking,0.872,1,10.2,retry_later,1,14969.78
5172.43,insufficient_funds,upi,0.91,0,31.66,retry_now,1,5172.43
3821.1,insufficient_funds,card,0.712,1,14.84,request_card_update,1,3821.1
1130.49,card_declined,wallet,0.786,0,4.98,request_alternative_payment,0,0.0
7179.58,insufficient_funds,card,0.521,3,7.19,request_card_update,0,0.0
8486.34,network_error,card,0.812,0,16.41,request_card_update,1,8486.34
1202.08,network_error,card,0.813,0,3.8,retry_now,0,0.0
12392.16,card_declined,upi,0.921,2,51.25,request_alternative_payment,1,12392.16
9225.71,card_declined,card,0.678,0,20.18,request_alternative_payment,1,9225.71
12370.2,card_declined,upi,0.787,2,2.99,retry_later,1,12370.2
7974.57,card_declined,wallet,0.77,0,65.3,request_card_update,0,0.0
8434.95,expired_card,upi,0.886,0,20.27,retry_later,1,8434.95
7583.8,insufficient_funds,wallet,0.867,1,96.0,retry_now,0,0.0
10016.32,expired_card,wallet,0.815,4,7.52,request_card_update,0,0.0
1166.99,insufficient_funds,netbanking,0.691,0,96.0,request_alternative_payment,1,1166.99
1504.7,insufficient_funds,upi,0.796,0,10.3,request_alternative_payment,1,1504.7
2774.95,network_error,netbanking,0.862,2,6.38,request_alternative_payment,0,0.0
4506.77,insufficient_funds,upi,0.918,3,17.99,request_card_update,1,4506.77
6820.6,insufficient_funds,card,0.669,1,28.33,request_alternative_payment,0,0.0
6483.0,insufficient_funds,wallet,0.705,1,21.29,retry_now,0,0.0
12220.59,network_error,upi,0.659,0,12.73,retry_later,0,0.0
12531.36,card_declined,wallet,0.733,1,3.29,request_card_update,0,0.0
2488.13,insufficient_funds,card,0.852,0,33.7,request_card_update,1,2488.13
6051.46,card_declined,card,0.818,0,38.15,retry_now,0,0.0
2537.48,insufficient_funds,netbanking,0.513,2,10.23,retry_now,1,2537.48
4300.97,expired_card,upi,0.569,1,20.92,retry_later,0,0.0
6468.03,insufficient_funds,card,0.598,2,13.94,request_card_update,1,6468.03
327.09,card_declined,netbanking,0.91,1,1.63,request_alternative_payment,0,0.0
34412.96,card_declined,upi,0.778,0,8.98,request_alternative_payment,0,0.0
7866.12,card_declined,card,0.887,1,12.29,request_card_update,0,0.0
3104.57,expired_card,upi,0.942,1,1.28,retry_later,1,3104.57
23367.21,insufficient_funds,card,0.77,0,1.51,request_alternative_payment,1,23367.21
3786.69,network_error,upi,0.829,4,3.86,request_alternative_payment,1,3786.69
5559.2,card_declined,card,0.523,2,53.2,retry_now,0,0.0
3386.33,network_error,card,0.916,3,0.25,retry_later,0,0.0
18746.96,card_declined,wallet,0.799,1,17.25,retry_now,0,0.0
4597.21,insufficient_funds,card,0.774,2,15.52,retry_later,0,0.0
5635.16,insufficient_funds,netbanking,0.839,0,0.77,request_card_update,1,5635.16
13098.05,insufficient_funds,upi,0.741,3,18.17,retry_now,0,0.0
7984.88,expired_card,card,0.735,3,27.72,retry_later,1,7984.88
4787.27,network_error,wallet,0.403,0,3.22,request_alternative_payment,1,4787.27
12155.12,insufficient_funds,card,0.786,1,2.55,request_alternative_payment,1,12155.12
38100.39,card_declined,upi,0.444,0,3.42,retry_now,1,38100.39
6445.4,network_error,netbanking,0.544,1,22.01,request_card_update,1,6445.4
5489.55,card_declined,netbanking,0.809,3,4.5,retry_later,1,5489.55
5731.28,card_declined,card,0.641,0,2.86,request_alternative_payment,0,0.0
14264.61,network_error,netbanking,0.551,1,13.22,request_alternative_payment,0,0.0
3095.9,insufficient_funds,wallet,0.462,0,32.26,retry_now,0,0.0
4001.96,card_declined,upi,0.783,2,0.69,retry_later,1,4001.96
1461.53,insufficient_funds,upi,0.762,0,18.04,request_card_update,1,1461.53
1939.33,insufficient_funds,card,0.681,4,26.78,retry_later,0,0.0
3304.21,network_error,card,0.804,0,30.48,request_card_update,0,0.0
4781.18,network_error,upi,0.903,0,21.14,request_alternative_payment,1,4781.18
20587.92,expired_card,card,0.601,4,2.63,request_card_update,0,0.0
7677.03,insufficient_funds,upi,0.488,1,3.21,request_alternative_payment,1,7677.03
2410.36,network_error,card,0.848,1,15.61,request_alternative_payment,1,2410.36
2792.82,expired_card,card,0.411,2,19.71,request_alternative_payment,0,0.0
15017.81,card_declined,card,0.769,3,10.73,retry_now,0,0.0
12313.87,expired_card,card,0.819,2,8.48,request_alternative_payment,1,12313.87
5113.88,expired_card,upi,0.685,1,28.85,request_alternative_payment,0,0.0
3509.3,network_error,upi,0.743,1,27.06,retry_now,1,3509.3
12297.35,expired_card,card,0.663,1,23.84,request_alternative_payment,1,12297.35
2258.67,card_declined,card,0.763,1,36.55,retry_later,0,0.0
6841.88,card_declined,card,0.716,0,6.99,retry_later,0,0.0
30801.55,expired_card,upi,0.975,0,12.88,request_alternative_payment,0,0.0
5892.75,network_error,card,0.968,1,4.43,request_alternative_payment,0,0.0
2688.41,insufficient_funds,upi,0.971,2,3.75,retry_now,0,0.0
6942.99,insufficient_funds,upi,0.519,0,12.47,request_card_update,1,6942.99
3432.99,insufficient_funds,card,0.907,1,25.38,request_card_update,1,3432.99
1639.1,expired_card,card,0.9,0,19.17,retry_later,0,0.0
8760.62,insufficient_funds,card,0.577,1,21.41,retry_now,0,0.0
12227.72,insufficient_funds,card,0.601,4,3.16,request_alternative_payment,0,0.0
3898.97,card_declined,card,0.878,0,2.38,request_card_update,1,3898.97
3697.47,insufficient_funds,wallet,0.879,2,19.57,request_alternative_payment,1,3697.47
2316.8,expired_card,card,0.758,2,29.68,retry_later,0,0.0
4434.83,card_declined,card,0.885,4,15.53,request_alternative_payment,0,0.0
3188.48,insufficient_funds,netbanking,0.506,0,15.82,request_card_update,1,3188.48
2226.9,insufficient_funds,wallet,0.784,3,15.56,request_alternative_payment,1,2226.9
22718.35,network_error,upi,0.626,2,46.95,retry_now,0,0.0
7261.83,card_declined,upi,0.838,3,25.95,request_alternative_payment,1,7261.83
7903.88,card_declined,card,0.663,2,10.01,retry_now,0,0.0
10136.65,insufficient_funds,netbanking,0.79,0,8.02,request_alternative_payment,1,10136.65
9265.21,expired_card,upi,0.847,1,0.89,retry_now,0,0.0
3592.87,network_error,upi,0.887,0,49.44,request_card_update,1,3592.87
6218.2,network_error,card,0.786,0,7.22,retry_later,0,0.0
4031.8,card_declined,card,0.517,3,0.71,request_card_update,0,0.0
7100.81,expired_card,upi,0.613,2,19.73,request_card_update,0,0.0
6571.82,network_error,card,0.591,0,7.54,retry_later,0,0.0
3681.46,card_declined,upi,0.63,1,18.87,request_card_update,0,0.0
1726.33,expired_card,card,0.762,0,13.83,request_alternative_payment,0,0.0
5620.54,expired_card,netbanking,0.859,0,33.58,retry_later,1,5620.54
4246.19,network_error,card,0.618,3,12.99,retry_later,0,0.0
1102.01,network_error,wallet,0.679,4,13.51,request_card_update,0,0.0
7504.98,card_declined,upi,0.827,1,24.09,request_card_update,0,0.0
10823.41,card_declined,upi,0.75,2,12.45,request_card_update,0,0.0
37792.97,insufficient_funds,card,0.721,0,6.21,request_card_update,1,37792.97
3656.4,card_declined,upi,0.942,2,2.16,request_card_update,0,0.0
3249.39,card_declined,card,0.559,0,12.57,request_card_update,0,0.0
2058.34,insufficient_funds,card,0.731,0,56.76,retry_later,0,0.0
5908.26,expired_card,card,0.758,1,8.24,retry_later,1,5908.26
5878.45,insufficient_funds,card,0.713,0,36.89,retry_now,0,0.0
2612.74,network_error,netbanking,0.759,0,51.35,request_alternative_payment,0,0.0
4347.04,insufficient_funds,card,0.803,0,9.46,retry_now,1,4347.04
1026.86,insufficient_funds,netbanking,0.753,1,0.25,request_card_update,0,0.0
10491.23,insufficient_funds,netbanking,0.195,0,3.34,request_card_update,0,0.0
2699.04,card_declined,upi,0.879,0,16.37,retry_now,1,2699.04
4863.28,card_declined,card,0.663,0,19.71,request_alternative_payment,0,0.0
1596.93,insufficient_funds,upi,0.728,0,53.63,request_alternative_payment,0,0.0
3137.9,network_error,netbanking,0.513,1,26.19,request_alternative_payment,1,3137.9
3997.88,card_declined,card,0.793,0,17.02,retry_now,1,3997.88
4955.04,insufficient_funds,card,0.877,2,3.76,retry_now,1,4955.04
7339.16,insufficient_funds,card,0.628,0,15.05,request_alternative_payment,1,7339.16
15810.87,insufficient_funds,card,0.631,0,24.14,retry_now,1,15810.87
8985.45,insufficient_funds,card,0.866,1,27.2,retry_later,0,0.0
10795.93,insufficient_funds,card,0.735,0,34.91,request_card_update,1,10795.93
15900.03,network_error,upi,0.763,0,11.25,request_alternative_payment,1,15900.03
7886.91,network_error,upi,0.806,2,5.18,request_card_update,0,0.0
4855.31,expired_card,card,0.714,0,9.07,retry_now,0,0.0
11209.12,network_error,wallet,0.865,1,1.72,retry_now,0,0.0
11797.0,card_declined,card,0.791,0,53.32,request_card_update,0,0.0
8400.49,insufficient_funds,card,0.89,0,17.04,request_card_update,0,0.0
1561.64,insufficient_funds,card,0.59,0,13.35,request_alternative_payment,0,0.0
2550.45,card_declined,card,0.666,0,15.75,request_card_update,1,2550.45
4013.06,insufficient_funds,upi,0.912,1,0.72,retry_later,1,4013.06
9329.06,insufficient_funds,card,0.967,1,7.03,request_card_update,0,0.0
4915.34,expired_card,netbanking,0.725,0,40.17,request_card_update,0,0.0
12415.34,insufficient_funds,netbanking,0.336,0,12.4,retry_later,0,0.0
14319.57,insufficient_funds,card,0.576,0,15.75,request_alternative_payment,1,14319.57
13049.82,expired_card,netbanking,0.599,0,20.92,retry_now,0,0.0
13116.49,insufficient_funds,upi,0.523,1,43.14,retry_later,0,0.0
2181.13,card_declined,netbanking,0.971,2,5.38,retry_later,1,2181.13
7356.22,insufficient_funds,card,0.795,1,43.7,retry_later,1,7356.22
3075.34,card_declined,upi,0.699,0,26.77,retry_later,0,0.0
1336.67,expired_card,card,0.815,0,11.65,retry_later,1,1336.67
3972.76,network_error,card,0.698,1,8.39,request_alternative_payment,1,3972.76
14428.82,card_declined,netbanking,0.728,3,38.92,retry_now,0,0.0
7228.5,insufficient_funds,card,0.871,0,1.28,retry_later,1,7228.5
25120.53,card_declined,card,0.861,0,34.82,retry_later,1,25120.53
5761.64,card_declined,card,0.881,1,4.71,request_card_update,1,5761.64
35434.29,insufficient_funds,netbanking,0.623,1,5.89,request_alternative_payment,0,0.0
5762.98,insufficient_funds,card,0.58,4,19.09,request_alternative_payment,0,0.0
5090.73,network_error,card,0.818,1,27.41,request_card_update,1,5090.73
1796.65,expired_card,upi,0.785,0,0.63,request_card_update,1,1796.65
12156.79,expired_card,card,0.522,2,40.2,request_alternative_payment,0,0.0
3345.91,network_error,card,0.807,0,8.13,request_alternative_payment,1,3345.91
2979.63,card_declined,upi,0.77,2,7.55,retry_now,0,0.0
13935.26,network_error,wallet,0.796,1,41.29,retry_now,0,0.0
12629.26,expired_card,netbanking,0.811,3,10.6,request_card_update,1,12629.26
12367.59,insufficient_funds,card,0.789,0,1.79,retry_later,1,12367.59
3742.24,card_declined,card,0.889,1,41.96,retry_now,0,0.0
4800.2,insufficient_funds,netbanking,0.726,2,3.66,retry_later,1,4800.2
4766.22,expired_card,card,0.567,0,0.25,request_alternative_payment,1,4766.22
9350.71,expired_card,upi,0.762,1,34.63,retry_now,1,9350.71
17327.41,network_error,upi,0.724,2,32.48,retry_later,1,17327.41
6712.39,insufficient_funds,netbanking,0.574,1,27.28,request_alternative_payment,0,0.0
24272.66,expired_card,card,0.791,0,14.26,retry_now,0,0.0
10249.14,insufficient_funds,wallet,0.893,0,32.02,retry_later,1,10249.14
4143.74,insufficient_funds,card,0.884,0,19.4,request_card_update,1,4143.74
9702.73,card_declined,upi,0.975,0,23.59,retry_later,0,0.0
19573.76,network_error,card,0.952,1,15.64,request_alternative_payment,0,0.0
24731.29,expired_card,upi,0.863,0,42.97,request_card_update,0,0.0
12922.25,insufficient_funds,card,0.663,0,6.92,request_alternative_payment,0,0.0
5103.76,card_declined,card,0.88,0,8.63,retry_later,1,5103.76
4204.2,card_declined,card,0.849,2,12.5,retry_later,0,0.0
7927.15,insufficient_funds,card,0.879,1,48.38,request_card_update,0,0.0
19079.56,expired_card,wallet,0.724,2,0.9,request_card_update,1,19079.56
7074.19,insufficient_funds,netbanking,0.632,2,7.83,request_card_update,0,0.0
7192.68,insufficient_funds,upi,0.833,2,0.71,request_card_update,1,7192.68
5209.88,card_declined,upi,0.474,0,18.66,retry_later,0,0.0
3846.35,network_error,card,0.72,2,9.05,request_card_update,1,3846.35
4391.76,expired_card,card,0.923,2,29.05,retry_now,0,0.0
5572.14,insufficient_funds,card,0.715,1,1.78,retry_now,0,0.0
19765.1,insufficient_funds,upi,0.553,3,12.95,retry_later,0,0.0
4127.48,expired_card,netbanking,0.791,2,71.49,retry_now,0,0.0
5214.94,card_declined,card,0.587,2,2.56,request_card_update,0,0.0
2502.11,card_declined,card,0.892,1,4.05,retry_now,0,0.0
8870.6,insufficient_funds,card,0.715,1,8.91,retry_later,1,8870.6
14921.17,expired_card,upi,0.783,0,51.99,retry_later,1,14921.17
18339.11,network_error,card,0.631,2,57.94,retry_later,1,18339.11
5883.37,insufficient_funds,card,0.821,2,2.47,retry_now,1,5883.37
7916.28,insufficient_funds,card,0.648,0,0.98,request_card_update,0,0.0
4422.02,insufficient_funds,card,0.645,1,9.16,retry_now,1,4422.02
7628.21,insufficient_funds,upi,0.456,2,27.64,request_alternative_payment,1,7628.21
6427.66,insufficient_funds,wallet,0.66,0,7.23,request_alternative_payment,0,0.0
5238.57,insufficient_funds,card,0.809,1,3.06,retry_now,0,0.0
5582.52,insufficient_funds,card,0.784,0,12.84,request_alternative_payment,0,0.0
7177.68,card_declined,card,0.746,0,2.4,retry_now,0,0.0
3951.58,card_declined,netbanking,0.955,0,8.32,retry_later,1,3951.58
4118.3,card_declined,upi,0.681,0,0.25,request_card_update,1,4118.3
19596.04,network_error,upi,0.869,1,3.43,request_card_update,0,0.0
43723.05,insufficient_funds,upi,0.963,1,7.39,retry_later,0,0.0
1907.79,expired_card,wallet,0.865,2,13.71,request_alternative_payment,0,0.0
1825.51,expired_card,card,0.839,3,20.63,retry_now,0,0.0
2324.99,expired_card,card,0.782,2,6.93,retry_later,1,2324.99
4603.46,insufficient_funds,card,0.764,1,1.55,retry_now,1,4603.46
10237.55,insufficient_funds,upi,0.833,2,10.9,retry_now,0,0.0
8024.03,card_declined,card,0.681,3,14.18,request_card_update,1,8024.03
5737.73,insufficient_funds,netbanking,0.777,1,10.45,request_alternative_payment,0,0.0
7633.8,insufficient_funds,upi,0.726,0,36.72,retry_now,1,7633.8
2874.18,insufficient_funds,wallet,0.535,0,5.11,request_card_update,1,2874.18
4112.95,card_declined,wallet,0.783,0,5.93,retry_later,0,0.0
4920.26,network_error,upi,0.658,4,2.6,retry_now,1,4920.26
1407.85,insufficient_funds,netbanking,0.725,2,14.3,request_card_update,0,0.0
1974.65,expired_card,upi,0.876,1,0.26,retry_now,1,1974.65
2038.44,network_error,card,0.849,1,72.81,request_alternative_payment,0,0.0
9214.0,insufficient_funds,upi,0.834,4,31.39,retry_later,1,9214.0
6084.36,card_declined,wallet,0.69,2,3.77,request_card_update,0,0.0
8152.19,insufficient_funds,netbanking,0.653,0,9.53,request_alternative_payment,0,0.0
1147.65,expired_card,upi,0.438,1,2.21,request_alternative_payment,0,0.0
1525.9,network_error,card,0.642,0,8.67,request_card_update,0,0.0
8499.52,network_error,netbanking,0.583,4,42.05,retry_now,1,8499.52
541.45,network_error,card,0.565,1,21.54,retry_later,1,541.45
13318.33,insufficient_funds,upi,0.882,0,5.73,retry_later,0,0.0
1162.75,expired_card,upi,0.744,0,24.41,request_card_update,0,0.0
9816.98,expired_card,upi,0.831,1,30.93,request_alternative_payment,0,0.0
2456.09,network_error,card,0.835,1,1.17,request_card_update,0,0.0
11571.68,card_declined,upi,0.936,0,11.79,retry_later,0,0.0
50000.0,insufficient_funds,card,0.691,2,0.48,request_card_update,0,0.0
811.31,insufficient_funds,card,0.814,0,9.48,retry_now,0,0.0
8721.05,insufficient_funds,card,0.85,4,5.82,request_alternative_payment,0,0.0
1176.93,card_declined,upi,0.806,2,8.61,request_card_update,0,0.0
7034.69,network_error,card,0.405,1,7.96,request_card_update,1,7034.69
4237.7,expired_card,card,0.745,1,15.97,retry_now,0,0.0
5547.04,insufficient_funds,netbanking,0.842,0,10.65,request_card_update,0,0.0
2411.11,insufficient_funds,upi,0.959,0,20.31,request_card_update,1,2411.11
9335.93,insufficient_funds,netbanking,0.858,2,25.52,retry_now,0,0.0
1569.49,expired_card,upi,0.83,3,20.71,request_card_update,0,0.0
13500.78,network_error,card,0.769,1,21.2,request_alternative_payment,1,13500.78
3603.98,card_declined,netbanking,0.817,3,28.04,retry_later,0,0.0
1627.89,card_declined,card,0.819,3,46.71,retry_later,0,0.0
17910.5,card_declined,wallet,0.719,1,28.31,retry_now,0,0.0
4737.76,insufficient_funds,card,0.863,0,2.54,request_card_update,1,4737.76
23001.21,insufficient_funds,netbanking,0.523,2,11.04,request_card_update,1,23001.21
13283.5,insufficient_funds,upi,0.783,0,12.87,retry_later,1,13283.5
2640.38,insufficient_funds,netbanking,0.82,3,3.53,request_card_update,1,2640.38
4671.34,card_declined,card,0.639,0,8.07,request_card_update,1,4671.34
5508.37,insufficient_funds,upi,0.809,1,4.81,retry_later,0,0.0
16953.6,network_error,card,0.974,0,13.93,request_card_update,1,16953.6
7095.44,card_declined,netbanking,0.672,0,9.23,request_card_update,0,0.0
5757.32,card_declined,card,0.828,1,1.84,retry_later,1,5757.32
4261.13,expired_card,card,0.673,1,24.36,retry_now,1,4261.13
4801.81,insufficient_funds,upi,0.945,1,36.77,request_alternative_payment,1,4801.81
14198.15,card_declined,upi,0.73,1,0.55,request_alternative_payment,0,0.0
5014.84,insufficient_funds,netbanking,0.854,1,2.62,retry_now,0,0.0
3645.31,network_error,upi,0.625,1,47.14,retry_later,0,0.0
3183.03,card_declined,card,0.895,3,10.27,retry_later,0,0.0
3210.5,insufficient_funds,netbanking,0.803,3,9.42,request_card_update,1,3210.5
1628.67,insufficient_funds,card,0.879,0,4.27,request_alternative_payment,0,0.0
2743.23,network_error,upi,0.462,1,28.39,retry_now,1,2743.23
16579.62,network_error,card,0.57,0,11.61,retry_now,0,0.0
4238.28,network_error,card,0.56,0,13.38,request_card_update,1,4238.28
8784.31,card_declined,netbanking,0.778,0,7.34,retry_now,1,8784.31
688.27,card_declined,wallet,0.803,4,5.71,request_card_update,0,0.0
7878.1,card_declined,wallet,0.714,2,28.55,request_card_update,0,0.0
4394.51,insufficient_funds,upi,0.901,3,38.11,request_alternative_payment,0,0.0
3401.74,card_declined,card,0.928,0,33.68,request_alternative_payment,0,0.0
5778.86,card_declined,card,0.859,3,13.24,request_card_update,0,0.0
3362.81,network_error,card,0.661,2,34.75,request_alternative_payment,0,0.0
914.24,card_declined,upi,0.927,0,73.67,request_alternative_payment,0,0.0
10456.63,card_declined,card,0.674,0,14.36,request_card_update,1,10456.63
6073.0,expired_card,wallet,0.704,2,29.64,retry_now,0,0.0
3889.51,expired_card,card,0.886,0,8.68,request_alternative_payment,0,0.0
2308.25,insufficient_funds,card,0.569,0,1.12,request_card_update,1,2308.25
1542.73,expired_card,netbanking,0.759,4,9.74,request_alternative_payment,0,0.0
5980.79,insufficient_funds,card,0.662,1,10.36,retry_later,1,5980.79
18177.61,expired_card,card,0.804,0,6.73,retry_later,1,18177.61
5882.44,insufficient_funds,upi,0.624,1,21.46,request_alternative_payment,0,0.0
1654.05,card_declined,wallet,0.617,1,10.97,retry_later,0,0.0
5986.65,expired_card,card,0.845,1,30.25,retry_later,0,0.0
4791.12,insufficient_funds,card,0.542,3,2.98,retry_later,1,4791.12
9980.9,network_error,card,0.766,2,9.16,retry_now,0,0.0
8124.01,card_declined,upi,0.706,3,22.37,request_alternative_payment,0,0.0
458.76,insufficient_funds,card,0.845,1,1.15,retry_later,1,458.76
7734.04,expired_card,upi,0.561,1,9.42,request_alternative_payment,0,0.0
2240.4,card_declined,upi,0.878,2,2.15,request_card_update,0,0.0
1603.29,expired_card,wallet,0.771,0,6.69,retry_now,0,0.0
4300.19,expired_card,upi,0.399,1,6.71,request_card_update,0,0.0
6946.34,insufficient_funds,upi,0.814,1,6.77,request_card_update,0,0.0
1345.61,insufficient_funds,upi,0.892,0,6.01,retry_now,1,1345.61
8785.47,insufficient_funds,card,0.362,0,23.44,retry_now,0,0.0
9208.33,card_declined,card,0.7,1,0.25,retry_later,0,0.0
5191.48,insufficient_funds,upi,0.57,3,3.39,request_alternative_payment,0,0.0
2497.62,card_declined,card,0.856,1,57.9,request_alternative_payment,0,0.0
2284.02,network_error,card,0.932,1,30.42,retry_now,1,2284.02
11360.97,insufficient_funds,card,0.816,3,12.97,retry_now,1,11360.97
1492.51,network_error,card,0.754,0,34.69,request_card_update,1,1492.51
11716.69,card_declined,card,0.799,0,5.44,retry_now,0,0.0
4381.01,insufficient_funds,upi,0.906,0,15.02,retry_now,1,4381.01
4630.99,insufficient_funds,netbanking,0.535,0,5.58,retry_later,1,4630.99
1275.03,insufficient_funds,card,0.871,1,4.94,retry_now,0,0.0
4446.27,card_declined,netbanking,0.812,0,1.3,request_alternative_payment,1,4446.27
8168.67,insufficient_funds,card,0.895,0,0.25,retry_now,1,8168.67
1716.54,network_error,wallet,0.658,0,23.41,retry_now,1,1716.54
7450.99,network_error,upi,0.609,0,12.28,retry_later,0,0.0
5369.03,insufficient_funds,upi,0.923,1,10.82,request_alternative_payment,1,5369.03
2987.49,expired_card,upi,0.592,0,27.6,request_alternative_payment,0,0.0
9906.35,expired_card,upi,0.964,1,14.48,retry_now,0,0.0
858.67,insufficient_funds,card,0.775,2,29.53,retry_now,1,858.67
6598.11,expired_card,card,0.663,2,15.45,request_alternative_payment,1,6598.11
18264.99,insufficient_funds,wallet,0.735,1,13.39,request_card_update,0,0.0
15821.86,network_error,netbanking,0.706,1,2.6,retry_later,0,0.0
6829.72,insufficient_funds,upi,0.844,1,3.85,retry_now,0,0.0
3927.85,network_error,netbanking,0.882,0,14.11,retry_later,1,3927.85
3006.56,network_error,card,0.809,0,4.14,request_card_update,0,0.0
3923.94,expired_card,upi,0.85,1,15.03,request_card_update,0,0.0
7725.17,expired_card,upi,0.659,3,10.09,retry_later,0,0.0
2621.23,insufficient_funds,card,0.584,1,1.38,request_card_update,0,0.0
9164.86,network_error,wallet,0.962,0,3.1,request_alternative_payment,1,9164.86
27549.0,insufficient_funds,netbanking,0.663,0,31.64,request_alternative_payment,1,27549.0
4758.49,insufficient_funds,wallet,0.873,0,31.44,request_card_update,0,0.0
1705.61,insufficient_funds,upi,0.746,3,1.39,request_alternative_payment,0,0.0
1705.13,expired_card,card,0.684,0,43.22,request_card_update,0,0.0
9306.29,network_error,netbanking,0.795,3,1.01,request_card_update,0,0.0
4766.64,insufficient_funds,card,0.631,3,1.76,request_card_update,1,4766.64
10083.52,expired_card,netbanking,0.927,1,0.25,retry_later,1,10083.52
3262.62,network_error,card,0.926,1,3.6,retry_later,1,3262.62
9717.58,insufficient_funds,netbanking,0.841,0,0.32,retry_now,1,9717.58
4405.26,card_declined,upi,0.694,1,17.97,request_alternative_payment,1,4405.26
2782.74,network_error,card,0.667,0,5.4,request_alternative_payment,1,2782.74
3627.85,network_error,card,0.634,0,30.2,retry_now,0,0.0
1918.98,card_declined,upi,0.902,0,25.56,request_alternative_payment,0,0.0
24555.25,card_declined,card,0.874,1,27.6,request_alternative_payment,1,24555.25
4628.96,insufficient_funds,netbanking,0.804,0,5.4,request_alternative_payment,1,4628.96
8373.31,card_declined,card,0.621,1,1.74,retry_later,1,8373.31
3254.19,insufficient_funds,card,0.863,0,22.09,request_card_update,1,3254.19
2155.23,insufficient_funds,card,0.781,2,15.31,retry_now,0,0.0
4146.79,insufficient_funds,card,0.827,1,0.61,retry_now,0,0.0
12066.0,card_declined,card,0.676,2,15.08,request_card_update,1,12066.0
3296.47,card_declined,netbanking,0.634,0,3.57,request_card_update,0,0.0
2491.82,card_declined,upi,0.81,1,32.68,request_card_update,0,0.0
5662.18,insufficient_funds,wallet,0.947,0,10.85,request_card_update,0,0.0
7453.29,expired_card,card,0.679,1,22.48,retry_now,0,0.0
18610.32,insufficient_funds,card,0.661,1,20.82,retry_now,0,0.0
6635.53,card_declined,card,0.588,1,2.63,retry_now,1,6635.53
8369.82,insufficient_funds,upi,0.899,0,2.22,request_alternative_payment,0,0.0
8889.39,network_error,card,0.908,3,12.4,retry_now,1,8889.39
1987.79,card_declined,card,0.615,1,35.85,request_card_update,0,0.0
2313.52,card_declined,upi,0.488,2,10.95,request_card_update,0,0.0
2100.81,expired_card,card,0.549,0,5.82,request_card_update,0,0.0
1722.4,network_error,upi,0.884,2,24.17,retry_now,0,0.0
9448.03,card_declined,upi,0.94,3,8.01,retry_later,1,9448.03
6305.85,card_declined,upi,0.895,4,3.13,request_alternative_payment,1,6305.85
5328.31,expired_card,card,0.721,2,4.26,retry_later,1,5328.31
628.3,expired_card,upi,0.646,1,2.63,retry_now,0,0.0
25889.03,network_error,card,0.848,0,2.23,retry_later,0,0.0
2444.94,network_error,card,0.633,0,24.66,request_alternative_payment,0,0.0
25813.25,expired_card,card,0.806,2,10.11,retry_later,0,0.0
1568.38,expired_card,card,0.916,0,7.03,request_card_update,0,0.0
2610.44,insufficient_funds,upi,0.783,0,44.04,request_card_update,1,2610.44
858.27,expired_card,upi,0.964,0,13.03,retry_now,0,0.0
6680.13,network_error,netbanking,0.85,0,1.48,request_card_update,0,0.0
2071.83,card_declined,card,0.852,1,15.02,request_alternative_payment,0,0.0
2119.2,card_declined,card,0.734,2,12.45,retry_later,0,0.0
1667.67,insufficient_funds,card,0.662,1,15.0,request_alternative_payment,0,0.0
9312.17,network_error,wallet,0.849,1,0.92,request_card_update,1,9312.17
8834.01,network_error,card,0.305,2,34.62,retry_later,0,0.0
21307.63,insufficient_funds,card,0.8,0,3.13,retry_later,1,21307.63
2888.89,card_declined,card,0.951,1,29.37,request_card_update,1,2888.89
5956.56,insufficient_funds,netbanking,0.703,1,93.1,request_alternative_payment,0,0.0
1782.42,card_declined,card,0.827,1,2.03,request_alternative_payment,1,1782.42
3824.42,card_declined,card,0.577,3,55.34,request_card_update,0,0.0
3301.45,card_declined,upi,0.826,0,1.18,retry_now,0,0.0
7249.97,insufficient_funds,upi,0.77,2,5.68,request_card_update,1,7249.97
11280.27,insufficient_funds,upi,0.528,1,10.13,retry_now,0,0.0
11048.46,insufficient_funds,wallet,0.74,2,30.73,retry_now,0,0.0
2547.69,card_declined,netbanking,0.821,1,9.34,request_card_update,1,2547.69
11114.07,expired_card,upi,0.362,0,38.28,retry_later,0,0.0
4826.73,network_error,wallet,0.942,1,42.66,retry_now,1,4826.73
3856.5,network_error,netbanking,0.848,4,19.73,retry_later,1,3856.5
2836.66,insufficient_funds,card,0.533,0,9.09,request_card_update,1,2836.66
3194.69,insufficient_funds,netbanking,0.882,3,4.35,retry_later,1,3194.69
20151.71,expired_card,upi,0.681,1,10.47,retry_now,0,0.0
6394.04,card_declined,upi,0.723,2,6.54,request_alternative_payment,0,0.0
5749.58,insufficient_funds,upi,0.711,2,36.85,request_card_update,0,0.0
4053.74,card_declined,netbanking,0.844,0,8.59,request_alternative_payment,0,0.0
35382.62,network_error,wallet,0.836,1,3.16,retry_later,1,35382.62
14202.9,insufficient_funds,card,0.611,1,30.9,retry_later,1,14202.9
2808.33,insufficient_funds,upi,0.77,2,23.58,request_card_update,1,2808.33
4017.04,card_declined,upi,0.801,0,13.06,retry_now,0,0.0
4212.44,insufficient_funds,netbanking,0.785,4,4.05,request_card_update,1,4212.44
5618.9,card_declined,card,0.742,0,12.7,retry_later,0,0.0
2853.25,network_error,card,0.748,1,4.69,retry_later,1,2853.25
7102.81,expired_card,card,0.718,1,86.63,request_card_update,0,0.0
15976.33,card_declined,card,0.936,1,23.5,request_card_update,0,0.0
1748.11,insufficient_funds,card,0.596,0,66.84,retry_later,0,0.0
2027.74,card_declined,card,0.75,1,33.22,request_card_update,1,2027.74
3397.06,insufficient_funds,card,0.683,0,59.84,retry_now,0,0.0
3525.43,expired_card,netbanking,0.513,1,3.52,request_card_update,0,0.0
24734.79,network_error,card,0.759,1,11.78,request_card_update,1,24734.79
11142.93,card_declined,card,0.635,2,39.84,retry_later,1,11142.93
10642.93,network_error,netbanking,0.428,0,25.44,retry_later,1,10642.93
4046.88,insufficient_funds,card,0.56,1,8.98,request_card_update,1,4046.88
3976.44,card_declined,upi,0.608,3,16.97,request_alternative_payment,0,0.0
1565.29,expired_card,netbanking,0.743,2,2.45,request_card_update,0,0.0
9344.89,insufficient_funds,card,0.638,0,19.34,retry_now,1,9344.89
7405.93,insufficient_funds,upi,0.833,2,0.57,retry_now,1,7405.93
13988.5,expired_card,card,0.91,0,15.55,retry_now,0,0.0
4223.96,card_declined,card,0.596,1,20.33,request_card_update,1,4223.96
4463.86,insufficient_funds,upi,0.906,1,60.76,retry_now,0,0.0
5728.62,insufficient_funds,card,0.765,0,10.7,retry_now,0,0.0
10205.8,card_declined,upi,0.539,2,30.97,retry_later,0,0.0
1542.29,card_declined,upi,0.722,2,1.51,retry_now,0,0.0
9009.53,card_declined,card,0.823,1,0.72,request_alternative_payment,1,9009.53
4918.69,insufficient_funds,card,0.903,2,15.26,retry_later,1,4918.69
2143.69,card_declined,upi,0.926,0,16.25,retry_later,0,0.0
943.42,card_declined,card,0.853,0,47.87,request_card_update,1,943.42
4482.85,expired_card,upi,0.903,0,0.32,request_alternative_payment,0,0.0
15920.51,card_declined,wallet,0.745,0,0.78,request_alternative_payment,0,0.0
19090.4,card_declined,netbanking,0.954,1,15.01,request_alternative_payment,0,0.0
6644.16,network_error,card,0.63,0,25.88,request_card_update,1,6644.16
24023.74,insufficient_funds,card,0.842,4,24.56,request_card_update,0,0.0
4831.15,insufficient_funds,upi,0.133,0,0.25,retry_later,0,0.0
10719.67,insufficient_funds,upi,0.764,2,35.0,retry_later,0,0.0
3484.95,insufficient_funds,wallet,0.676,1,13.63,request_alternative_payment,0,0.0
3312.68,expired_card,upi,0.826,1,43.18,request_alternative_payment,0,0.0
2907.9,insufficient_funds,card,0.821,0,11.53,request_alternative_payment,1,2907.9
961.76,expired_card,card,0.891,3,46.01,request_alternative_payment,1,961.76
14000.76,insufficient_funds,wallet,0.798,0,4.72,retry_now,1,14000.76
2992.57,card_declined,upi,0.756,0,9.2,retry_later,0,0.0
2633.43,card_declined,netbanking,0.714,4,26.43,retry_now,0,0.0
1945.39,insufficient_funds,upi,0.699,1,29.14,request_alternative_payment,0,0.0
4245.89,card_declined,wallet,0.942,0,2.44,retry_now,0,0.0
20496.04,network_error,upi,0.811,0,3.77,request_card_update,1,20496.04
26694.59,card_declined,wallet,0.812,0,1.65,retry_later,1,26694.59
1324.12,network_error,netbanking,0.842,0,96.0,retry_later,1,1324.12
3765.5,expired_card,netbanking,0.492,0,13.74,request_alternative_payment,0,0.0
2185.73,card_declined,wallet,0.672,0,37.78,retry_later,1,2185.73
11024.37,expired_card,upi,0.492,0,0.59,retry_now,0,0.0
6288.44,insufficient_funds,upi,0.716,1,10.41,request_card_update,0,0.0
3004.71,insufficient_funds,upi,0.808,2,58.28,retry_now,0,0.0
5298.88,card_declined,netbanking,0.655,2,16.02,request_alternative_payment,0,0.0
3412.7,card_declined,netbanking,0.714,0,84.23,request_card_update,0,0.0
18189.32,card_declined,netbanking,0.925,1,23.01,retry_now,0,0.0
7744.68,card_declined,card,0.328,3,19.78,retry_now,1,7744.68
8544.58,expired_card,netbanking,0.412,4,9.28,retry_now,0,0.0
592.09,insufficient_funds,netbanking,0.849,3,2.0,request_alternative_payment,0,0.0
4739.86,network_error,upi,0.701,0,51.45,request_card_update,0,0.0
26469.86,card_declined,upi,0.688,4,12.85,retry_later,0,0.0
14444.9,card_declined,netbanking,0.833,0,14.2,request_card_update,0,0.0
1140.84,insufficient_funds,netbanking,0.766,0,11.48,retry_now,1,1140.84
3891.12,insufficient_funds,upi,0.895,1,5.76,retry_later,0,0.0
1912.14,card_declined,upi,0.809,0,32.7,request_alternative_payment,0,0.0
19654.75,network_error,upi,0.881,2,22.46,request_card_update,1,19654.75
6079.12,card_declined,upi,0.664,4,32.82,request_card_update,0,0.0
2705.27,insufficient_funds,card,0.504,2,7.02,retry_now,1,2705.27
5138.52,network_error,card,0.782,2,9.14,request_alternative_payment,0,0.0
620.98,network_error,netbanking,0.681,0,15.54,request_alternative_payment,1,620.98
2099.02,expired_card,wallet,0.83,2,39.21,request_alternative_payment,0,0.0
5147.92,card_declined,card,0.711,0,24.68,retry_later,1,5147.92
9835.3,network_error,wallet,0.736,0,7.68,retry_now,0,0.0
1058.01,card_declined,upi,0.946,1,29.07,request_alternative_payment,1,1058.01
3685.9,network_error,card,0.818,3,1.38,request_card_update,0,0.0
11214.26,card_declined,upi,0.783,0,8.52,retry_now,0,0.0
1565.61,insufficient_funds,card,0.851,3,13.68,request_card_update,0,0.0
6006.15,expired_card,card,0.867,1,1.1,request_card_update,0,0.0
5270.99,network_error,wallet,0.781,0,46.38,request_card_update,0,0.0
19706.37,card_declined,upi,0.953,2,40.89,retry_later,1,19706.37
4159.23,card_declined,card,0.985,2,1.32,request_alternative_payment,1,4159.23
4358.63,network_error,upi,0.75,4,6.12,retry_now,1,4358.63
9908.63,insufficient_funds,upi,0.974,0,4.86,request_alternative_payment,1,9908.63
1730.41,insufficient_funds,upi,0.629,0,44.43,retry_now,0,0.0
4190.13,insufficient_funds,card,0.63,1,7.53,request_card_update,0,0.0
3472.44,insufficient_funds,card,0.804,0,8.0,retry_later,0,0.0
4474.11,insufficient_funds,upi,0.895,1,1.93,request_card_update,1,4474.11
9856.81,network_error,upi,0.938,1,4.19,request_card_update,0,0.0
7789.43,insufficient_funds,wallet,0.937,0,2.35,request_card_update,0,0.0
2746.95,network_error,card,0.6,4,1.31,request_alternative_payment,1,2746.95
5577.82,expired_card,netbanking,0.949,0,26.83,retry_now,1,5577.82
16474.13,insufficient_funds,wallet,0.89,0,22.24,request_card_update,1,16474.13
2571.13,network_error,card,0.579,1,96.0,request_card_update,0,0.0
5615.73,card_declined,card,0.82,1,6.63,retry_later,0,0.0
4284.1,expired_card,upi,0.669,1,3.56,retry_later,0,0.0
4754.23,card_declined,wallet,0.6,2,4.03,request_card_update,0,0.0
1356.51,card_declined,card,0.817,0,6.88,request_card_update,0,0.0
15456.79,insufficient_funds,card,0.775,3,16.74,retry_now,0,0.0
2691.12,expired_card,upi,0.596,0,11.23,retry_now,0,0.0
11362.24,insufficient_funds,netbanking,0.633,1,5.53,request_alternative_payment,1,11362.24
3041.46,network_error,card,0.604,1,27.53,request_alternative_payment,1,3041.46
3031.43,insufficient_funds,card,0.746,0,4.87,request_alternative_payment,0,0.0
13196.3,card_declined,card,0.759,1,3.56,request_card_update,0,0.0
11073.4,card_declined,wallet,0.873,1,22.81,request_alternative_payment,0,0.0
5908.37,insufficient_funds,upi,0.857,0,18.19,request_alternative_payment,1,5908.37
9192.23,insufficient_funds,upi,0.55,1,31.44,retry_now,0,0.0
3969.32,insufficient_funds,netbanking,0.806,1,5.33,retry_now,0,0.0
4966.64,network_error,upi,0.921,1,41.1,request_card_update,1,4966.64
2945.09,network_error,wallet,0.835,1,4.81,request_card_update,1,2945.09
10305.63,insufficient_funds,card,0.783,4,20.22,request_card_update,1,10305.63
2871.13,card_declined,card,0.957,3,25.38,retry_later,0,0.0
16404.62,insufficient_funds,card,0.763,2,4.18,request_card_update,1,16404.62
3883.63,network_error,card,0.84,4,4.55,request_card_update,0,0.0
5082.71,network_error,netbanking,0.823,0,5.77,retry_now,1,5082.71
9174.43,expired_card,upi,0.642,0,8.17,retry_now,0,0.0
5096.37,expired_card,card,0.891,1,43.96,retry_now,0,0.0
3939.73,insufficient_funds,netbanking,0.55,2,20.9,retry_later,0,0.0
4881.34,insufficient_funds,upi,0.754,2,12.29,request_card_update,1,4881.34
10221.49,expired_card,upi,0.693,2,3.87,retry_now,0,0.0
2942.2,insufficient_funds,card,0.726,0,3.36,retry_later,1,2942.2
4519.71,insufficient_funds,wallet,0.901,0,4.84,request_card_update,0,0.0
5041.32,insufficient_funds,upi,0.913,0,1.33,retry_now,1,5041.32
9985.22,network_error,netbanking,0.701,1,4.05,request_alternative_payment,1,9985.22
4616.15,network_error,netbanking,0.839,1,14.03,retry_later,0,0.0
21244.06,expired_card,upi,0.737,2,21.32,retry_now,0,0.0
4411.47,card_declined,card,0.692,2,0.59,retry_later,1,4411.47
4134.19,insufficient_funds,upi,0.702,0,0.25,request_card_update,0,0.0
4360.61,card_declined,card,0.599,2,10.72,request_alternative_payment,0,0.0
1743.9,network_error,wallet,0.417,1,0.6,request_card_update,1,1743.9
2181.6,insufficient_funds,card,0.826,0,12.39,retry_later,0,0.0
3270.37,expired_card,card,0.722,2,3.67,request_card_update,0,0.0
12405.03,card_declined,upi,0.94,2,14.63,retry_now,0,0.0
4869.24,network_error,upi,0.898,2,11.0,retry_now,1,4869.24
3393.03,network_error,upi,0.597,0,8.05,request_card_update,0,0.0
13338.65,card_declined,netbanking,0.751,1,22.28,request_card_update,1,13338.65
17294.35,network_error,netbanking,0.573,2,61.18,request_card_update,0,0.0
13650.06,card_declined,wallet,0.853,0,34.16,request_card_update,1,13650.06
2526.83,network_error,upi,0.937,3,24.33,request_alternative_payment,1,2526.83
3364.36,network_error,upi,0.825,0,11.45,request_card_update,0,0.0
21336.66,card_declined,netbanking,0.939,0,6.71,retry_now,1,21336.66
6063.88,insufficient_funds,card,0.873,1,6.25,request_card_update,1,6063.88
4036.33,expired_card,card,0.808,1,0.74,request_alternative_payment,1,4036.33
8882.8,expired_card,card,0.792,1,0.78,request_card_update,1,8882.8
11192.87,card_declined,upi,0.603,1,16.62,request_alternative_payment,0,0.0
3165.4,expired_card,upi,0.626,2,39.66,request_card_update,1,3165.4
5959.52,card_declined,card,0.895,4,8.45,request_alternative_payment,0,0.0
10492.76,card_declined,card,0.769,2,10.25,retry_now,0,0.0
1976.26,card_declined,card,0.775,1,23.99,request_alternative_payment,0,0.0
5049.63,insufficient_funds,upi,0.866,1,8.08,request_card_update,0,0.0
2050.18,card_declined,card,0.763,1,12.5,request_alternative_payment,0,0.0
2276.35,network_error,netbanking,0.618,2,1.44,request_card_update,0,0.0
3186.61,insufficient_funds,wallet,0.616,2,23.83,request_alternative_payment,0,0.0
7323.83,insufficient_funds,netbanking,0.782,0,1.53,retry_later,1,7323.83
3864.45,network_error,netbanking,0.589,2,5.48,retry_later,0,0.0
2976.37,network_error,wallet,0.642,0,4.6,retry_later,0,0.0
5210.53,expired_card,upi,0.676,1,28.35,request_alternative_payment,0,0.0
1997.44,insufficient_funds,upi,0.816,2,5.68,retry_later,0,0.0
7046.14,network_error,netbanking,0.789,4,6.89,retry_later,0,0.0
12361.01,insufficient_funds,upi,0.466,0,25.83,request_alternative_payment,1,12361.01
4693.01,insufficient_funds,card,0.64,0,33.38,retry_now,0,0.0
4251.7,network_error,card,0.827,0,7.57,retry_now,0,0.0
6740.88,card_declined,upi,0.913,2,9.98,retry_now,0,0.0
986.75,network_error,netbanking,0.884,0,39.03,retry_later,1,986.75
7682.09,insufficient_funds,upi,0.571,0,29.17,request_alternative_payment,0,0.0
50000.0,insufficient_funds,card,0.841,0,15.17,request_alternative_payment,1,50000.0
4532.61,card_declined,upi,0.894,2,0.3,retry_later,0,0.0
4545.5,insufficient_funds,netbanking,0.534,0,2.0,request_card_update,0,0.0
9064.12,insufficient_funds,netbanking,0.86,1,1.37,retry_now,0,0.0
18647.35,insufficient_funds,upi,0.383,0,28.85,retry_later,0,0.0
10907.08,insufficient_funds,card,0.85,1,10.95,request_card_update,1,10907.08
891.32,network_error,card,0.597,0,1.41,request_alternative_payment,0,0.0
7847.2,insufficient_funds,wallet,0.673,0,32.13,retry_now,0,0.0
39133.62,card_declined,card,0.717,3,6.81,request_alternative_payment,1,39133.62
8226.75,card_declined,netbanking,0.817,0,47.88,request_card_update,0,0.0
1985.27,card_declined,card,0.788,0,7.44,retry_later,0,0.0
6264.52,card_declined,wallet,0.914,2,20.06,request_alternative_payment,1,6264.52
1794.79,network_error,card,0.769,0,6.8,request_alternative_payment,1,1794.79
13405.71,expired_card,upi,0.631,0,20.53,retry_later,0,0.0
2327.35,insufficient_funds,upi,0.755,0,0.57,retry_now,1,2327.35
5305.97,network_error,netbanking,0.766,1,3.01,request_alternative_payment,0,0.0
2517.37,insufficient_funds,netbanking,0.774,1,38.03,request_card_update,1,2517.37
3229.35,card_declined,card,0.736,2,13.4,retry_later,0,0.0
16417.67,card_declined,card,0.78,0,0.29,retry_now,1,16417.67
5431.44,insufficient_funds,card,0.544,4,19.04,retry_now,0,0.0
3196.56,insufficient_funds,upi,0.957,0,51.73,retry_later,0,0.0
2000.22,insufficient_funds,upi,0.952,0,43.17,retry_now,0,0.0
1118.6,insufficient_funds,card,0.946,0,18.43,request_card_update,1,1118.6
1837.51,card_declined,netbanking,0.805,2,13.54,request_card_update,0,0.0
5468.51,insufficient_funds,card,0.517,0,18.82,retry_later,1,5468.51
10953.13,network_error,card,0.899,0,20.84,retry_later,0,0.0
3193.63,expired_card,card,0.725,1,3.63,retry_now,0,0.0
17564.38,insufficient_funds,upi,0.775,0,20.68,request_alternative_payment,1,17564.38
2816.34,insufficient_funds,card,0.908,1,71.2,request_card_update,0,0.0
4133.1,card_declined,wallet,0.631,1,26.57,request_card_update,0,0.0
2108.08,expired_card,upi,0.878,0,17.93,retry_now,0,0.0
11045.77,card_declined,upi,0.855,3,4.45,retry_later,1,11045.77
26774.41,insufficient_funds,card,0.92,0,1.26,request_card_update,1,26774.41
1221.38,expired_card,netbanking,0.798,0,0.87,retry_later,1,1221.38
3790.54,card_declined,netbanking,0.786,1,7.58,retry_now,1,3790.54
13753.07,insufficient_funds,upi,0.856,2,8.47,request_alternative_payment,0,0.0
1571.27,expired_card,card,0.888,1,5.41,retry_now,1,1571.27
7867.85,expired_card,card,0.652,2,6.6,retry_later,0,0.0
13284.74,card_declined,card,0.945,0,38.61,retry_now,0,0.0
5322.91,insufficient_funds,card,0.64,0,4.95,retry_later,1,5322.91
7765.17,card_declined,upi,0.763,1,22.25,retry_later,0,0.0
20453.62,insufficient_funds,card,0.631,2,15.64,request_alternative_payment,0,0.0
23764.17,card_declined,netbanking,0.811,0,3.8,retry_later,0,0.0
4758.17,insufficient_funds,upi,0.801,1,1.26,retry_later,1,4758.17
3265.9,card_declined,upi,0.94,2,21.49,request_card_update,0,0.0
2395.17,network_error,wallet,0.677,0,12.28,retry_now,1,2395.17
10924.51,expired_card,card,0.816,0,20.93,request_card_update,0,0.0
1668.65,network_error,card,0.573,1,16.89,request_alternative_payment,1,1668.65
4085.23,insufficient_funds,upi,0.867,1,1.37,retry_later,1,4085.23
5428.1,insufficient_funds,upi,0.69,1,9.6,retry_later,1,5428.1
3343.56,card_declined,netbanking,0.862,3,18.28,retry_now,0,0.0
6254.46,insufficient_funds,netbanking,0.345,0,3.87,retry_now,1,6254.46
38902.11,insufficient_funds,upi,0.887,2,3.15,retry_later,1,38902.11
4536.51,network_error,wallet,0.466,2,12.0,retry_later,0,0.0
3529.35,card_declined,card,0.64,1,12.0,request_card_update,1,3529.35
11265.03,insufficient_funds,card,0.885,2,10.75,request_alternative_payment,0,0.0
6056.33,card_declined,card,0.816,1,4.06,request_card_update,0,0.0
15814.17,expired_card,upi,0.575,0,18.81,retry_now,0,0.0
5704.12,network_error,card,0.934,1,6.59,retry_later,1,5704.12
4098.82,insufficient_funds,card,0.635,0,7.75,request_alternative_payment,0,0.0
1200.16,card_declined,wallet,0.638,2,20.41,retry_now,0,0.0
1368.41,expired_card,card,0.942,0,8.06,retry_now,1,1368.41
1151.29,insufficient_funds,card,0.683,0,19.06,request_card_update,1,1151.29
6772.76,card_declined,card,0.605,1,1.97,request_card_update,0,0.0
1681.42,network_error,card,0.95,1,24.4,retry_later,1,1681.42
13652.19,network_error,card,0.556,1,19.61,retry_now,1,13652.19
5122.46,insufficient_funds,card,0.616,1,11.73,request_alternative_payment,1,5122.46
4112.74,expired_card,card,0.645,3,18.41,retry_later,0,0.0
2545.57,insufficient_funds,netbanking,0.881,1,7.52,retry_now,0,0.0
8225.55,insufficient_funds,card,0.844,2,15.53,retry_later,0,0.0
2626.99,insufficient_funds,upi,0.913,0,2.78,retry_later,1,2626.99
2273.08,card_declined,upi,0.985,2,13.12,retry_later,1,2273.08
12937.34,insufficient_funds,netbanking,0.825,0,10.81,retry_later,1,12937.34
6640.15,network_error,wallet,0.752,1,2.17,request_alternative_payment,1,6640.15
4143.31,expired_card,upi,0.638,4,24.8,request_alternative_payment,1,4143.31
8352.7,insufficient_funds,card,0.903,2,68.77,request_card_update,1,8352.7
5035.86,network_error,card,0.95,1,0.66,request_alternative_payment,0,0.0
6792.7,expired_card,card,0.977,1,25.61,request_card_update,1,6792.7
2601.17,insufficient_funds,netbanking,0.857,0,27.65,retry_later,1,2601.17
26199.93,network_error,upi,0.797,1,4.41,retry_later,1,26199.93
3144.77,expired_card,card,0.835,1,2.78,request_card_update,0,0.0
17361.43,network_error,card,0.672,1,5.89,retry_now,0,0.0
4298.83,card_declined,netbanking,0.727,0,18.17,request_card_update,1,4298.83
9536.4,expired_card,upi,0.926,2,23.58,retry_later,0,0.0
8996.33,network_error,card,0.423,0,47.65,retry_now,0,0.0
12514.89,insufficient_funds,netbanking,0.62,1,18.58,request_card_update,0,0.0
2552.16,insufficient_funds,upi,0.859,0,2.99,retry_later,1,2552.16
11821.81,card_declined,upi,0.636,2,2.47,request_card_update,1,11821.81
21902.26,card_declined,upi,0.682,0,2.91,retry_later,0,0.0
4065.28,insufficient_funds,upi,0.809,1,35.2,request_card_update,0,0.0
5140.77,insufficient_funds,card,0.762,2,39.11,retry_later,0,0.0
3289.32,network_error,wallet,0.754,1,9.87,retry_now,1,3289.32
3789.71,network_error,netbanking,0.757,1,44.83,retry_now,0,0.0
19659.8,insufficient_funds,upi,0.732,3,5.72,retry_later,1,19659.8
2239.05,insufficient_funds,upi,0.794,4,6.6,request_alternative_payment,1,2239.05
2353.12,insufficient_funds,wallet,0.786,0,6.7,request_alternative_payment,0,0.0
18140.71,insufficient_funds,card,0.761,1,30.52,retry_later,1,18140.71
8240.63,card_declined,card,0.863,1,26.16,request_alternative_payment,0,0.0
27268.55,insufficient_funds,netbanking,0.781,0,11.53,retry_now,1,27268.55
3487.16,expired_card,card,0.744,1,5.08,request_alternative_payment,0,0.0
5531.52,insufficient_funds,upi,0.758,2,2.9,request_alternative_payment,0,0.0
2947.32,insufficient_funds,upi,0.986,3,3.21,retry_now,0,0.0
5607.35,expired_card,card,0.932,2,14.01,request_card_update,0,0.0
1209.44,card_declined,card,0.836,0,1.7,request_alternative_payment,0,0.0
8648.64,insufficient_funds,netbanking,0.871,1,27.5,retry_now,0,0.0
6476.74,insufficient_funds,card,0.735,3,1.98,retry_now,1,6476.74
4775.0,network_error,card,0.808,1,26.03,request_card_update,1,4775.0
3658.84,card_declined,card,0.225,4,31.21,request_card_update,0,0.0
2444.0,network_error,card,0.524,0,19.78,request_alternative_payment,0,0.0
8949.59,card_declined,upi,0.411,1,41.92,retry_later,0,0.0
1959.26,expired_card,wallet,0.811,1,14.39,retry_later,0,0.0
7530.45,card_declined,upi,0.958,3,21.34,retry_later,0,0.0
26285.02,network_error,upi,0.809,0,25.08,request_alternative_payment,1,26285.02
16409.41,network_error,card,0.972,1,10.9,request_alternative_payment,1,16409.41
1499.81,card_declined,wallet,0.969,2,7.52,request_alternative_payment,0,0.0
3254.53,network_error,netbanking,0.55,0,19.41,retry_later,1,3254.53
7004.82,network_error,netbanking,0.86,1,0.25,request_alternative_payment,0,0.0
4726.63,insufficient_funds,card,0.901,3,25.5,request_card_update,0,0.0
1632.17,network_error,card,0.647,1,24.24,request_alternative_payment,0,0.0
6805.22,insufficient_funds,card,0.714,1,39.91,retry_later,0,0.0
4960.09,card_declined,card,0.845,0,2.03,retry_later,0,0.0
23124.63,insufficient_funds,card,0.403,4,2.09,request_card_update,0,0.0
4083.09,insufficient_funds,netbanking,0.849,2,57.26,retry_now,1,4083.09
12728.46,insufficient_funds,card,0.733,4,9.96,retry_now,0,0.0
1814.42,insufficient_funds,card,0.741,2,5.64,retry_later,1,1814.42
2196.86,insufficient_funds,netbanking,0.652,2,8.1,retry_later,0,0.0
8906.38,insufficient_funds,wallet,0.823,0,15.2,retry_later,0,0.0
11898.62,card_declined,card,0.856,1,16.51,retry_later,0,0.0
2324.54,card_declined,card,0.839,0,40.72,retry_now,1,2324.54
5097.24,expired_card,netbanking,0.605,1,2.16,request_card_update,0,0.0
1655.62,network_error,wallet,0.501,4,11.64,retry_later,0,0.0
4325.22,insufficient_funds,upi,0.848,1,38.58,retry_now,1,4325.22
9766.68,card_declined,card,0.738,0,2.98,request_card_update,1,9766.68
3530.61,card_declined,upi,0.816,0,14.06,request_card_update,0,0.0
4096.82,card_declined,netbanking,0.889,1,1.57,retry_now,0,0.0
2025.06,card_declined,card,0.28,3,16.11,retry_later,0,0.0
2976.51,network_error,card,0.733,1,8.87,retry_now,1,2976.51
20407.99,card_declined,netbanking,0.64,2,26.01,retry_later,0,0.0
5300.38,card_declined,upi,0.733,1,20.6,request_card_update,1,5300.38
2242.5,network_error,card,0.724,1,24.56,retry_now,1,2242.5
3886.93,insufficient_funds,netbanking,0.829,0,8.19,request_alternative_payment,1,3886.93
1393.05,network_error,upi,0.894,0,17.62,request_alternative_payment,1,1393.05
2221.34,expired_card,card,0.564,2,1.06,request_card_update,0,0.0
14845.69,insufficient_funds,card,0.814,2,18.45,retry_now,0,0.0
4461.35,network_error,card,0.687,0,1.55,retry_now,1,4461.35
22692.22,network_error,wallet,0.317,1,22.33,request_alternative_payment,1,22692.22
4632.79,card_declined,card,0.946,1,7.96,request_alternative_payment,1,4632.79
4858.14,insufficient_funds,netbanking,0.576,3,3.99,retry_now,0,0.0
8349.1,network_error,upi,0.785,0,11.82,retry_later,0,0.0
589.41,card_declined,netbanking,0.534,0,11.93,retry_later,0,0.0
5890.79,insufficient_funds,wallet,0.764,0,5.23,retry_later,0,0.0
4807.84,card_declined,wallet,0.598,0,4.1,request_card_update,1,4807.84
16416.21,card_declined,netbanking,0.982,0,28.59,request_alternative_payment,0,0.0
10817.68,insufficient_funds,card,0.829,3,1.15,request_alternative_payment,0,0.0
2018.76,expired_card,card,0.611,4,30.82,request_alternative_payment,0,0.0
13506.2,insufficient_funds,card,0.77,2,21.51,request_alternative_payment,0,0.0
4053.52,card_declined,upi,0.872,2,36.66,retry_later,1,4053.52
2425.11,network_error,card,0.857,1,11.57,request_alternative_payment,0,0.0
5853.97,insufficient_funds,card,0.65,1,2.67,retry_now,1,5853.97
4251.29,network_error,card,0.669,3,75.32,retry_now,1,4251.29
17119.36,card_declined,netbanking,0.784,3,21.89,request_card_update,0,0.0
6566.2,card_declined,card,0.502,0,6.83,request_alternative_payment,0,0.0
5894.18,card_declined,card,0.856,2,11.33,retry_now,0,0.0
10277.48,expired_card,upi,0.89,0,2.39,request_card_update,0,0.0
11985.95,expired_card,upi,0.92,0,6.41,request_alternative_payment,1,11985.95
9358.85,insufficient_funds,netbanking,0.664,0,7.71,retry_later,0,0.0
15564.75,card_declined,upi,0.952,1,5.02,retry_now,0,0.0
8136.69,card_declined,netbanking,0.448,0,3.66,request_alternative_payment,0,0.0
5717.66,expired_card,card,0.752,3,96.0,retry_later,0,0.0
13474.18,network_error,card,0.665,1,48.6,request_card_update,1,13474.18
4649.32,card_declined,upi,0.947,1,11.35,retry_now,0,0.0
5134.77,expired_card,card,0.811,2,4.95,request_alternative_payment,0,0.0
19820.16,card_declined,netbanking,0.751,2,19.33,retry_now,0,0.0
18301.39,insufficient_funds,wallet,0.695,2,96.0,request_alternative_payment,0,0.0
4967.4,card_declined,card,0.584,0,14.42,request_card_update,1,4967.4
3478.48,card_declined,netbanking,0.744,0,39.48,request_alternative_payment,0,0.0
16118.65,card_declined,card,0.798,0,1.43,retry_now,0,0.0
9485.58,card_declined,card,0.336,2,9.95,request_alternative_payment,0,0.0
6435.97,network_error,card,0.843,1,25.29,retry_later,1,6435.97
3864.92,expired_card,upi,0.445,0,0.5,request_alternative_payment,0,0.0
6519.48,insufficient_funds,wallet,0.888,1,12.02,retry_now,1,6519.48
4913.92,card_declined,card,0.598,0,7.94,request_card_update,0,0.0
2938.7,network_error,upi,0.607,1,2.65,request_card_update,0,0.0
5543.75,insufficient_funds,card,0.522,1,25.26,retry_now,0,0.0
6182.84,network_error,card,0.677,0,1.05,request_alternative_payment,1,6182.84
3702.92,card_declined,upi,0.574,3,0.5,request_alternative_payment,1,3702.92
10303.65,insufficient_funds,netbanking,0.874,1,0.25,request_card_update,1,10303.65
14020.27,expired_card,upi,0.967,1,0.3,retry_later,1,14020.27
10862.93,card_declined,wallet,0.807,2,38.7,retry_later,0,0.0
4008.59,insufficient_funds,card,0.579,1,15.68,retry_later,1,4008.59
9153.12,insufficient_funds,upi,0.849,0,32.22,request_alternative_payment,1,9153.12
5321.78,network_error,card,0.657,1,66.26,retry_later,0,0.0
1860.49,expired_card,netbanking,0.882,3,0.81,request_alternative_payment,0,0.0
8564.46,card_declined,card,0.769,3,26.28,retry_now,1,8564.46
5620.06,insufficient_funds,card,0.854,0,18.7,request_card_update,0,0.0
39816.3,insufficient_funds,netbanking,0.926,0,3.27,retry_now,1,39816.3
16042.71,network_error,card,0.738,0,2.68,retry_later,1,16042.71
8831.79,card_declined,upi,0.476,3,9.49,request_alternative_payment,0,0.0
6102.96,card_declined,wallet,0.716,4,44.73,retry_now,1,6102.96
5699.71,insufficient_funds,upi,0.855,1,7.08,request_alternative_payment,1,5699.71
2240.02,card_declined,upi,0.698,2,25.43,retry_now,1,2240.02
1243.9,card_declined,wallet,0.843,0,3.11,request_card_update,1,1243.9
2487.78,card_declined,upi,0.754,2,0.44,request_alternative_payment,1,2487.78
4812.73,insufficient_funds,card,0.852,0,6.32,request_alternative_payment,1,4812.73
927.75,card_declined,netbanking,0.551,0,4.39,retry_later,1,927.75
3234.84,card_declined,upi,0.926,1,25.47,request_card_update,1,3234.84
4101.48,card_declined,netbanking,0.9,3,1.33,retry_now,0,0.0
4208.46,insufficient_funds,upi,0.968,0,19.11,request_alternative_payment,0,0.0
2944.85,insufficient_funds,card,0.845,0,4.62,request_card_update,1,2944.85
3804.66,card_declined,netbanking,0.896,1,23.17,request_alternative_payment,1,3804.66
19856.93,insufficient_funds,card,0.71,0,10.09,retry_later,1,19856.93
8492.25,card_declined,netbanking,0.7,0,14.83,request_card_update,0,0.0
3193.75,card_declined,netbanking,0.785,1,4.27,retry_now,0,0.0
4733.95,insufficient_funds,wallet,0.733,0,5.28,retry_now,0,0.0
4888.02,network_error,card,0.664,0,0.98,request_alternative_payment,1,4888.02
2704.92,card_declined,card,0.659,3,6.4,retry_later,0,0.0
2702.38,insufficient_funds,card,0.466,1,5.47,request_alternative_payment,0,0.0
11221.79,network_error,card,0.791,2,4.99,retry_now,1,11221.79
3573.73,card_declined,card,0.881,0,14.12,retry_now,1,3573.73
2082.73,expired_card,upi,0.724,2,0.25,request_card_update,0,0.0
4830.38,insufficient_funds,card,0.702,0,8.46,retry_later,0,0.0
5495.04,expired_card,wallet,0.757,3,22.01,request_card_update,0,0.0
1031.77,network_error,card,0.939,2,37.93,retry_now,1,1031.77
4839.64,insufficient_funds,card,0.558,2,22.01,retry_later,1,4839.64
10012.38,card_declined,upi,0.962,0,0.55,retry_now,0,0.0
7173.7,network_error,card,0.51,1,33.2,request_card_update,1,7173.7
29763.24,card_declined,upi,0.839,0,51.52,retry_later,0,0.0
13603.48,card_declined,upi,0.733,0,70.5,request_alternative_payment,0,0.0
15936.07,expired_card,upi,0.715,0,8.62,request_card_update,0,0.0
46969.89,network_error,upi,0.533,0,8.61,request_alternative_payment,0,0.0
9170.24,expired_card,netbanking,0.879,0,1.69,retry_now,1,9170.24
5696.74,network_error,wallet,0.878,2,39.75,retry_now,0,0.0
10896.37,network_error,card,0.605,0,21.67,retry_now,0,0.0
3196.48,network_error,upi,0.909,3,38.18,request_card_update,1,3196.48
5449.84,card_declined,netbanking,0.725,1,9.28,retry_later,0,0.0
2978.01,expired_card,card,0.864,1,30.32,retry_now,0,0.0
6874.55,card_declined,upi,0.742,1,38.16,request_card_update,0,0.0
2968.07,insufficient_funds,upi,0.546,1,0.25,retry_now,1,2968.07
2886.07,card_declined,card,0.293,0,0.25,request_alternative_payment,1,2886.07
6960.26,insufficient_funds,card,0.855,1,2.79,request_alternative_payment,0,0.0
4478.41,expired_card,netbanking,0.476,0,3.74,request_alternative_payment,0,0.0
1069.75,card_declined,card,0.772,1,17.53,request_alternative_payment,0,0.0
1560.48,card_declined,card,0.744,1,8.99,request_card_update,0,0.0
1996.96,insufficient_funds,netbanking,0.766,0,0.75,retry_now,1,1996.96
2467.14,card_declined,netbanking,0.761,1,7.94,retry_later,0,0.0
6965.55,insufficient_funds,upi,0.735,2,13.33,request_card_update,0,0.0
5957.13,network_error,card,0.811,0,8.49,request_alternative_payment,0,0.0
11724.27,card_declined,card,0.62,1,6.51,retry_later,1,11724.27
9131.04,card_declined,netbanking,0.956,3,0.43,retry_now,0,0.0
11786.56,insufficient_funds,card,0.895,3,4.95,retry_later,1,11786.56
8134.83,card_declined,wallet,0.555,0,0.53,retry_later,0,0.0
5913.17,card_declined,netbanking,0.587,0,19.71,retry_now,0,0.0
12048.25,expired_card,card,0.795,0,0.25,retry_later,0,0.0
10432.94,expired_card,upi,0.793,1,9.07,retry_now,0,0.0
6755.21,network_error,wallet,0.633,2,5.9,retry_later,0,0.0
13822.47,insufficient_funds,netbanking,0.878,0,12.78,retry_later,1,13822.47
765.53,insufficient_funds,upi,0.938,1,5.6,retry_now,1,765.53
3963.26,expired_card,card,0.877,2,5.52,retry_now,0,0.0
3914.96,expired_card,upi,0.751,0,33.11,retry_later,0,0.0
12573.41,insufficient_funds,upi,0.698,0,29.8,retry_now,1,12573.41
17576.34,network_error,upi,0.737,0,26.17,retry_later,1,17576.34
1567.21,card_declined,card,0.951,1,0.25,retry_later,0,0.0
15461.79,insufficient_funds,wallet,0.852,0,6.26,retry_later,0,0.0
1958.7,expired_card,upi,0.546,1,15.05,retry_now,1,1958.7
2006.65,expired_card,card,0.84,4,33.36,request_card_update,0,0.0
4145.44,expired_card,card,0.832,0,58.5,retry_later,1,4145.44
3876.27,insufficient_funds,card,0.6,0,11.4,retry_now,0,0.0
1437.21,card_declined,upi,0.937,2,9.26,request_card_update,0,0.0
8409.32,expired_card,card,0.859,3,2.24,request_alternative_payment,0,0.0
8610.31,network_error,upi,0.803,1,26.53,retry_later,1,8610.31
11619.34,card_declined,card,0.681,2,18.06,retry_later,0,0.0
3534.86,card_declined,card,0.758,0,49.8,retry_now,0,0.0
4844.15,insufficient_funds,card,0.611,0,7.07,retry_later,0,0.0
4879.76,card_declined,card,0.895,4,51.89,request_card_update,0,0.0
19294.77,expired_card,card,0.839,4,4.51,retry_later,0,0.0
517.91,insufficient_funds,card,0.89,0,6.99,request_alternative_payment,1,517.91
2325.38,insufficient_funds,upi,0.772,2,19.51,retry_now,1,2325.38
5022.21,card_declined,upi,0.866,0,7.24,retry_later,1,5022.21
2097.99,card_declined,upi,0.847,0,13.64,request_alternative_payment,1,2097.99
4066.5,insufficient_funds,card,0.795,2,18.74,retry_now,0,0.0
4520.3,insufficient_funds,card,0.825,1,6.71,retry_later,0,0.0
2954.38,network_error,card,0.755,0,64.82,retry_later,1,2954.38
5264.64,insufficient_funds,upi,0.593,1,6.87,request_card_update,1,5264.64
8264.4,card_declined,upi,0.654,1,28.13,retry_later,0,0.0
4138.88,card_declined,netbanking,0.887,1,15.83,retry_now,1,4138.88
3479.48,card_declined,upi,0.584,0,1.29,request_card_update,0,0.0
4379.02,card_declined,card,0.641,3,2.79,request_alternative_payment,0,0.0
4970.34,network_error,card,0.669,3,14.93,retry_later,0,0.0
1242.57,card_declined,wallet,0.954,3,3.53,retry_now,0,0.0
7233.2,card_declined,card,0.77,2,50.21,retry_now,0,0.0
3485.59,card_declined,card,0.66,3,59.44,retry_later,0,0.0
13717.41,card_declined,card,0.543,3,18.77,retry_now,0,0.0
8022.75,card_declined,wallet,0.954,1,16.3,retry_later,1,8022.75
12749.49,card_declined,wallet,0.729,1,23.33,retry_later,1,12749.49
2226.95,card_declined,card,0.542,1,38.07,retry_now,0,0.0
3714.81,insufficient_funds,card,0.745,0,5.06,retry_now,1,3714.81
1850.53,network_error,netbanking,0.866,0,2.01,request_card_update,1,1850.53
2844.21,insufficient_funds,card,0.605,3,5.3,request_card_update,0,0.0
13614.32,expired_card,card,0.87,1,12.11,request_alternative_payment,0,0.0
16435.28,card_declined,upi,0.706,0,3.34,request_card_update,1,16435.28
1995.57,insufficient_funds,card,0.576,3,1.63,request_card_update,1,1995.57
3465.36,network_error,card,0.776,2,17.09,retry_now,0,0.0
4704.32,card_declined,upi,0.953,1,13.26,request_alternative_payment,1,4704.32
7987.86,expired_card,upi,0.75,4,21.37,request_alternative_payment,1,7987.86
1223.35,expired_card,upi,0.605,2,19.25,request_card_update,1,1223.35
1386.85,network_error,card,0.749,0,13.74,request_card_update,1,1386.85
7397.48,card_declined,card,0.777,2,57.83,request_card_update,1,7397.48
1051.49,expired_card,netbanking,0.775,0,1.04,request_alternative_payment,1,1051.49
3497.33,card_declined,card,0.767,2,0.45,retry_now,0,0.0
5692.28,expired_card,card,0.843,0,63.7,retry_now,0,0.0
6972.48,insufficient_funds,card,0.847,0,15.12,retry_later,0,0.0
4464.08,expired_card,card,0.707,2,55.25,request_card_update,0,0.0
3731.58,network_error,upi,0.681,0,8.13,request_card_update,0,0.0
9826.62,insufficient_funds,card,0.784,3,28.2,retry_now,1,9826.62
6281.46,expired_card,upi,0.955,0,13.73,retry_later,1,6281.46
2979.71,network_error,card,0.765,0,10.2,retry_now,1,2979.71
5153.19,expired_card,netbanking,0.705,0,7.11,retry_later,1,5153.19
6793.55,insufficient_funds,upi,0.836,2,27.32,request_card_update,1,6793.55
19767.27,card_declined,card,0.563,1,15.31,retry_now,0,0.0
9379.22,network_error,netbanking,0.553,1,11.02,request_card_update,1,9379.22
13211.44,insufficient_funds,wallet,0.787,2,3.15,request_card_update,1,13211.44
3067.77,network_error,card,0.791,1,5.39,request_card_update,1,3067.77
3287.38,network_error,upi,0.649,4,2.82,retry_later,0,0.0
4141.81,insufficient_funds,upi,0.835,0,1.31,retry_later,1,4141.81
4457.46,network_error,upi,0.761,0,2.94,request_alternative_payment,1,4457.46
2232.27,insufficient_funds,card,0.762,2,16.49,retry_later,0,0.0
13765.77,network_error,card,0.84,3,24.38,retry_later,1,13765.77
10136.26,expired_card,card,0.772,2,0.34,request_alternative_payment,1,10136.26
3915.31,card_declined,card,0.769,0,30.79,request_alternative_payment,0,0.0
8354.55,card_declined,card,0.488,2,3.97,request_alternative_payment,1,8354.55
5976.03,card_declined,netbanking,0.802,0,3.48,request_alternative_payment,0,0.0
8893.32,insufficient_funds,card,0.851,1,6.31,retry_later,1,8893.32
1705.73,expired_card,card,0.733,2,2.55,retry_now,0,0.0
4450.02,insufficient_funds,card,0.728,1,2.69,request_alternative_payment,0,0.0
4773.15,card_declined,card,0.799,2,9.98,retry_now,1,4773.15
8234.66,insufficient_funds,netbanking,0.867,1,43.89,request_card_update,0,0.0
3024.32,network_error,netbanking,0.923,3,4.71,retry_later,1,3024.32
676.71,network_error,card,0.882,0,3.79,retry_now,0,0.0
2104.5,insufficient_funds,card,0.821,1,35.65,request_card_update,0,0.0
4761.68,insufficient_funds,card,0.564,2,20.08,request_alternative_payment,0,0.0
5262.18,insufficient_funds,wallet,0.772,1,23.58,retry_later,0,0.0
19229.32,insufficient_funds,card,0.605,1,23.73,request_card_update,0,0.0
7969.61,card_declined,card,0.9,3,57.18,request_alternative_payment,0,0.0
5336.99,network_error,card,0.559,0,11.98,request_alternative_payment,1,5336.99
4872.1,card_declined,card,0.645,0,57.7,retry_later,1,4872.1
12094.91,insufficient_funds,card,0.594,1,11.82,request_card_update,0,0.0
3118.49,card_declined,wallet,0.873,3,4.35,retry_now,0,0.0
4469.21,network_error,card,0.414,4,9.53,retry_later,1,4469.21
2091.81,card_declined,card,0.773,3,32.11,request_alternative_payment,0,0.0
15557.81,insufficient_funds,card,0.918,2,74.69,request_alternative_payment,0,0.0
6844.44,network_error,card,0.761,0,52.76,retry_later,0,0.0
2838.91,insufficient_funds,wallet,0.653,1,15.43,retry_later,1,2838.91
4562.51,network_error,upi,0.943,2,15.78,request_card_update,1,4562.51
7516.94,network_error,wallet,0.611,1,0.49,request_card_update,0,0.0
4091.3,expired_card,netbanking,0.787,2,41.18,request_card_update,0,0.0
3260.44,insufficient_funds,upi,0.75,4,1.15,retry_later,0,0.0
2962.46,insufficient_funds,upi,0.727,4,7.26,request_alternative_payment,0,0.0
6557.49,expired_card,upi,0.804,0,1.08,request_card_update,0,0.0
3754.65,card_declined,upi,0.815,0,21.43,retry_now,1,3754.65
3477.91,card_declined,upi,0.698,0,9.03,retry_later,0,0.0
1717.02,card_declined,upi,0.636,0,2.44,request_alternative_payment,1,1717.02
5320.41,insufficient_funds,card,0.809,2,2.52,retry_now,0,0.0
4325.2,card_declined,upi,0.803,1,6.63,retry_later,0,0.0
3865.61,expired_card,card,0.788,1,21.06,request_card_update,1,3865.61
5861.79,network_error,upi,0.737,2,12.39,request_card_update,1,5861.79
9096.05,card_declined,upi,0.941,0,0.25,retry_now,0,0.0
8764.33,expired_card,upi,0.902,4,2.22,request_alternative_payment,0,0.0
7780.5,network_error,upi,0.654,0,12.32,retry_later,0,0.0
4124.32,insufficient_funds,netbanking,0.637,1,17.9,retry_later,0,0.0
3176.69,network_error,netbanking,0.771,3,2.03,request_card_update,1,3176.69
2169.08,insufficient_funds,card,0.8,2,49.28,request_alternative_payment,0,0.0
3110.9,insufficient_funds,card,0.778,0,1.99,retry_now,1,3110.9
5079.22,card_declined,card,0.883,0,6.76,request_alternative_payment,1,5079.22
2665.55,insufficient_funds,card,0.69,2,10.88,retry_now,0,0.0
5399.38,insufficient_funds,card,0.93,2,8.64,retry_later,1,5399.38
2309.6,card_declined,netbanking,0.972,3,67.75,retry_now,0,0.0
1323.98,insufficient_funds,netbanking,0.504,0,12.31,request_alternative_payment,1,1323.98
9630.77,card_declined,card,0.712,3,12.21,request_card_update,0,0.0
3420.91,insufficient_funds,netbanking,0.722,0,20.99,retry_later,0,0.0
2559.5,network_error,card,0.807,1,16.94,retry_now,0,0.0
2084.15,expired_card,netbanking,0.66,1,13.87,retry_later,1,2084.15
7013.71,insufficient_funds,upi,0.796,3,2.61,retry_later,1,7013.71
15019.72,network_error,upi,0.791,1,17.11,request_card_update,0,0.0
3621.83,insufficient_funds,card,0.495,0,0.33,request_alternative_payment,0,0.0
4208.0,insufficient_funds,card,0.841,1,18.37,request_alternative_payment,1,4208.0
11784.01,card_declined,card,0.804,1,1.45,retry_later,0,0.0
1174.78,insufficient_funds,upi,0.785,4,20.15,retry_later,0,0.0
24117.38,insufficient_funds,wallet,0.713,1,28.23,request_card_update,1,24117.38
35329.49,network_error,upi,0.875,1,10.14,request_card_update,1,35329.49
573.71,network_error,netbanking,0.764,3,12.04,request_card_update,0,0.0
4624.81,expired_card,card,0.656,0,20.55,request_alternative_payment,0,0.0
2813.08,expired_card,netbanking,0.674,0,13.16,request_alternative_payment,0,0.0
4045.56,card_declined,netbanking,0.83,2,15.78,retry_now,1,4045.56
3577.73,insufficient_funds,card,0.621,2,10.93,request_card_update,0,0.0
9572.03,insufficient_funds,upi,0.807,3,19.88,request_alternative_payment,1,9572.03
4569.4,card_declined,card,0.62,0,8.65,retry_now,1,4569.4
2412.62,expired_card,card,0.733,1,18.96,retry_later,1,2412.62
4356.59,insufficient_funds,card,0.74,0,1.37,request_card_update,1,4356.59
7547.87,insufficient_funds,upi,0.725,2,0.58,request_alternative_payment,1,7547.87
1939.56,card_declined,netbanking,0.764,0,9.38,request_alternative_payment,1,1939.56
1339.71,expired_card,card,0.415,1,3.11,retry_later,0,0.0
24621.8,card_declined,wallet,0.698,1,33.51,request_card_update,0,0.0
2990.67,network_error,netbanking,0.685,1,4.57,request_alternative_payment,1,2990.67
4479.7,card_declined,upi,0.558,0,9.66,retry_now,1,4479.7
3637.15,card_declined,wallet,0.826,1,3.01,retry_later,1,3637.15
7751.67,card_declined,netbanking,0.848,1,13.56,request_card_update,0,0.0
20649.06,network_error,card,0.922,0,64.56,retry_later,1,20649.06
7951.69,network_error,wallet,0.921,2,1.38,request_card_update,1,7951.69
1484.01,card_declined,card,0.688,4,12.7,request_card_update,0,0.0
1652.25,insufficient_funds,card,0.56,3,1.1,retry_now,1,1652.25
3633.75,insufficient_funds,card,0.913,3,37.02,request_card_update,0,0.0
4034.37,insufficient_funds,upi,0.764,2,48.76,request_card_update,1,4034.37
1260.96,insufficient_funds,wallet,0.893,2,15.2,request_card_update,1,1260.96
9630.26,insufficient_funds,card,0.688,2,8.17,request_alternative_payment,1,9630.26
2096.74,network_error,upi,0.923,1,0.63,request_alternative_payment,0,0.0
16511.86,network_error,card,0.756,0,38.49,request_alternative_payment,1,16511.86
21454.71,network_error,netbanking,0.753,2,0.31,request_alternative_payment,0,0.0
4099.38,network_error,card,0.85,1,6.86,request_card_update,1,4099.38
7103.7,expired_card,upi,0.567,2,10.01,retry_now,1,7103.7
1866.15,expired_card,upi,0.695,4,13.24,retry_later,0,0.0
8234.88,insufficient_funds,card,0.617,1,9.11,retry_now,0,0.0
3356.45,insufficient_funds,wallet,0.475,3,19.7,request_alternative_payment,0,0.0
2095.2,insufficient_funds,wallet,0.762,0,18.8,retry_now,0,0.0
3966.84,expired_card,upi,0.887,0,9.31,retry_later,1,3966.84
3444.71,insufficient_funds,upi,0.941,1,47.06,retry_later,1,3444.71
3854.77,insufficient_funds,netbanking,0.8,3,14.78,retry_now,0,0.0
10688.64,card_declined,card,0.613,4,10.0,retry_now,1,10688.64
2667.63,card_declined,card,0.939,1,0.75,request_alternative_payment,1,2667.63
20034.51,card_declined,upi,0.765,1,10.78,retry_later,1,20034.51
1732.2,network_error,upi,0.276,1,35.47,retry_later,0,0.0
18206.56,card_declined,upi,0.602,3,44.21,retry_later,0,0.0
2217.17,expired_card,upi,0.914,3,11.7,retry_now,1,2217.17
4995.95,insufficient_funds,upi,0.803,0,23.32,request_alternative_payment,1,4995.95
3377.99,expired_card,card,0.655,0,1.18,request_card_update,0,0.0
3797.93,card_declined,card,0.662,0,1.73,request_card_update,1,3797.93
9492.71,insufficient_funds,card,0.483,3,19.87,retry_now,0,0.0
16598.28,expired_card,card,0.822,2,37.78,request_card_update,1,16598.28
12959.87,expired_card,netbanking,0.741,0,8.16,retry_now,1,12959.87
3616.67,network_error,netbanking,0.95,2,4.0,request_alternative_payment,1,3616.67
5794.11,expired_card,card,0.859,1,33.26,retry_later,1,5794.11
2674.54,card_declined,upi,0.594,1,2.65,request_card_update,1,2674.54
2261.88,insufficient_funds,card,0.716,1,26.95,request_alternative_payment,1,2261.88
1998.5,insufficient_funds,upi,0.734,2,4.21,retry_now,1,1998.5
3523.23,expired_card,wallet,0.918,0,0.25,retry_later,0,0.0
6105.09,network_error,card,0.75,3,3.47,request_alternative_payment,1,6105.09
1083.27,expired_card,netbanking,0.674,3,17.79,retry_now,0,0.0
4817.98,network_error,card,0.838,0,7.66,request_card_update,0,0.0
16814.78,card_declined,card,0.93,2,27.63,request_alternative_payment,0,0.0
12267.66,insufficient_funds,upi,0.733,1,4.68,request_card_update,0,0.0
3130.81,insufficient_funds,netbanking,0.833,1,6.93,request_alternative_payment,1,3130.81
1635.49,card_declined,upi,0.616,0,0.25,request_card_update,0,0.0
7223.23,network_error,netbanking,0.713,1,39.13,request_alternative_payment,1,7223.23
783.09,insufficient_funds,netbanking,0.894,2,27.47,request_card_update,0,0.0
12152.82,expired_card,upi,0.685,0,17.21,request_alternative_payment,0,0.0
4214.66,network_error,card,0.375,1,13.66,retry_now,1,4214.66
21638.59,insufficient_funds,card,0.718,1,30.9,request_alternative_payment,1,21638.59
1255.92,expired_card,upi,0.684,0,11.31,request_card_update,0,0.0
10422.37,card_declined,upi,0.903,4,6.68,request_card_update,1,10422.37
4613.7,network_error,card,0.765,2,3.26,retry_now,1,4613.7
3836.64,card_declined,card,0.669,2,13.66,request_alternative_payment,1,3836.64
1671.24,card_declined,card,0.592,1,31.57,request_card_update,0,0.0
8052.93,insufficient_funds,card,0.532,0,5.42,retry_later,0,0.0
8587.84,card_declined,upi,0.896,3,10.96,retry_now,0,0.0
20853.88,network_error,netbanking,0.859,0,2.05,request_card_update,1,20853.88
11199.6,expired_card,netbanking,0.896,2,0.4,request_alternative_payment,0,0.0
3109.06,expired_card,wallet,0.963,0,4.42,retry_later,0,0.0
2239.71,insufficient_funds,upi,0.845,2,8.27,request_card_update,0,0.0
1673.04,expired_card,card,0.881,1,6.73,retry_now,0,0.0
16248.77,insufficient_funds,upi,0.804,1,32.76,retry_now,0,0.0
2682.9,insufficient_funds,netbanking,0.852,4,7.77,retry_now,0,0.0
16340.09,network_error,upi,0.905,4,4.35,retry_now,1,16340.09
7610.25,expired_card,upi,0.58,0,12.77,request_alternative_payment,0,0.0
6510.14,expired_card,upi,0.691,3,55.45,request_card_update,0,0.0
3911.59,network_error,card,0.473,0,37.0,retry_later,0,0.0
8482.25,insufficient_funds,card,0.958,1,10.48,request_alternative_payment,0,0.0
4938.5,insufficient_funds,card,0.738,2,8.04,request_card_update,0,0.0
3721.28,insufficient_funds,card,0.803,0,0.25,retry_later,1,3721.28
8725.43,card_declined,netbanking,0.819,2,0.99,retry_later,1,8725.43
4456.04,card_declined,card,0.951,1,6.42,retry_later,1,4456.04
2639.98,insufficient_funds,card,0.733,1,1.87,retry_now,1,2639.98
8079.25,card_declined,netbanking,0.895,3,4.94,retry_now,1,8079.25
4750.5,card_declined,netbanking,0.869,2,1.63,retry_later,0,0.0
7393.24,network_error,upi,0.525,2,14.45,request_card_update,0,0.0
3477.63,card_declined,card,0.831,0,7.59,request_card_update,0,0.0
1900.55,insufficient_funds,card,0.743,0,4.87,request_card_update,0,0.0
20035.33,network_error,upi,0.862,1,73.07,retry_later,1,20035.33
17231.29,network_error,netbanking,0.661,2,54.73,retry_now,0,0.0
10139.78,insufficient_funds,card,0.857,2,39.47,request_alternative_payment,0,0.0
3666.32,insufficient_funds,wallet,0.793,1,1.12,request_alternative_payment,1,3666.32
3932.14,expired_card,upi,0.759,2,50.59,retry_now,0,0.0
15109.14,network_error,upi,0.523,3,7.48,request_card_update,1,15109.14
3767.36,insufficient_funds,card,0.934,1,2.16,request_alternative_payment,0,0.0
3014.38,card_declined,wallet,0.781,0,13.46,retry_later,1,3014.38
22358.93,card_declined,upi,0.629,1,2.37,retry_now,1,22358.93
4812.88,insufficient_funds,card,0.802,0,16.37,request_card_update,0,0.0
20577.09,insufficient_funds,card,0.881,1,9.38,request_alternative_payment,1,20577.09
1633.5,expired_card,card,0.517,3,9.93,retry_later,0,0.0
7568.43,card_declined,card,0.728,4,3.2,request_alternative_payment,0,0.0
26214.27,insufficient_funds,card,0.902,2,2.96,request_card_update,1,26214.27
5120.43,network_error,card,0.564,0,6.55,request_alternative_payment,0,0.0
4048.05,card_declined,upi,0.868,0,27.49,retry_now,0,0.0
1964.5,card_declined,upi,0.868,0,4.41,retry_later,1,1964.5
11885.42,insufficient_funds,upi,0.723,0,49.47,retry_now,1,11885.42
2700.23,insufficient_funds,upi,0.593,0,50.87,retry_later,0,0.0
4634.79,insufficient_funds,card,0.93,2,10.56,retry_later,1,4634.79
1862.34,expired_card,card,0.555,0,25.4,request_card_update,1,1862.34
17373.63,card_declined,upi,0.826,0,8.95,retry_now,0,0.0
12595.58,network_error,upi,0.663,4,8.76,request_card_update,1,12595.58
4875.24,insufficient_funds,card,0.772,2,37.61,request_card_update,0,0.0
1985.99,network_error,wallet,0.748,1,3.88,retry_later,0,0.0
17084.36,card_declined,netbanking,0.918,1,40.5,request_alternative_payment,1,17084.36
3731.06,network_error,netbanking,0.952,4,8.57,request_card_update,1,3731.06
2065.3,card_declined,upi,0.878,1,23.3,retry_now,1,2065.3
1221.09,card_declined,card,0.863,0,4.87,request_card_update,1,1221.09
2982.21,insufficient_funds,wallet,0.863,1,13.62,retry_now,1,2982.21
1561.63,insufficient_funds,wallet,0.931,1,13.08,request_alternative_payment,1,1561.63
3037.94,network_error,netbanking,0.831,4,11.72,retry_later,0,0.0
9069.93,insufficient_funds,netbanking,0.926,1,16.69,retry_later,1,9069.93
3702.91,insufficient_funds,wallet,0.803,2,36.37,request_card_update,0,0.0
6645.85,expired_card,upi,0.655,2,5.59,retry_now,1,6645.85
2803.22,insufficient_funds,card,0.755,0,0.43,request_card_update,1,2803.22
5267.59,card_declined,upi,0.512,4,15.94,request_card_update,0,0.0
23246.59,network_error,upi,0.644,1,7.25,retry_later,0,0.0
3783.5,network_error,netbanking,0.937,2,4.24,retry_now,1,3783.5
6800.4,insufficient_funds,upi,0.566,1,14.91,retry_later,0,0.0
1429.06,card_declined,upi,0.777,1,2.27,request_alternative_payment,1,1429.06
16869.76,card_declined,wallet,0.986,0,0.25,request_alternative_payment,1,16869.76
3413.28,card_declined,upi,0.858,0,0.25,request_alternative_payment,1,3413.28
11586.78,network_error,card,0.611,2,2.89,retry_later,0,0.0
4530.78,expired_card,upi,0.462,0,6.59,request_card_update,0,0.0
8155.57,insufficient_funds,card,0.986,0,73.58,request_alternative_payment,0,0.0
8552.71,insufficient_funds,card,0.736,1,4.15,retry_now,0,0.0
3481.58,network_error,upi,0.681,0,5.96,retry_now,0,0.0
11976.7,card_declined,wallet,0.632,1,12.95,request_alternative_payment,0,0.0
2724.4,network_error,card,0.896,1,35.45,request_card_update,0,0.0
9316.48,insufficient_funds,card,0.812,0,4.19,request_alternative_payment,1,9316.48
3659.31,insufficient_funds,upi,0.764,2,69.83,retry_now,0,0.0
6613.31,network_error,upi,0.865,0,50.97,request_card_update,1,6613.31
3455.07,expired_card,card,0.564,0,45.61,retry_later,1,3455.07
5203.95,insufficient_funds,card,0.919,0,8.86,request_alternative_payment,0,0.0
2116.33,expired_card,upi,0.446,0,8.67,request_alternative_payment,0,0.0
6095.09,card_declined,wallet,0.923,0,10.46,retry_later,1,6095.09
5179.91,insufficient_funds,card,0.775,2,1.05,retry_now,1,5179.91
3245.65,card_declined,upi,0.97,1,34.74,request_alternative_payment,1,3245.65
4784.66,insufficient_funds,netbanking,0.588,0,9.84,request_card_update,0,0.0
5565.8,network_error,card,0.592,1,2.78,request_alternative_payment,1,5565.8
3053.69,insufficient_funds,netbanking,0.967,2,5.73,retry_later,1,3053.69
4510.6,card_declined,card,0.666,1,28.04,retry_later,0,0.0
2236.69,insufficient_funds,card,0.649,4,18.53,request_alternative_payment,1,2236.69
32655.86,network_error,card,0.626,0,4.03,request_card_update,1,32655.86
11666.63,expired_card,card,0.752,1,6.28,request_card_update,1,11666.63
6220.89,card_declined,netbanking,0.885,1,12.11,request_card_update,0,0.0
12770.38,card_declined,upi,0.783,1,2.09,request_card_update,0,0.0
1026.38,expired_card,netbanking,0.844,1,45.84,retry_later,0,0.0
646.16,insufficient_funds,netbanking,0.564,1,4.12,request_card_update,0,0.0
3632.8,network_error,card,0.76,3,3.1,request_alternative_payment,0,0.0
1659.62,card_declined,wallet,0.876,1,47.72,request_card_update,1,1659.62
4137.76,expired_card,netbanking,0.413,2,10.02,retry_now,0,0.0
5894.17,insufficient_funds,card,0.8,0,23.53,request_alternative_payment,1,5894.17
10441.3,insufficient_funds,netbanking,0.541,1,22.63,request_card_update,0,0.0
2011.39,insufficient_funds,netbanking,0.989,1,10.7,retry_now,1,2011.39
6883.6,insufficient_funds,upi,0.756,2,2.04,request_card_update,1,6883.6
5057.89,insufficient_funds,card,0.96,3,2.56,retry_now,0,0.0
6602.48,expired_card,card,0.914,2,1.7,retry_later,0,0.0
3299.0,insufficient_funds,wallet,0.87,2,11.74,request_alternative_payment,0,0.0
15118.91,insufficient_funds,upi,0.809,1,34.21,retry_now,1,15118.91
4602.64,insufficient_funds,netbanking,0.785,0,16.53,request_alternative_payment,0,0.0
20672.07,card_declined,wallet,0.418,2,24.39,request_alternative_payment,0,0.0
2656.81,card_declined,card,0.837,1,12.04,request_alternative_payment,0,0.0
9058.47,insufficient_funds,wallet,0.869,3,4.67,retry_later,1,9058.47
4766.93,network_error,upi,0.808,3,7.84,retry_now,1,4766.93
3846.81,network_error,upi,0.887,0,4.75,request_alternative_payment,1,3846.81
8291.99,insufficient_funds,card,0.812,0,73.87,retry_later,1,8291.99
3935.74,network_error,card,0.854,1,1.42,retry_now,0,0.0
594.44,card_declined,card,0.847,0,18.02,request_alternative_payment,1,594.44
431.34,card_declined,card,0.885,0,10.02,retry_later,0,0.0
13837.41,expired_card,card,0.618,1,1.04,retry_later,0,0.0
13378.44,expired_card,card,0.717,2,15.4,request_card_update,1,13378.44
22630.77,card_declined,upi,0.772,0,23.0,request_alternative_payment,1,22630.77
4930.38,card_declined,wallet,0.765,4,64.1,retry_later,0,0.0
1777.72,insufficient_funds,card,0.753,1,9.87,retry_now,1,1777.72
3574.31,card_declined,card,0.662,2,41.83,request_card_update,0,0.0
5045.91,network_error,upi,0.625,0,0.25,request_alternative_payment,1,5045.91
2234.03,insufficient_funds,upi,0.851,0,40.57,retry_later,0,0.0
18695.78,expired_card,upi,0.681,0,0.25,retry_now,0,0.0
29995.29,network_error,wallet,0.857,3,47.57,retry_later,0,0.0
7330.64,insufficient_funds,card,0.709,2,3.95,retry_now,1,7330.64
4956.73,expired_card,upi,0.904,0,32.15,retry_later,1,4956.73
1774.4,network_error,wallet,0.875,1,21.99,retry_later,0,0.0
17228.85,insufficient_funds,upi,0.925,1,16.64,retry_now,0,0.0
5314.74,card_declined,upi,0.972,0,2.49,retry_now,1,5314.74
3967.38,expired_card,wallet,0.801,4,5.29,request_card_update,0,0.0
7347.63,expired_card,card,0.766,2,51.39,retry_later,0,0.0
3129.49,insufficient_funds,card,0.733,1,0.84,request_alternative_payment,0,0.0
5623.41,network_error,card,0.271,0,18.1,retry_later,0,0.0
1576.91,expired_card,netbanking,0.704,0,11.06,retry_later,1,1576.91
11930.61,expired_card,netbanking,0.784,1,11.07,retry_later,0,0.0
4599.32,insufficient_funds,card,0.703,2,38.34,retry_now,0,0.0
12635.1,card_declined,upi,0.777,1,13.86,retry_now,1,12635.1
4256.85,expired_card,upi,0.908,2,12.19,retry_later,0,0.0
4483.83,insufficient_funds,card,0.941,2,10.78,retry_later,1,4483.83
1895.69,card_declined,netbanking,0.753,2,2.43,request_card_update,0,0.0
9181.99,card_declined,card,0.916,1,38.96,retry_now,1,9181.99
2481.26,card_declined,netbanking,0.623,3,13.64,retry_now,0,0.0
3388.2,network_error,netbanking,0.723,0,34.25,retry_later,1,3388.2
5004.19,insufficient_funds,card,0.923,0,96.0,request_card_update,0,0.0
5509.19,network_error,upi,0.786,2,7.86,retry_now,1,5509.19
1277.06,insufficient_funds,upi,0.737,0,10.28,request_alternative_payment,1,1277.06
4157.0,network_error,card,0.74,0,81.9,request_alternative_payment,0,0.0
9446.29,card_declined,card,0.773,1,0.25,request_card_update,1,9446.29
3694.21,insufficient_funds,netbanking,0.603,1,4.15,retry_now,1,3694.21
4177.25,expired_card,upi,0.399,0,9.66,retry_later,1,4177.25
5693.71,network_error,upi,0.774,1,25.3,retry_now,0,0.0
4520.71,insufficient_funds,card,0.628,0,3.04,retry_later,1,4520.71
2192.46,insufficient_funds,upi,0.834,0,14.08,request_card_update,1,2192.46
4856.71,card_declined,upi,0.887,4,10.6,request_alternative_payment,0,0.0
11075.07,expired_card,card,0.948,0,7.92,request_alternative_payment,0,0.0
2156.52,insufficient_funds,card,0.908,1,29.83,request_alternative_payment,0,0.0
3705.63,expired_card,card,0.712,0,5.61,request_card_update,0,0.0
1655.55,insufficient_funds,upi,0.684,3,10.19,retry_now,0,0.0
10617.92,network_error,card,0.603,0,7.7,retry_now,0,0.0
4643.89,card_declined,netbanking,0.739,0,37.81,request_alternative_payment,1,4643.89
2532.68,insufficient_funds,card,0.679,1,10.41,request_alternative_payment,0,0.0
5383.02,expired_card,netbanking,0.92,0,3.47,retry_later,1,5383.02
1908.96,insufficient_funds,card,0.898,0,6.05,request_alternative_payment,1,1908.96
2187.24,expired_card,upi,0.886,0,4.07,retry_now,1,2187.24
1554.78,insufficient_funds,upi,0.457,1,3.14,request_card_update,1,1554.78
2129.77,insufficient_funds,upi,0.634,3,17.49,retry_now,1,2129.77
14810.08,expired_card,wallet,0.846,1,81.89,request_alternative_payment,0,0.0
2781.37,network_error,card,0.846,2,5.29,retry_later,0,0.0
7260.28,insufficient_funds,card,0.62,4,1.98,retry_now,0,0.0
2561.0,card_declined,card,0.668,2,10.97,retry_now,1,2561.0
9180.35,insufficient_funds,upi,0.732,3,1.48,retry_now,1,9180.35
2200.25,expired_card,netbanking,0.511,2,12.24,request_alternative_payment,0,0.0
5159.4,insufficient_funds,card,0.717,0,14.73,retry_now,0,0.0
5215.94,card_declined,netbanking,0.612,0,10.0,request_alternative_payment,1,5215.94
32190.85,insufficient_funds,card,0.879,0,7.41,request_alternative_payment,0,0.0
8279.46,network_error,wallet,0.803,2,25.31,retry_now,0,0.0
3111.53,expired_card,card,0.686,1,0.25,retry_later,0,0.0
8649.29,network_error,wallet,0.737,1,6.64,retry_later,1,8649.29
27659.73,card_declined,upi,0.907,2,16.0,request_card_update,0,0.0
1357.61,insufficient_funds,wallet,0.576,0,2.17,request_card_update,1,1357.61
2548.37,insufficient_funds,upi,0.484,3,27.35,request_card_update,0,0.0
4136.79,expired_card,card,0.723,1,4.51,retry_later,0,0.0
3581.45,insufficient_funds,netbanking,0.491,1,13.12,retry_now,1,3581.45
3831.41,card_declined,upi,0.549,0,31.43,retry_later,0,0.0
1761.3,card_declined,card,0.821,0,7.94,request_card_update,0,0.0
15372.85,expired_card,upi,0.571,1,1.89,retry_later,0,0.0
1602.16,card_declined,netbanking,0.736,2,31.14,request_card_update,1,1602.16
4259.99,card_declined,upi,0.428,2,11.69,retry_now,0,0.0
11543.27,expired_card,card,0.565,2,17.62,retry_now,0,0.0
4880.71,expired_card,netbanking,0.829,0,0.78,retry_later,1,4880.71
2283.99,card_declined,card,0.822,1,86.54,request_card_update,1,2283.99
1699.78,network_error,card,0.821,1,59.89,request_card_update,0,0.0
4159.68,card_declined,card,0.879,0,3.18,request_alternative_payment,0,0.0
2728.67,card_declined,card,0.847,1,33.89,retry_now,0,0.0
5892.16,insufficient_funds,upi,0.729,0,10.0,retry_later,0,0.0
1629.51,network_error,card,0.75,2,3.35,retry_now,0,0.0
9581.81,network_error,card,0.67,3,10.08,retry_now,0,0.0
5484.23,insufficient_funds,card,0.899,3,22.96,retry_now,0,0.0
5820.04,insufficient_funds,netbanking,0.77,0,9.05,request_card_update,1,5820.04
15836.21,network_error,upi,0.632,1,9.4,retry_now,0,0.0
3522.61,insufficient_funds,upi,0.882,2,0.38,retry_now,1,3522.61
2797.66,network_error,upi,0.978,1,0.25,retry_later,1,2797.66
3225.95,network_error,card,0.892,0,9.9,retry_later,1,3225.95
4286.27,card_declined,netbanking,0.685,1,38.94,request_card_update,0,0.0
4649.06,insufficient_funds,card,0.424,1,25.28,request_card_update,0,0.0
2572.5,card_declined,card,0.686,2,25.9,request_card_update,1,2572.5
991.01,card_declined,card,0.592,2,1.07,request_card_update,0,0.0
3192.15,card_declined,card,0.722,2,0.64,retry_now,1,3192.15
6667.86,network_error,card,0.618,0,3.63,request_alternative_payment,1,6667.86
5575.85,expired_card,upi,0.888,1,10.94,request_card_update,0,0.0
13053.83,insufficient_funds,card,0.675,3,0.25,retry_later,0,0.0
23898.77,network_error,card,0.816,0,23.62,request_card_update,1,23898.77
9178.88,insufficient_funds,upi,0.894,3,10.93,request_alternative_payment,0,0.0
15111.48,network_error,upi,0.82,0,30.18,request_alternative_payment,1,15111.48
9233.68,insufficient_funds,wallet,0.717,4,7.45,request_alternative_payment,0,0.0
19635.86,card_declined,card,0.934,4,44.82,retry_later,0,0.0
21979.73,card_declined,netbanking,0.922,4,19.96,retry_now,0,0.0
10701.35,insufficient_funds,upi,0.823,0,42.94,retry_now,0,0.0
8798.15,expired_card,upi,0.879,3,7.93,request_card_update,0,0.0
4242.92,insufficient_funds,card,0.863,0,48.23,request_card_update,0,0.0
4837.36,insufficient_funds,upi,0.767,0,8.53,retry_now,1,4837.36
3815.87,card_declined,card,0.781,1,22.26,retry_now,0,0.0
8218.92,card_declined,upi,0.865,2,51.82,retry_now,0,0.0
2809.93,insufficient_funds,upi,0.802,0,5.12,request_alternative_payment,1,2809.93
4291.14,insufficient_funds,card,0.782,1,4.12,retry_now,1,4291.14
759.8,insufficient_funds,card,0.729,1,2.26,retry_now,0,0.0
19844.16,expired_card,wallet,0.998,2,20.98,request_alternative_payment,1,19844.16
4191.5,card_declined,upi,0.757,0,3.44,retry_now,0,0.0
7198.71,insufficient_funds,upi,0.908,0,23.33,retry_now,1,7198.71
16049.33,card_declined,wallet,0.837,0,28.04,retry_now,1,16049.33
6357.74,expired_card,card,0.868,1,1.27,request_card_update,1,6357.74
15877.66,expired_card,upi,0.553,1,57.42,request_card_update,0,0.0
1851.6,insufficient_funds,netbanking,0.524,1,0.83,request_alternative_payment,0,0.0
34033.29,network_error,card,0.968,1,1.12,retry_later,1,34033.29
11930.83,insufficient_funds,card,0.725,1,4.55,request_card_update,1,11930.83
5910.91,insufficient_funds,netbanking,0.62,0,26.73,retry_now,0,0.0
15634.83,expired_card,card,0.73,0,15.26,retry_now,0,0.0
1963.11,expired_card,card,0.852,1,33.63,retry_later,0,0.0
3969.13,insufficient_funds,card,0.479,3,1.01,retry_now,0,0.0
15876.47,expired_card,netbanking,0.625,1,16.67,retry_later,0,0.0
1122.76,network_error,upi,0.357,1,7.43,request_card_update,1,1122.76
7828.76,network_error,card,0.844,2,25.22,retry_now,1,7828.76
7653.62,network_error,card,0.879,1,8.01,request_card_update,1,7653.62
24162.9,card_declined,card,0.68,0,20.85,request_card_update,0,0.0
1409.27,expired_card,upi,0.345,1,1.68,retry_later,0,0.0
18122.29,insufficient_funds,netbanking,0.497,0,1.53,request_card_update,1,18122.29
3195.88,card_declined,card,0.777,3,7.07,request_alternative_payment,0,0.0
3496.74,insufficient_funds,upi,0.552,4,12.57,retry_later,0,0.0
1881.06,network_error,upi,0.706,0,21.81,request_card_update,0,0.0
2094.17,insufficient_funds,netbanking,0.922,1,13.54,request_card_update,0,0.0
6905.07,card_declined,upi,0.717,0,46.23,retry_later,0,0.0
2053.55,network_error,card,0.856,0,12.79,request_alternative_payment,1,2053.55
9040.06,insufficient_funds,upi,0.511,0,11.79,retry_later,0,0.0
2941.93,insufficient_funds,upi,0.799,0,3.76,request_alternative_payment,1,2941.93
1894.61,insufficient_funds,upi,0.518,2,1.38,retry_later,0,0.0
3277.86,network_error,card,0.856,1,45.63,retry_now,0,0.0
6545.67,insufficient_funds,card,0.882,2,43.74,request_card_update,0,0.0
4005.05,card_declined,card,0.962,4,2.89,retry_now,0,0.0
5138.73,card_declined,card,0.959,3,60.24,retry_later,0,0.0
8726.84,expired_card,card,0.599,0,75.17,request_alternative_payment,0,0.0
11886.16,network_error,card,0.36,1,2.18,retry_now,0,0.0
3901.5,insufficient_funds,card,0.748,3,49.69,retry_later,0,0.0
2168.55,expired_card,card,0.8,4,5.7,request_alternative_payment,0,0.0
5313.83,network_error,wallet,0.541,2,1.01,retry_later,1,5313.83
7286.02,network_error,upi,0.915,0,9.98,retry_now,1,7286.02
1554.04,card_declined,card,0.78,1,5.54,request_alternative_payment,0,0.0
2452.12,insufficient_funds,upi,0.674,0,5.81,request_alternative_payment,1,2452.12
2812.54,network_error,upi,0.639,0,25.95,retry_now,1,2812.54
4234.14,card_declined,card,0.585,0,0.98,retry_later,1,4234.14
2719.94,insufficient_funds,upi,0.58,2,37.33,request_alternative_payment,0,0.0
8802.81,insufficient_funds,card,0.438,2,7.18,request_alternative_payment,1,8802.81
1384.49,insufficient_funds,upi,0.624,1,9.29,retry_now,0,0.0
1412.93,card_declined,card,0.881,3,49.22,retry_now,0,0.0
3827.94,insufficient_funds,upi,0.699,2,77.13,retry_later,1,3827.94
4344.52,network_error,card,0.729,1,10.75,request_alternative_payment,1,4344.52
1561.62,network_error,card,0.779,2,5.51,retry_later,1,1561.62
3077.26,insufficient_funds,upi,0.739,0,12.87,request_card_update,0,0.0
3627.71,insufficient_funds,card,0.689,1,11.92,retry_now,1,3627.71
3650.26,insufficient_funds,card,0.457,0,3.77,request_alternative_payment,1,3650.26
5645.98,card_declined,card,0.924,3,2.94,request_card_update,0,0.0
2945.19,network_error,upi,0.264,0,10.73,retry_later,0,0.0
16308.83,card_declined,upi,0.73,0,21.36,retry_later,0,0.0
7389.07,expired_card,netbanking,0.812,2,14.05,request_alternative_payment,0,0.0
2621.5,expired_card,upi,0.736,3,20.2,request_alternative_payment,1,2621.5
5392.7,insufficient_funds,wallet,0.826,2,26.27,request_card_update,0,0.0
5521.5,network_error,card,0.653,0,35.38,request_card_update,0,0.0
13213.18,card_declined,upi,0.907,4,2.95,request_card_update,0,0.0
3092.97,card_declined,card,0.626,0,16.66,retry_later,1,3092.97
9237.85,insufficient_funds,card,0.713,0,6.64,retry_now,1,9237.85
5170.25,insufficient_funds,upi,0.653,0,21.14,request_alternative_payment,0,0.0
16488.96,network_error,wallet,0.906,0,14.97,retry_now,0,0.0
14043.38,card_declined,netbanking,0.807,1,73.31,request_card_update,0,0.0
5853.39,insufficient_funds,card,0.986,2,34.9,retry_now,0,0.0
4053.63,insufficient_funds,upi,0.613,1,13.15,retry_now,0,0.0
7498.65,card_declined,card,0.574,1,10.83,retry_later,0,0.0
4327.88,network_error,upi,0.939,1,11.68,request_alternative_payment,1,4327.88
19176.46,card_declined,card,0.859,3,2.14,retry_now,1,19176.46
5323.94,insufficient_funds,card,0.573,0,4.32,request_alternative_payment,1,5323.94
3614.39,insufficient_funds,card,0.811,1,8.58,request_alternative_payment,1,3614.39
3461.65,network_error,wallet,0.419,3,0.94,retry_now,0,0.0
1894.6,network_error,card,0.806,0,4.58,request_card_update,1,1894.6
7804.38,insufficient_funds,card,0.689,0,35.87,retry_now,1,7804.38
2594.59,card_declined,card,0.845,0,8.98,retry_now,1,2594.59
12036.65,card_declined,upi,0.856,2,25.62,request_card_update,1,12036.65
1777.29,network_error,card,0.516,0,3.58,request_alternative_payment,0,0.0
5535.77,insufficient_funds,upi,0.746,0,8.06,request_alternative_payment,0,0.0
12548.7,card_declined,card,0.915,1,3.32,retry_now,0,0.0
893.72,expired_card,card,0.515,1,24.21,retry_later,0,0.0
25129.7,card_declined,card,0.673,3,1.7,retry_now,0,0.0
3558.04,insufficient_funds,card,0.696,1,24.36,request_card_update,0,0.0
5597.47,insufficient_funds,upi,0.882,3,3.25,retry_later,0,0.0
7897.9,insufficient_funds,card,0.865,1,26.72,request_card_update,1,7897.9
8938.26,expired_card,upi,0.856,1,0.82,request_card_update,1,8938.26
6224.82,expired_card,card,0.907,1,20.92,retry_later,0,0.0
11104.45,insufficient_funds,card,0.388,0,0.25,retry_later,1,11104.45
7573.8,expired_card,card,0.879,0,31.01,request_card_update,0,0.0
20453.27,insufficient_funds,upi,0.719,0,96.0,request_alternative_payment,0,0.0
7593.56,card_declined,card,0.653,0,22.19,request_alternative_payment,0,0.0
24074.33,network_error,upi,0.869,2,18.13,request_card_update,1,24074.33
10281.04,card_declined,netbanking,0.751,2,9.96,retry_later,1,10281.04
1179.2,card_declined,card,0.752,0,0.3,request_alternative_payment,1,1179.2
40379.41,card_declined,card,0.849,0,33.1,request_card_update,0,0.0
3158.07,insufficient_funds,card,0.793,0,40.59,retry_later,0,0.0
16541.51,expired_card,card,0.749,1,11.7,request_alternative_payment,1,16541.51
5108.33,insufficient_funds,card,0.886,1,20.61,retry_later,1,5108.33
11685.05,insufficient_funds,upi,0.955,3,2.26,request_card_update,0,0.0
2882.49,expired_card,upi,0.523,3,12.25,retry_later,0,0.0
8248.52,card_declined,upi,0.546,3,3.11,retry_later,1,8248.52
4083.22,card_declined,card,0.679,2,5.74,retry_now,0,0.0
17683.65,insufficient_funds,upi,0.665,2,12.68,request_card_update,1,17683.65
7101.97,insufficient_funds,netbanking,0.692,2,8.2,retry_now,0,0.0
10571.82,insufficient_funds,upi,0.753,0,66.73,retry_now,0,0.0
885.3,card_declined,upi,0.927,1,6.86,request_alternative_payment,0,0.0
4669.16,card_declined,upi,0.681,1,53.28,retry_now,1,4669.16
6944.01,card_declined,upi,0.857,1,9.86,request_alternative_payment,1,6944.01
5979.46,expired_card,card,0.689,1,30.9,request_card_update,1,5979.46
10787.24,expired_card,upi,0.833,0,4.36,retry_now,0,0.0
3731.14,insufficient_funds,upi,0.817,2,42.56,retry_now,0,0.0
5199.01,expired_card,card,0.755,0,1.18,retry_later,0,0.0
12863.83,expired_card,card,0.81,0,43.49,request_card_update,0,0.0
807.74,expired_card,card,0.706,2,48.75,retry_now,0,0.0
8011.82,network_error,upi,0.589,3,11.19,request_card_update,1,8011.82
3827.95,insufficient_funds,card,0.792,3,11.64,retry_later,0,0.0
2409.9,insufficient_funds,netbanking,0.872,4,24.89,request_alternative_payment,0,0.0
6544.82,expired_card,wallet,0.509,0,15.65,request_alternative_payment,0,0.0
13348.43,card_declined,wallet,0.782,1,8.75,retry_later,1,13348.43
11481.68,expired_card,card,0.899,0,48.21,retry_now,1,11481.68
4487.73,network_error,upi,0.72,1,4.55,retry_later,1,4487.73
10074.73,insufficient_funds,netbanking,0.615,2,0.25,request_alternative_payment,1,10074.73
10013.08,card_declined,upi,0.971,4,15.67,retry_now,0,0.0
4662.45,expired_card,card,0.849,4,24.08,retry_now,0,0.0
2871.9,insufficient_funds,netbanking,0.807,1,11.95,request_alternative_payment,0,0.0
3007.93,network_error,upi,0.675,1,3.8,retry_now,1,3007.93
9773.95,expired_card,upi,0.745,1,3.13,retry_later,0,0.0
4834.22,insufficient_funds,wallet,0.867,1,56.6,request_card_update,0,0.0
2165.16,insufficient_funds,wallet,0.918,0,8.49,retry_now,0,0.0
1298.94,card_declined,upi,0.581,1,12.17,request_alternative_payment,1,1298.94
9726.98,network_error,card,0.884,0,24.94,retry_now,1,9726.98
3228.49,card_declined,upi,0.84,0,47.35,retry_now,0,0.0
6512.66,insufficient_funds,upi,0.982,4,6.23,retry_later,0,0.0
13479.95,insufficient_funds,upi,0.754,0,38.97,retry_now,1,13479.95
1754.7,card_declined,card,0.815,1,6.76,request_alternative_payment,0,0.0
4822.67,insufficient_funds,upi,0.778,2,26.27,request_card_update,1,4822.67
4361.79,insufficient_funds,upi,0.79,1,6.19,retry_now,1,4361.79
6774.95,network_error,wallet,0.875,3,9.91,retry_now,1,6774.95
13474.05,insufficient_funds,netbanking,0.653,3,37.74,request_alternative_payment,0,0.0
1726.12,network_error,card,0.417,0,4.19,request_alternative_payment,1,1726.12
7887.48,expired_card,upi,0.795,1,2.42,retry_now,0,0.0
11411.9,card_declined,upi,0.607,0,19.33,request_alternative_payment,0,0.0
4307.41,card_declined,upi,0.827,3,30.06,retry_later,0,0.0
4479.36,insufficient_funds,card,0.768,0,3.73,request_card_update,0,0.0
6988.02,card_declined,upi,0.853,2,42.49,request_alternative_payment,1,6988.02
6588.28,card_declined,upi,0.694,2,11.94,retry_later,0,0.0
7967.1,insufficient_funds,upi,0.854,3,10.64,request_alternative_payment,0,0.0
7833.91,card_declined,wallet,0.646,1,24.83,request_alternative_payment,1,7833.91
2279.28,insufficient_funds,wallet,0.58,1,1.58,retry_later,1,2279.28
11041.39,insufficient_funds,netbanking,0.641,1,26.29,retry_now,0,0.0
12716.04,network_error,wallet,0.96,0,2.82,request_alternative_payment,1,12716.04
5802.59,card_declined,upi,0.383,0,16.8,request_card_update,0,0.0
1513.03,insufficient_funds,wallet,0.674,2,13.44,request_alternative_payment,0,0.0
4561.45,insufficient_funds,wallet,0.945,1,12.09,retry_later,0,0.0
5841.35,insufficient_funds,upi,0.855,3,3.3,request_card_update,0,0.0
2001.22,card_declined,card,0.904,0,2.65,retry_now,1,2001.22
3748.39,card_declined,card,0.821,0,48.37,retry_later,1,3748.39
1619.22,insufficient_funds,upi,0.966,1,3.48,retry_now,0,0.0
8127.65,card_declined,upi,0.728,0,28.66,request_alternative_payment,1,8127.65
5709.9,expired_card,upi,0.74,2,9.27,retry_later,0,0.0
1340.19,card_declined,netbanking,0.698,0,0.25,request_card_update,0,0.0
6623.41,card_declined,netbanking,0.596,1,5.24,retry_now,0,0.0
4779.0,card_declined,card,0.727,0,5.77,request_alternative_payment,0,0.0
7557.72,expired_card,card,0.822,1,0.68,request_alternative_payment,0,0.0
3655.42,expired_card,upi,0.599,1,6.07,retry_later,1,3655.42
2633.34,insufficient_funds,card,0.842,1,18.99,request_alternative_payment,0,0.0
2698.68,insufficient_funds,wallet,0.838,4,46.83,retry_now,0,0.0
3250.8,insufficient_funds,netbanking,0.712,2,7.82,retry_now,0,0.0
5075.87,network_error,upi,0.785,1,4.77,request_card_update,1,5075.87
5628.28,insufficient_funds,upi,0.547,2,19.64,retry_later,0,0.0
4292.47,expired_card,netbanking,0.86,2,12.94,retry_now,0,0.0
3563.64,insufficient_funds,netbanking,0.936,4,2.24,retry_later,0,0.0
3774.68,card_declined,upi,0.696,0,6.31,retry_later,0,0.0
37174.3,insufficient_funds,wallet,0.691,2,55.62,retry_now,0,0.0
2698.94,card_declined,upi,0.672,0,27.49,retry_now,0,0.0
3199.71,card_declined,card,0.907,0,23.19,request_alternative_payment,1,3199.71
50000.0,network_error,upi,0.593,2,34.3,request_card_update,0,0.0
7002.37,card_declined,netbanking,0.841,1,22.64,request_alternative_payment,0,0.0
1657.74,card_declined,wallet,0.559,2,1.23,request_alternative_payment,0,0.0
9811.82,network_error,card,0.909,1,1.9,request_alternative_payment,0,0.0
2414.29,expired_card,card,0.693,0,22.77,retry_now,0,0.0
10346.9,network_error,upi,0.73,1,28.3,retry_now,0,0.0
4223.52,network_error,netbanking,0.643,1,23.37,request_alternative_payment,1,4223.52
3516.97,card_declined,upi,0.912,0,20.89,request_alternative_payment,0,0.0
18115.54,expired_card,card,0.275,1,2.07,retry_later,0,0.0
7866.07,card_declined,netbanking,0.808,1,54.79,request_alternative_payment,1,7866.07
10889.83,expired_card,upi,0.819,0,30.72,retry_later,1,10889.83
7080.71,network_error,netbanking,0.754,2,25.91,retry_now,0,0.0
3503.92,insufficient_funds,netbanking,0.789,1,29.56,retry_now,1,3503.92
8154.1,insufficient_funds,card,0.418,0,21.48,retry_now,0,0.0
13155.11,network_error,wallet,0.954,1,11.24,retry_later,1,13155.11
5569.07,network_error,upi,0.784,0,6.51,retry_later,0,0.0
21131.23,card_declined,wallet,0.868,3,26.13,request_card_update,0,0.0
9873.24,expired_card,card,0.77,1,7.95,request_alternative_payment,1,9873.24
5924.07,card_declined,netbanking,0.643,0,23.85,retry_now,1,5924.07
6114.28,insufficient_funds,card,0.931,2,3.38,retry_later,1,6114.28
5580.22,card_declined,card,0.487,0,19.76,request_card_update,0,0.0
1837.58,insufficient_funds,wallet,0.74,4,5.05,request_card_update,0,0.0
4652.39,card_declined,card,0.672,0,10.02,request_card_update,1,4652.39
5967.85,expired_card,card,0.678,0,5.05,request_alternative_payment,0,0.0
3584.32,insufficient_funds,netbanking,0.673,4,1.76,request_alternative_payment,1,3584.32
6550.75,network_error,card,0.798,3,13.97,request_alternative_payment,0,0.0
5085.96,network_error,upi,0.895,0,4.32,request_alternative_payment,1,5085.96
9284.92,insufficient_funds,wallet,0.981,1,32.78,retry_now,1,9284.92
8498.82,network_error,upi,0.96,3,53.33,retry_later,1,8498.82
5715.38,network_error,card,0.746,0,2.07,retry_later,0,0.0
1674.76,card_declined,upi,0.641,3,2.67,request_alternative_payment,1,1674.76
20947.43,insufficient_funds,upi,0.854,1,41.64,retry_now,0,0.0
4463.46,insufficient_funds,card,0.876,2,59.78,request_card_update,0,0.0
4686.7,card_declined,upi,0.805,2,7.1,retry_now,0,0.0
3801.6,insufficient_funds,card,0.852,2,0.25,request_card_update,0,0.0
3382.82,insufficient_funds,card,0.499,0,0.29,retry_later,0,0.0
17196.13,expired_card,card,0.906,4,10.38,request_alternative_payment,0,0.0
15154.13,network_error,wallet,0.644,1,6.07,request_alternative_payment,0,0.0
7134.57,network_error,card,0.657,0,5.06,retry_later,1,7134.57
4587.97,expired_card,card,0.521,2,3.14,request_alternative_payment,0,0.0
8204.91,insufficient_funds,wallet,0.573,0,8.02,retry_now,1,8204.91
5304.08,insufficient_funds,card,0.622,0,3.12,request_card_update,1,5304.08
4294.18,network_error,wallet,0.952,2,28.24,retry_later,1,4294.18
6553.0,card_declined,netbanking,0.965,2,0.25,request_alternative_payment,1,6553.0
3513.15,insufficient_funds,upi,0.95,1,6.81,retry_now,1,3513.15
6118.09,network_error,card,0.84,0,3.69,retry_now,0,0.0
5887.4,insufficient_funds,card,0.858,0,1.85,retry_later,0,0.0
8099.37,card_declined,card,0.873,0,27.46,request_alternative_payment,1,8099.37
3046.91,card_declined,card,0.574,2,9.18,request_card_update,0,0.0
8824.63,card_declined,upi,0.209,0,37.97,retry_now,0,0.0
2421.5,insufficient_funds,card,0.875,3,7.43,request_card_update,0,0.0
3162.57,insufficient_funds,netbanking,0.592,4,14.42,request_card_update,1,3162.57
3274.93,expired_card,card,0.915,3,45.82,request_card_update,0,0.0
2120.81,expired_card,card,0.789,1,2.36,retry_now,0,0.0
11268.01,card_declined,card,0.691,1,11.87,retry_now,0,0.0
2302.96,insufficient_funds,card,0.439,1,1.08,request_alternative_payment,0,0.0
2858.52,card_declined,netbanking,0.759,1,1.7,retry_later,0,0.0
13650.34,insufficient_funds,upi,0.575,3,21.03,request_card_update,1,13650.34
3167.59,insufficient_funds,card,0.813,3,30.57,request_card_update,0,0.0
4301.33,insufficient_funds,upi,0.521,0,1.22,retry_later,0,0.0
2225.13,insufficient_funds,upi,0.253,0,80.41,request_alternative_payment,1,2225.13
9735.69,insufficient_funds,netbanking,0.548,1,26.46,retry_later,0,0.0
9843.65,insufficient_funds,card,0.637,0,15.44,request_card_update,0,0.0
9030.38,network_error,upi,0.721,2,81.48,request_alternative_payment,0,0.0
7686.47,card_declined,card,0.827,2,13.57,retry_later,0,0.0
5303.19,card_declined,card,0.723,2,10.78,retry_later,0,0.0
3286.87,insufficient_funds,upi,0.693,0,0.42,retry_now,0,0.0
2605.08,expired_card,card,0.863,2,40.45,request_card_update,0,0.0
14032.31,insufficient_funds,upi,0.484,0,32.48,request_alternative_payment,0,0.0
9219.14,insufficient_funds,upi,0.613,1,25.11,retry_now,1,9219.14
2871.39,card_declined,card,0.848,2,6.09,retry_later,1,2871.39
5161.89,network_error,wallet,0.722,0,58.48,retry_now,1,5161.89
3932.78,network_error,card,0.614,3,19.04,request_alternative_payment,0,0.0
2027.63,card_declined,netbanking,0.989,0,9.14,request_card_update,1,2027.63
5763.58,insufficient_funds,upi,0.858,3,9.63,request_alternative_payment,0,0.0
3586.02,insufficient_funds,card,0.831,3,7.96,retry_later,0,0.0
2333.59,card_declined,card,0.79,1,21.82,retry_later,0,0.0
1531.32,insufficient_funds,upi,0.614,0,10.06,request_card_update,1,1531.32
1431.03,insufficient_funds,netbanking,0.76,0,2.65,request_card_update,0,0.0
3714.7,insufficient_funds,upi,0.351,2,13.29,request_alternative_payment,0,0.0
4670.95,expired_card,card,0.789,0,22.09,retry_later,1,4670.95
2482.33,insufficient_funds,card,0.79,3,10.76,request_card_update,0,0.0
8415.11,insufficient_funds,netbanking,0.968,1,68.16,retry_now,1,8415.11
4744.57,expired_card,netbanking,0.898,2,38.28,retry_later,0,0.0
7932.32,network_error,card,0.841,2,48.93,retry_later,0,0.0
4319.37,card_declined,netbanking,0.83,2,72.16,request_card_update,0,0.0
2663.77,network_error,upi,0.881,0,16.47,request_card_update,1,2663.77
5477.96,insufficient_funds,upi,0.704,2,50.12,retry_later,0,0.0
1820.84,network_error,upi,0.894,2,8.27,request_card_update,0,0.0
7698.22,insufficient_funds,card,0.936,1,1.68,request_alternative_payment,0,0.0
2362.5,expired_card,card,0.834,3,16.36,request_card_update,1,2362.5
10423.09,insufficient_funds,upi,0.59,1,2.58,request_alternative_payment,1,10423.09
3813.98,card_declined,wallet,0.919,1,2.67,retry_later,0,0.0
11698.55,card_declined,upi,0.767,1,2.3,retry_now,0,0.0
2036.72,insufficient_funds,card,0.816,2,1.52,request_card_update,0,0.0
2907.29,card_declined,card,0.766,3,23.31,request_card_update,1,2907.29
6781.42,network_error,upi,0.783,1,15.33,retry_later,0,0.0
12753.88,insufficient_funds,upi,0.737,1,7.12,retry_now,1,12753.88
18967.46,expired_card,card,0.645,1,29.94,request_alternative_payment,1,18967.46
5168.23,insufficient_funds,card,0.568,3,18.38,request_card_update,1,5168.23
21750.45,card_declined,upi,0.598,0,26.92,request_alternative_payment,0,0.0
3965.79,card_declined,card,0.845,3,0.58,retry_later,0,0.0
12042.62,card_declined,card,0.646,2,0.25,request_card_update,1,12042.62
2353.0,network_error,upi,0.49,1,16.21,request_alternative_payment,0,0.0
6997.82,network_error,card,0.626,3,20.7,request_card_update,0,0.0
768.04,card_declined,card,0.858,2,9.15,retry_later,0,0.0
2038.4,card_declined,card,0.86,3,13.88,request_alternative_payment,1,2038.4
7262.9,card_declined,card,0.979,1,23.89,request_alternative_payment,0,0.0
1749.77,card_declined,wallet,0.8,2,10.03,retry_now,0,0.0
7035.7,insufficient_funds,upi,0.736,1,44.69,request_alternative_payment,0,0.0
10325.37,insufficient_funds,card,0.58,1,5.27,retry_now,0,0.0
3348.06,card_declined,card,0.924,0,6.62,retry_later,1,3348.06
2303.14,expired_card,card,0.66,1,6.92,retry_later,1,2303.14
3421.53,insufficient_funds,netbanking,0.433,0,2.98,request_card_update,1,3421.53
2308.94,card_declined,upi,0.525,3,21.91,request_alternative_payment,0,0.0
4611.1,insufficient_funds,upi,0.978,0,6.2,request_card_update,1,4611.1
5425.5,card_declined,card,0.898,1,9.9,retry_now,0,0.0
3914.27,network_error,wallet,0.878,4,17.16,request_card_update,1,3914.27
19085.43,network_error,netbanking,0.72,1,5.38,retry_now,1,19085.43
2812.05,network_error,card,0.6,0,31.55,request_card_update,1,2812.05
15219.61,network_error,card,0.916,1,1.06,retry_now,1,15219.61
2173.73,insufficient_funds,card,0.562,4,10.31,retry_now,1,2173.73
5299.75,card_declined,upi,0.562,4,20.59,retry_now,0,0.0
12883.18,insufficient_funds,card,0.809,2,22.81,request_card_update,1,12883.18
12360.72,expired_card,card,0.753,2,5.31,retry_now,0,0.0
3572.38,network_error,upi,0.755,1,3.48,request_alternative_payment,1,3572.38
7795.09,insufficient_funds,upi,0.823,1,50.44,retry_later,0,0.0
7003.3,insufficient_funds,card,0.464,1,14.49,retry_now,1,7003.3
3246.2,card_declined,upi,0.655,1,13.95,retry_now,1,3246.2
8184.14,expired_card,card,0.685,2,2.16,request_alternative_payment,0,0.0
22185.34,insufficient_funds,upi,0.497,3,1.56,retry_later,0,0.0
7292.15,card_declined,netbanking,0.667,3,23.63,request_alternative_payment,0,0.0
7865.79,insufficient_funds,upi,0.599,0,5.32,request_alternative_payment,0,0.0
8560.53,card_declined,wallet,0.71,0,19.7,retry_later,1,8560.53
1553.73,card_declined,upi,0.492,4,7.16,retry_later,0,0.0
7225.51,insufficient_funds,netbanking,0.788,0,43.24,retry_now,0,0.0
2216.72,network_error,upi,0.631,1,10.87,retry_later,0,0.0
3119.05,insufficient_funds,card,0.624,0,1.05,request_alternative_payment,1,3119.05
28190.68,network_error,wallet,0.814,0,10.7,request_card_update,1,28190.68
4082.99,insufficient_funds,upi,0.642,1,2.29,retry_now,0,0.0
2765.71,card_declined,wallet,0.625,0,22.48,retry_later,0,0.0
12572.4,insufficient_funds,upi,0.716,1,15.91,retry_later,0,0.0
2342.68,card_declined,upi,0.77,1,20.73,request_alternative_payment,1,2342.68
3495.59,insufficient_funds,card,0.674,1,34.84,request_card_update,0,0.0
13581.11,card_declined,card,0.973,2,15.36,request_card_update,1,13581.11
5174.03,insufficient_funds,upi,0.895,1,40.11,request_alternative_payment,1,5174.03
1433.56,card_declined,wallet,0.55,0,25.6,retry_now,0,0.0
7726.3,network_error,netbanking,0.946,2,1.32,retry_now,1,7726.3
3641.02,card_declined,upi,0.856,2,9.43,retry_now,0,0.0
17138.36,card_declined,card,0.89,1,35.19,request_alternative_payment,0,0.0
3078.64,card_declined,card,0.97,0,1.21,retry_now,0,0.0
11593.2,card_declined,card,0.755,3,4.27,retry_later,0,0.0
20697.16,expired_card,wallet,0.56,0,7.72,retry_later,0,0.0
2531.17,card_declined,upi,0.688,0,3.8,request_alternative_payment,0,0.0
4283.92,expired_card,upi,0.756,0,9.47,request_alternative_payment,0,0.0
6823.27,expired_card,netbanking,0.583,1,7.84,retry_later,0,0.0
2518.24,card_declined,card,0.91,1,11.52,retry_later,0,0.0
6206.98,card_declined,wallet,0.866,3,2.52,retry_now,0,0.0
4176.62,network_error,upi,0.726,1,26.44,retry_now,0,0.0
4109.84,network_error,card,0.789,0,31.32,retry_later,0,0.0
5199.64,insufficient_funds,upi,0.855,2,14.88,retry_later,1,5199.64
5293.34,insufficient_funds,card,0.767,0,13.76,request_card_update,0,0.0
5700.44,insufficient_funds,upi,0.862,3,7.31,retry_later,0,0.0
3096.82,network_error,card,0.921,0,59.42,retry_now,1,3096.82
3206.89,network_error,card,0.709,1,1.87,request_alternative_payment,1,3206.89
4547.46,insufficient_funds,upi,0.702,4,14.92,request_alternative_payment,1,4547.46
4824.14,card_declined,card,0.94,2,25.25,retry_later,1,4824.14
3519.64,network_error,card,0.827,0,8.52,request_card_update,1,3519.64
6479.15,expired_card,netbanking,0.421,2,46.25,retry_now,0,0.0
1170.73,insufficient_funds,card,0.514,0,22.09,retry_later,0,0.0
2787.28,insufficient_funds,upi,0.601,0,4.61,request_card_update,1,2787.28
3996.81,insufficient_funds,upi,0.862,1,61.13,retry_now,0,0.0
2520.72,card_declined,card,0.886,4,6.29,retry_now,1,2520.72
18408.2,insufficient_funds,wallet,0.539,1,3.14,request_card_update,0,0.0
5076.02,insufficient_funds,card,0.599,0,0.25,request_alternative_payment,1,5076.02
5759.52,network_error,card,0.643,1,18.73,retry_later,0,0.0
3396.87,card_declined,card,0.604,3,18.11,retry_now,0,0.0
4937.28,insufficient_funds,upi,0.661,1,70.91,retry_now,0,0.0
1891.24,card_declined,card,0.906,0,1.15,retry_now,0,0.0
4364.85,insufficient_funds,card,0.481,4,10.58,retry_later,0,0.0
2362.76,card_declined,upi,0.693,3,62.5,retry_now,1,2362.76
4004.89,card_declined,upi,0.699,1,2.12,request_alternative_payment,0,0.0
645.01,insufficient_funds,card,0.525,2,32.25,request_card_update,1,645.01
2027.97,insufficient_funds,card,0.762,0,7.42,retry_later,1,2027.97
16128.36,expired_card,card,0.716,0,1.76,request_card_update,0,0.0
9715.83,expired_card,card,0.785,1,1.22,request_alternative_payment,1,9715.83
14363.2,insufficient_funds,upi,0.746,3,33.79,request_card_update,0,0.0
15174.48,card_declined,card,0.699,2,9.12,retry_later,0,0.0
8566.23,insufficient_funds,card,0.808,4,0.41,request_alternative_payment,0,0.0
3480.39,network_error,card,0.902,2,4.87,request_alternative_payment,0,0.0
2180.68,expired_card,upi,0.424,2,35.98,request_card_update,0,0.0
12513.82,card_declined,upi,0.94,2,9.47,request_card_update,1,12513.82
5265.06,card_declined,card,0.929,0,3.12,retry_now,1,5265.06
36769.04,card_declined,upi,0.907,2,11.9,request_card_update,0,0.0
3733.55,insufficient_funds,upi,0.792,0,28.66,retry_now,1,3733.55
24233.95,card_declined,card,0.851,1,32.55,request_alternative_payment,0,0.0
4410.57,insufficient_funds,card,0.773,1,24.49,request_alternative_payment,1,4410.57
14559.98,network_error,card,0.972,2,16.16,retry_later,1,14559.98
19429.48,card_declined,netbanking,0.577,3,12.71,request_card_update,1,19429.48
2205.77,insufficient_funds,card,0.683,0,9.23,request_card_update,0,0.0
3392.07,card_declined,card,0.691,3,1.86,retry_now,0,0.0
2188.15,network_error,upi,0.445,2,37.49,retry_later,0,0.0
1869.15,card_declined,upi,0.895,1,5.41,request_card_update,1,1869.15
8525.75,card_declined,netbanking,0.88,2,21.73,request_card_update,0,0.0
4272.23,network_error,card,0.51,0,14.43,retry_now,0,0.0
5213.91,insufficient_funds,card,0.601,0,3.34,retry_now,1,5213.91
7802.38,card_declined,upi,0.613,0,25.29,request_card_update,0,0.0
1131.48,card_declined,upi,0.652,1,40.51,retry_later,0,0.0
13997.11,insufficient_funds,wallet,0.771,1,35.88,request_card_update,0,0.0
3781.66,expired_card,upi,0.911,0,10.89,request_alternative_payment,0,0.0
7655.0,card_declined,upi,0.411,2,4.12,retry_later,1,7655.0
8215.38,insufficient_funds,card,0.775,1,9.78,request_alternative_payment,1,8215.38
14970.4,insufficient_funds,wallet,0.796,2,46.15,request_alternative_payment,0,0.0
4597.68,expired_card,upi,0.53,0,26.41,request_card_update,0,0.0
914.41,expired_card,card,0.981,1,12.8,retry_later,0,0.0
5233.81,insufficient_funds,upi,0.801,3,6.27,retry_later,0,0.0
5870.87,card_declined,upi,0.857,3,6.86,request_alternative_payment,0,0.0
2185.9,insufficient_funds,card,0.554,2,2.77,retry_later,1,2185.9
5626.18,network_error,upi,0.752,1,1.56,request_alternative_payment,1,5626.18
3745.75,card_declined,upi,0.88,3,30.22,retry_now,0,0.0
1707.85,insufficient_funds,card,0.759,0,4.14,request_card_update,0,0.0
8555.94,card_declined,wallet,0.806,0,9.43,request_alternative_payment,0,0.0
3185.02,expired_card,wallet,0.757,2,4.84,request_alternative_payment,0,0.0
3612.26,insufficient_funds,card,0.388,1,14.65,request_card_update,0,0.0
3453.45,insufficient_funds,card,0.853,0,7.71,retry_later,0,0.0
13434.43,expired_card,netbanking,0.852,3,55.23,retry_now,0,0.0
4838.98,insufficient_funds,card,0.808,0,15.07,request_alternative_payment,1,4838.98
5326.62,card_declined,wallet,0.683,2,0.49,request_alternative_payment,0,0.0
3514.61,card_declined,card,0.805,1,59.6,retry_now,1,3514.61
7240.8,insufficient_funds,upi,0.67,1,4.87,retry_later,0,0.0
14715.37,insufficient_funds,upi,0.948,1,2.48,request_alternative_payment,1,14715.37
8395.76,insufficient_funds,card,0.695,0,0.25,request_alternative_payment,1,8395.76
8661.88,insufficient_funds,upi,0.76,0,6.46,request_card_update,1,8661.88
8120.75,card_declined,card,0.723,2,8.89,retry_now,0,0.0
1657.39,network_error,card,0.649,1,4.98,request_alternative_payment,1,1657.39
2480.71,insufficient_funds,card,0.944,1,63.0,retry_later,0,0.0
4243.75,network_error,card,0.818,1,60.68,retry_now,0,0.0
2797.56,card_declined,card,0.687,1,1.01,request_card_update,1,2797.56
2133.59,insufficient_funds,card,0.683,0,14.71,request_alternative_payment,1,2133.59
1118.17,card_declined,card,0.825,0,13.36,request_card_update,1,1118.17
1702.7,insufficient_funds,card,0.77,2,7.84,retry_later,0,0.0
4072.34,card_declined,card,0.868,2,7.19,request_alternative_payment,1,4072.34
4729.87,insufficient_funds,netbanking,0.558,0,18.66,retry_now,1,4729.87
2651.15,network_error,card,0.574,0,13.28,retry_now,0,0.0
5325.88,expired_card,upi,0.898,1,0.89,retry_later,1,5325.88
3533.79,insufficient_funds,card,0.831,2,60.4,request_alternative_payment,0,0.0
11963.94,expired_card,card,0.897,1,2.79,retry_now,1,11963.94
4393.55,insufficient_funds,card,0.645,0,17.81,request_alternative_payment,1,4393.55
8727.71,insufficient_funds,card,0.789,2,3.3,request_card_update,0,0.0
5882.66,insufficient_funds,upi,0.69,0,43.47,retry_later,1,5882.66
1628.7,network_error,upi,0.753,1,0.25,retry_now,1,1628.7
4650.21,network_error,card,0.914,0,15.72,retry_later,1,4650.21
1860.67,expired_card,card,0.611,1,42.44,request_alternative_payment,0,0.0
4585.69,network_error,netbanking,0.91,1,5.14,retry_now,1,4585.69
2754.77,card_declined,card,0.929,1,25.79,request_alternative_payment,0,0.0
6787.0,expired_card,netbanking,0.652,0,45.5,request_alternative_payment,0,0.0
1708.4,expired_card,upi,0.686,1,7.96,request_alternative_payment,0,0.0
5059.15,network_error,card,0.661,1,7.11,request_alternative_payment,1,5059.15
7904.01,card_declined,card,0.556,2,51.11,request_card_update,0,0.0
10334.77,network_error,card,0.705,0,7.11,request_alternative_payment,1,10334.77
2713.13,insufficient_funds,upi,0.614,2,49.39,retry_now,0,0.0
5071.51,expired_card,wallet,0.847,4,15.89,request_alternative_payment,1,5071.51
5793.61,expired_card,card,0.895,1,27.59,retry_later,0,0.0
17238.39,network_error,wallet,0.662,2,37.04,request_alternative_payment,0,0.0
1528.63,insufficient_funds,card,0.563,2,2.64,request_alternative_payment,1,1528.63
2412.24,insufficient_funds,card,0.936,3,37.8,retry_later,0,0.0
47134.63,expired_card,upi,0.704,0,8.76,retry_now,0,0.0
4018.71,expired_card,wallet,0.711,0,44.4,retry_later,0,0.0
1101.47,network_error,upi,0.672,1,2.84,retry_now,0,0.0
3137.41,expired_card,netbanking,0.726,0,8.29,retry_later,0,0.0
545.71,card_declined,upi,0.439,0,11.7,retry_now,0,0.0
6062.82,expired_card,netbanking,0.959,3,57.33,request_alternative_payment,1,6062.82
9556.92,insufficient_funds,netbanking,0.788,2,14.96,request_alternative_payment,0,0.0
2411.16,insufficient_funds,upi,0.537,0,35.89,retry_later,0,0.0
3431.02,card_declined,upi,0.632,0,2.76,request_alternative_payment,1,3431.02
10468.4,insufficient_funds,upi,0.685,1,1.98,retry_later,0,0.0
1232.77,card_declined,wallet,0.606,1,0.25,request_alternative_payment,0,0.0
1737.04,network_error,upi,0.871,0,26.92,request_alternative_payment,1,1737.04
4165.96,insufficient_funds,card,0.79,2,2.37,request_card_update,0,0.0
2738.94,network_error,netbanking,0.319,3,15.08,request_alternative_payment,0,0.0
3952.48,insufficient_funds,upi,0.867,1,29.17,request_alternative_payment,0,0.0
1819.27,network_error,upi,0.932,1,4.18,retry_later,1,1819.27
5935.13,insufficient_funds,upi,0.716,0,41.84,retry_now,1,5935.13
4437.32,network_error,card,0.489,4,25.52,request_card_update,0,0.0
7758.51,card_declined,card,0.783,1,4.88,request_alternative_payment,1,7758.51
5869.43,card_declined,card,0.459,0,26.22,retry_later,0,0.0
5899.04,insufficient_funds,netbanking,0.647,1,55.77,request_alternative_payment,1,5899.04
1572.07,insufficient_funds,upi,0.821,0,5.83,retry_later,1,1572.07
7415.05,card_declined,netbanking,0.977,1,1.58,request_card_update,0,0.0
3837.21,insufficient_funds,card,0.535,0,6.27,retry_later,0,0.0
4376.11,insufficient_funds,wallet,0.878,1,36.74,request_card_update,1,4376.11
11565.76,network_error,card,0.863,2,91.88,request_alternative_payment,1,11565.76
2811.98,insufficient_funds,card,0.826,0,13.84,request_alternative_payment,1,2811.98
14737.35,insufficient_funds,wallet,0.552,0,3.62,retry_now,0,0.0
15879.33,insufficient_funds,upi,0.341,0,51.39,request_card_update,0,0.0
9130.91,card_declined,wallet,0.805,1,9.63,retry_later,1,9130.91
2281.75,card_declined,upi,0.61,0,43.21,retry_now,0,0.0
869.71,network_error,card,0.663,1,0.64,retry_now,1,869.71
11852.11,card_declined,card,0.911,2,9.09,retry_later,0,0.0
5465.99,card_declined,netbanking,0.851,4,19.29,request_card_update,0,0.0
2754.62,card_declined,upi,0.447,4,30.86,retry_later,1,2754.62
12785.19,insufficient_funds,upi,0.405,0,23.14,retry_later,1,12785.19
2509.77,network_error,card,0.674,2,46.67,retry_later,0,0.0
3561.26,insufficient_funds,card,0.906,2,3.73,retry_now,0,0.0
7609.14,network_error,netbanking,0.848,2,0.38,retry_later,0,0.0
2051.47,card_declined,wallet,0.661,0,18.1,retry_later,1,2051.47
4580.71,card_declined,card,0.756,0,28.98,retry_later,0,0.0
11950.2,card_declined,card,0.704,0,4.58,retry_later,0,0.0
5919.94,expired_card,card,0.732,0,5.26,request_card_update,0,0.0
13563.45,card_declined,card,0.781,2,1.33,request_card_update,0,0.0
12382.94,card_declined,netbanking,0.712,2,25.51,request_card_update,0,0.0
5031.05,expired_card,upi,0.822,1,13.97,request_alternative_payment,0,0.0
771.09,card_declined,card,0.945,1,19.68,retry_now,0,0.0
2064.36,card_declined,netbanking,0.735,1,0.75,retry_later,1,2064.36
9208.3,insufficient_funds,netbanking,0.699,0,33.39,request_alternative_payment,1,9208.3
1446.63,insufficient_funds,card,0.481,1,3.19,request_card_update,0,0.0
3850.04,network_error,wallet,0.743,0,5.86,request_alternative_payment,1,3850.04
6554.96,insufficient_funds,upi,0.9,0,1.98,request_alternative_payment,1,6554.96
16201.35,insufficient_funds,card,0.811,2,4.95,request_card_update,0,0.0
3156.37,insufficient_funds,netbanking,0.796,1,9.43,retry_now,0,0.0
2988.13,expired_card,card,0.765,1,15.22,request_card_update,1,2988.13
4794.56,card_declined,wallet,0.868,2,14.24,retry_later,0,0.0
6620.48,card_declined,upi,0.684,1,11.97,request_card_update,0,0.0
4419.56,expired_card,wallet,0.732,0,3.31,request_alternative_payment,1,4419.56
11575.06,card_declined,card,0.791,2,8.27,request_card_update,1,11575.06
2638.27,network_error,card,0.69,0,4.5,request_card_update,0,0.0
5504.5,network_error,netbanking,0.881,0,2.18,retry_later,1,5504.5
7139.25,card_declined,netbanking,0.833,4,13.52,request_alternative_payment,0,0.0
3630.07,network_error,netbanking,0.897,2,4.31,retry_later,1,3630.07
9788.48,expired_card,card,0.89,1,0.41,request_alternative_payment,0,0.0
5632.79,insufficient_funds,upi,0.819,0,14.45,request_alternative_payment,0,0.0
9398.17,insufficient_funds,card,0.81,1,0.29,retry_now,0,0.0
5839.94,network_error,card,0.932,1,44.79,request_alternative_payment,1,5839.94
6756.88,card_declined,upi,0.679,0,8.6,retry_later,0,0.0
3014.77,card_declined,upi,0.641,0,12.65,request_card_update,0,0.0
3018.68,insufficient_funds,upi,0.611,1,13.85,retry_now,0,0.0
13315.85,network_error,card,0.709,3,22.75,retry_later,0,0.0
8313.21,network_error,netbanking,0.386,0,4.36,retry_later,0,0.0
2205.75,expired_card,wallet,0.533,3,3.36,retry_later,0,0.0
5778.41,card_declined,card,0.555,1,15.72,request_card_update,0,0.0
748.58,expired_card,netbanking,0.814,0,2.02,request_alternative_payment,1,748.58
3159.1,card_declined,netbanking,0.851,3,15.74,request_card_update,1,3159.1
10786.12,card_declined,card,0.889,0,50.8,request_alternative_payment,0,0.0
4523.66,network_error,upi,0.792,2,8.65,retry_now,0,0.0
5494.61,card_declined,wallet,0.915,1,6.47,retry_now,1,5494.61
447.68,card_declined,upi,0.437,0,7.61,retry_later,1,447.68
3653.32,insufficient_funds,card,0.541,2,42.33,request_card_update,0,0.0
6553.87,card_declined,upi,0.412,1,23.07,request_card_update,0,0.0
7254.85,network_error,netbanking,0.825,2,67.84,retry_now,1,7254.85
10797.58,insufficient_funds,upi,0.746,1,5.76,retry_now,0,0.0
4225.9,network_error,card,0.843,2,0.68,retry_later,1,4225.9
4379.41,insufficient_funds,card,0.844,0,14.97,retry_now,1,4379.41
1722.44,insufficient_funds,netbanking,0.64,1,21.09,retry_now,0,0.0
4245.33,network_error,upi,0.885,1,18.5,retry_now,1,4245.33
1822.44,insufficient_funds,wallet,0.796,3,31.02,retry_later,0,0.0
1140.13,expired_card,card,0.767,3,5.76,request_alternative_payment,0,0.0
2098.65,expired_card,netbanking,0.705,1,23.49,retry_later,0,0.0
16716.33,card_declined,card,0.68,0,17.19,request_card_update,1,16716.33
4026.87,card_declined,netbanking,0.902,1,3.14,request_card_update,1,4026.87
5961.61,insufficient_funds,netbanking,0.701,2,17.68,request_card_update,1,5961.61
3315.61,network_error,card,0.715,0,3.16,request_alternative_payment,0,0.0
1193.63,insufficient_funds,card,0.31,4,8.87,retry_now,1,1193.63
10573.26,expired_card,wallet,0.837,1,32.46,request_card_update,0,0.0
879.57,expired_card,netbanking,0.756,1,18.96,request_card_update,0,0.0
3207.86,insufficient_funds,upi,0.441,1,9.11,request_card_update,0,0.0
4786.24,network_error,card,0.85,3,16.37,retry_now,1,4786.24
6012.43,card_declined,wallet,0.855,1,37.45,request_alternative_payment,0,0.0
2796.2,card_declined,upi,0.469,0,4.94,request_alternative_payment,0,0.0
1149.2,insufficient_funds,card,0.957,2,23.71,retry_now,1,1149.2
2634.16,network_error,upi,0.792,0,14.06,request_card_update,1,2634.16
2746.79,insufficient_funds,card,0.836,1,2.84,retry_now,1,2746.79
2693.83,expired_card,netbanking,0.833,0,21.14,retry_later,1,2693.83
10864.33,card_declined,netbanking,0.714,2,8.52,retry_now,0,0.0
1893.74,card_declined,card,0.829,3,8.01,retry_later,0,0.0
6361.23,expired_card,card,0.863,2,15.97,retry_later,0,0.0
5675.03,network_error,card,0.897,0,18.91,request_alternative_payment,1,5675.03
10781.18,card_declined,card,0.87,0,3.88,request_alternative_payment,1,10781.18
4494.85,card_declined,wallet,0.781,3,26.14,request_card_update,0,0.0
9415.36,card_declined,netbanking,0.801,1,0.73,retry_now,0,0.0
4356.47,insufficient_funds,card,0.685,0,39.97,request_alternative_payment,0,0.0
7077.72,expired_card,card,0.694,1,12.62,request_alternative_payment,0,0.0
1502.43,insufficient_funds,card,0.97,2,4.84,request_card_update,0,0.0
605.81,card_declined,upi,0.72,2,4.08,request_alternative_payment,0,0.0
6763.06,network_error,card,0.796,1,2.19,request_alternative_payment,1,6763.06
7059.57,card_declined,card,0.769,1,9.94,retry_now,1,7059.57
7314.36,expired_card,wallet,0.409,0,2.13,retry_later,0,0.0
3285.41,insufficient_funds,upi,0.738,3,0.6,retry_now,0,0.0
16464.65,insufficient_funds,netbanking,0.922,2,5.96,request_card_update,1,16464.65
3460.92,card_declined,card,0.655,3,4.2,retry_now,1,3460.92
7001.62,card_declined,card,0.815,0,23.72,request_card_update,0,0.0
8045.77,expired_card,netbanking,0.982,0,5.46,request_card_update,0,0.0
19775.23,card_declined,netbanking,0.781,1,9.02,request_alternative_payment,0,0.0
3879.92,insufficient_funds,upi,0.64,1,9.96,retry_now,0,0.0
2965.02,insufficient_funds,upi,0.89,0,18.78,retry_now,0,0.0
1508.21,card_declined,card,0.763,2,18.59,retry_later,0,0.0
17310.82,card_declined,upi,0.494,0,5.92,retry_now,0,0.0
7004.6,insufficient_funds,card,0.83,0,12.91,request_card_update,1,7004.6
7184.22,card_declined,card,0.495,2,20.82,retry_now,0,0.0
50000.0,expired_card,upi,0.81,0,7.79,request_card_update,1,50000.0
6484.88,card_declined,card,0.77,3,29.85,retry_later,0,0.0
1763.99,network_error,card,0.949,1,2.75,retry_later,0,0.0
4274.7,insufficient_funds,card,0.938,1,37.96,retry_now,1,4274.7
2292.43,network_error,card,0.811,0,30.39,retry_later,1,2292.43
3642.77,insufficient_funds,netbanking,0.712,1,1.33,request_alternative_payment,1,3642.77
3623.23,card_declined,wallet,0.795,3,21.84,request_card_update,0,0.0
3126.2,insufficient_funds,card,0.655,2,3.74,retry_later,1,3126.2
1640.19,insufficient_funds,card,0.822,0,3.11,request_alternative_payment,1,1640.19
17875.65,insufficient_funds,netbanking,0.628,0,9.9,retry_now,0,0.0
6350.39,insufficient_funds,card,0.853,0,22.77,retry_later,0,0.0
4174.77,expired_card,upi,0.842,2,28.03,request_card_update,1,4174.77
9166.43,insufficient_funds,card,0.931,1,4.38,retry_now,1,9166.43
7288.46,expired_card,upi,0.467,1,6.58,request_alternative_payment,0,0.0
6233.83,card_declined,card,0.572,3,9.77,retry_now,0,0.0
8648.94,insufficient_funds,upi,0.613,1,3.79,retry_later,0,0.0
5565.49,card_declined,upi,0.577,1,64.53,retry_later,1,5565.49
8547.3,insufficient_funds,card,0.82,0,23.77,retry_later,0,0.0
9133.31,network_error,card,0.758,2,43.38,request_alternative_payment,0,0.0
5695.14,insufficient_funds,upi,0.914,1,52.94,retry_now,1,5695.14
4191.77,expired_card,wallet,0.933,3,14.53,retry_later,0,0.0
17009.23,insufficient_funds,upi,0.795,0,16.06,request_alternative_payment,1,17009.23
3411.38,insufficient_funds,card,0.701,0,11.38,retry_later,0,0.0
6837.96,insufficient_funds,upi,0.595,0,6.25,request_card_update,0,0.0
6962.68,network_error,card,0.875,2,34.48,request_card_update,0,0.0
3070.35,card_declined,netbanking,0.828,1,8.73,request_alternative_payment,0,0.0
2620.01,expired_card,netbanking,0.909,0,5.09,retry_now,0,0.0
3767.29,card_declined,card,0.82,0,9.91,retry_now,0,0.0
3372.53,insufficient_funds,upi,0.813,0,23.04,request_alternative_payment,1,3372.53
1557.27,network_error,upi,0.761,1,17.88,request_alternative_payment,1,1557.27
2969.05,card_declined,card,0.789,0,16.62,retry_now,1,2969.05
6186.79,network_error,upi,0.795,1,12.19,retry_now,1,6186.79
13765.88,card_declined,upi,0.699,2,6.09,request_card_update,0,0.0
7790.86,network_error,upi,0.842,1,10.57,request_card_update,1,7790.86
624.88,insufficient_funds,upi,0.789,2,6.62,retry_now,1,624.88
8351.83,expired_card,upi,0.855,1,9.54,request_alternative_payment,1,8351.83
3199.25,insufficient_funds,upi,0.889,0,15.5,request_alternative_payment,0,0.0
7184.33,network_error,upi,0.741,4,10.57,request_alternative_payment,1,7184.33
4943.78,insufficient_funds,upi,0.786,0,31.95,retry_later,0,0.0
4285.72,network_error,upi,0.752,3,11.17,request_card_update,0,0.0
4607.33,expired_card,upi,0.91,3,8.28,request_alternative_payment,0,0.0
4911.1,expired_card,card,0.715,0,4.41,request_card_update,1,4911.1
14657.64,card_declined,upi,0.767,0,12.03,retry_later,1,14657.64
4921.97,card_declined,upi,0.807,0,0.82,request_alternative_payment,1,4921.97
11915.82,network_error,card,0.851,1,26.2,request_card_update,0,0.0
10605.39,card_declined,card,0.819,1,96.0,retry_later,1,10605.39
8525.61,card_declined,upi,0.763,3,0.39,retry_later,0,0.0
1197.39,insufficient_funds,card,0.473,4,25.01,request_card_update,0,0.0
12215.97,card_declined,card,0.899,1,10.0,retry_later,0,0.0
3466.4,card_declined,card,0.907,0,2.5,retry_now,1,3466.4
8864.19,network_error,upi,0.31,4,42.88,request_alternative_payment,0,0.0
2296.56,insufficient_funds,wallet,0.919,1,3.26,retry_later,1,2296.56
1937.46,card_declined,netbanking,0.656,1,60.42,retry_now,0,0.0
24301.76,network_error,wallet,0.65,1,28.31,retry_later,1,24301.76
2325.31,card_declined,wallet,0.75,2,0.25,request_alternative_payment,1,2325.31
12507.43,expired_card,card,0.66,1,12.27,request_card_update,0,0.0
5496.84,insufficient_funds,card,0.871,0,21.2,retry_later,1,5496.84
3572.77,card_declined,card,0.75,1,29.55,retry_now,0,0.0
4823.86,card_declined,card,0.302,1,77.7,retry_later,0,0.0
1765.73,card_declined,netbanking,0.762,1,28.74,request_alternative_payment,1,1765.73
4945.28,network_error,netbanking,0.689,0,5.7,request_alternative_payment,1,4945.28
2102.75,insufficient_funds,upi,0.831,0,15.13,request_alternative_payment,0,0.0
3644.0,card_declined,netbanking,0.579,0,59.15,retry_now,0,0.0
10482.19,insufficient_funds,upi,0.951,1,4.86,request_card_update,0,0.0
6127.52,card_declined,card,0.573,1,36.06,retry_later,0,0.0
1527.61,network_error,card,0.826,0,41.46,request_card_update,0,0.0
9881.15,insufficient_funds,wallet,0.853,1,16.09,request_alternative_payment,1,9881.15
4971.68,card_declined,upi,0.845,1,16.96,retry_later,0,0.0
3240.38,card_declined,card,0.845,1,4.26,request_card_update,1,3240.38
9086.4,network_error,card,0.672,2,3.33,retry_now,1,9086.4
4373.98,insufficient_funds,netbanking,0.581,3,16.42,request_card_update,0,0.0
1967.79,card_declined,netbanking,0.558,0,28.63,request_card_update,1,1967.79
21926.27,network_error,upi,0.821,2,3.94,retry_later,0,0.0
4931.33,card_declined,wallet,0.631,0,7.56,retry_now,0,0.0
4684.83,network_error,card,0.465,1,2.39,retry_later,1,4684.83
3615.95,card_declined,wallet,0.715,3,29.0,request_card_update,0,0.0
12850.86,expired_card,upi,0.868,3,7.3,retry_now,0,0.0
3285.55,insufficient_funds,upi,0.892,1,3.9,request_alternative_payment,0,0.0
1452.74,insufficient_funds,wallet,0.842,2,25.54,retry_now,0,0.0
2905.18,card_declined,netbanking,0.562,1,3.14,retry_now,0,0.0
14452.36,card_declined,card,0.825,1,12.89,retry_later,1,14452.36
9729.32,card_declined,netbanking,0.938,1,23.11,retry_now,1,9729.32
4077.26,insufficient_funds,upi,0.375,1,28.49,request_alternative_payment,0,0.0
14999.88,insufficient_funds,card,0.837,0,14.78,retry_now,1,14999.88
9095.61,network_error,upi,0.928,2,36.38,request_card_update,0,0.0
4039.68,insufficient_funds,upi,0.758,0,3.65,retry_later,0,0.0
4378.52,network_error,upi,0.923,0,4.84,request_card_update,1,4378.52
6507.09,card_declined,card,0.631,1,4.08,retry_later,0,0.0
2570.06,insufficient_funds,card,0.909,0,14.04,retry_later,1,2570.06
5018.05,network_error,card,0.732,0,24.18,retry_now,1,5018.05
6399.68,expired_card,netbanking,0.943,1,0.25,request_alternative_payment,0,0.0
1296.75,network_error,card,0.786,1,23.17,request_card_update,1,1296.75
4297.28,insufficient_funds,upi,0.773,3,6.92,request_card_update,0,0.0
3923.53,card_declined,upi,0.778,1,0.67,request_alternative_payment,1,3923.53
11380.4,expired_card,card,0.647,2,0.79,retry_now,0,0.0
1143.21,card_declined,card,0.683,1,19.02,retry_now,1,1143.21
3684.86,insufficient_funds,card,0.91,1,1.27,retry_now,1,3684.86
3400.88,insufficient_funds,netbanking,0.561,0,4.7,retry_now,1,3400.88
10777.87,network_error,wallet,0.865,3,81.97,retry_later,0,0.0
4828.81,network_error,card,0.804,1,19.33,request_alternative_payment,1,4828.81
21037.65,expired_card,card,0.82,0,72.83,request_card_update,0,0.0
8492.71,expired_card,upi,0.948,0,3.78,request_alternative_payment,1,8492.71
3601.17,insufficient_funds,card,0.796,2,11.33,retry_later,1,3601.17
6056.7,card_declined,upi,0.847,2,5.97,request_alternative_payment,0,0.0
3766.64,insufficient_funds,card,0.647,2,10.46,retry_now,0,0.0
9943.86,insufficient_funds,upi,0.667,0,11.83,request_alternative_payment,0,0.0
1722.33,insufficient_funds,card,0.576,0,8.46,request_card_update,0,0.0
2586.95,expired_card,netbanking,0.591,1,4.26,request_alternative_payment,0,0.0
7199.34,insufficient_funds,card,0.982,1,17.66,request_card_update,1,7199.34
13330.35,card_declined,card,0.832,1,6.02,request_card_update,0,0.0
858.87,card_declined,wallet,0.589,1,1.48,retry_now,1,858.87
15014.48,insufficient_funds,card,0.886,2,24.07,retry_now,0,0.0
4469.74,card_declined,card,0.836,1,16.23,request_alternative_payment,1,4469.74
1107.76,insufficient_funds,card,0.788,0,39.95,request_alternative_payment,0,0.0
452.96,card_declined,upi,0.781,0,20.17,retry_now,0,0.0
1470.98,card_declined,upi,0.733,1,1.57,retry_now,0,0.0
4921.8,network_error,upi,0.584,0,16.83,retry_now,1,4921.8
4743.24,network_error,card,0.591,1,15.71,retry_now,0,0.0
8297.87,network_error,card,0.809,0,10.52,retry_now,1,8297.87
3221.5,card_declined,card,0.794,1,1.88,request_card_update,0,0.0
2060.62,insufficient_funds,card,0.862,0,3.06,retry_later,1,2060.62
3592.93,card_declined,card,0.905,0,70.02,request_card_update,1,3592.93
5136.26,expired_card,upi,0.902,0,21.28,retry_later,0,0.0
6013.8,insufficient_funds,upi,0.93,1,2.53,retry_later,1,6013.8
2659.41,insufficient_funds,upi,0.932,2,11.17,request_alternative_payment,0,0.0
10284.06,expired_card,upi,0.525,1,17.33,request_alternative_payment,0,0.0
3041.41,expired_card,upi,0.642,4,17.29,retry_now,0,0.0
2493.44,insufficient_funds,card,0.739,1,5.85,request_alternative_payment,0,0.0
3239.84,network_error,upi,0.904,0,2.68,retry_later,0,0.0
11814.29,card_declined,card,0.681,2,12.83,request_card_update,0,0.0
4496.06,card_declined,upi,0.573,1,37.32,retry_now,0,0.0
2868.61,card_declined,upi,0.747,1,2.65,request_alternative_payment,0,0.0
10488.97,expired_card,upi,0.594,1,9.65,retry_now,0,0.0
27761.13,insufficient_funds,netbanking,0.894,0,29.39,request_alternative_payment,1,27761.13
5913.18,network_error,card,0.733,3,24.97,retry_now,0,0.0
13416.86,insufficient_funds,card,0.752,2,35.93,retry_later,0,0.0
11453.56,card_declined,netbanking,0.924,3,25.9,request_alternative_payment,0,0.0
3079.99,network_error,card,0.539,1,10.31,retry_later,1,3079.99
5107.68,network_error,card,0.754,0,12.55,retry_later,0,0.0
1792.13,expired_card,card,0.788,0,29.1,request_card_update,1,1792.13
4243.91,network_error,card,0.74,2,3.29,retry_now,1,4243.91
3029.77,network_error,upi,0.914,0,38.31,retry_now,0,0.0
3622.37,insufficient_funds,netbanking,0.545,0,25.98,retry_now,0,0.0
2744.29,expired_card,upi,0.827,0,33.66,request_alternative_payment,1,2744.29
3973.95,card_declined,upi,0.855,4,19.44,request_alternative_payment,0,0.0
7653.97,card_declined,netbanking,0.898,2,30.34,retry_now,0,0.0
4544.17,card_declined,netbanking,0.787,2,10.81,retry_now,1,4544.17
1125.18,card_declined,card,0.655,2,0.42,retry_now,0,0.0
2752.59,card_declined,upi,0.705,2,7.79,request_alternative_payment,0,0.0
1482.78,insufficient_funds,card,0.881,0,23.45,retry_now,0,0.0
6078.06,insufficient_funds,card,0.669,1,24.81,request_card_update,0,0.0
7478.95,expired_card,netbanking,0.895,1,0.51,retry_later,0,0.0
6139.09,expired_card,netbanking,0.37,0,10.18,request_alternative_payment,0,0.0
2663.16,card_declined,netbanking,0.756,1,2.34,request_alternative_payment,1,2663.16
6091.66,expired_card,upi,0.734,0,7.6,request_card_update,1,6091.66
3432.7,card_declined,card,0.723,1,48.28,retry_now,0,0.0
2011.45,card_declined,card,0.712,2,9.64,retry_later,0,0.0
9051.96,expired_card,card,0.391,0,76.35,request_alternative_payment,0,0.0
9620.15,card_declined,card,0.638,0,0.96,request_card_update,1,9620.15
10681.94,network_error,upi,0.921,3,30.58,request_card_update,1,10681.94
3073.32,card_declined,upi,0.499,2,11.62,retry_later,0,0.0
12844.65,card_declined,card,0.981,2,10.79,request_alternative_payment,1,12844.65
3368.85,insufficient_funds,card,0.822,0,24.67,retry_now,0,0.0
8433.73,expired_card,card,0.646,2,17.83,retry_now,0,0.0
3322.47,insufficient_funds,netbanking,0.863,0,29.96,request_card_update,0,0.0
4179.75,card_declined,card,0.693,1,16.92,retry_now,1,4179.75
720.72,insufficient_funds,card,0.679,0,12.39,retry_later,0,0.0
3927.12,card_declined,card,0.88,0,4.54,retry_now,0,0.0
5377.96,card_declined,card,0.71,4,21.92,request_alternative_payment,0,0.0
3601.67,network_error,card,0.566,2,60.8,request_alternative_payment,0,0.0
20376.62,card_declined,netbanking,0.791,0,20.6,retry_later,0,0.0
1972.82,insufficient_funds,card,0.809,2,54.77,request_card_update,1,1972.82
3185.38,insufficient_funds,card,0.831,1,0.25,retry_later,1,3185.38
2424.29,insufficient_funds,card,0.844,0,9.33,request_card_update,1,2424.29
3184.89,network_error,card,0.924,0,62.82,retry_later,1,3184.89
11410.89,network_error,wallet,0.885,1,22.19,retry_now,1,11410.89
16311.39,insufficient_funds,upi,0.804,0,1.47,request_card_update,0,0.0
2854.23,card_declined,upi,0.498,3,10.14,request_card_update,0,0.0
2803.96,insufficient_funds,upi,0.881,2,27.44,request_card_update,1,2803.96
1981.26,expired_card,card,0.534,3,0.3,request_alternative_payment,1,1981.26
14217.4,expired_card,card,0.878,0,24.96,retry_later,0,0.0
12258.77,network_error,card,0.59,0,6.54,request_card_update,1,12258.77
4593.55,insufficient_funds,netbanking,0.873,1,24.01,request_alternative_payment,0,0.0
1636.5,card_declined,upi,0.866,1,44.83,retry_later,0,0.0
1757.88,expired_card,card,0.718,2,12.54,request_alternative_payment,1,1757.88
5731.29,insufficient_funds,netbanking,0.743,1,1.82,retry_later,0,0.0
7759.43,network_error,card,0.877,0,13.91,request_alternative_payment,1,7759.43
957.45,expired_card,card,0.698,2,4.53,request_card_update,1,957.45
3866.66,network_error,card,0.423,2,14.49,retry_now,0,0.0
18248.35,card_declined,card,0.922,2,2.45,retry_later,0,0.0
4201.45,card_declined,card,0.798,2,3.45,retry_later,0,0.0
16463.54,expired_card,wallet,0.64,1,14.11,retry_now,0,0.0
8403.72,card_declined,card,0.701,0,2.96,request_card_update,0,0.0
2100.16,expired_card,card,0.824,3,16.53,request_card_update,0,0.0
3956.27,card_declined,card,0.88,2,75.56,retry_now,1,3956.27
4510.84,network_error,card,0.765,1,9.15,request_card_update,1,4510.84
2333.64,expired_card,card,0.479,0,26.23,request_alternative_payment,0,0.0
2301.46,card_declined,card,0.65,0,5.57,retry_now,1,2301.46
16690.72,insufficient_funds,card,0.921,0,24.78,request_card_update,1,16690.72
2287.71,insufficient_funds,card,0.613,0,25.54,retry_now,1,2287.71
11848.33,network_error,card,0.835,2,56.18,retry_later,0,0.0
3526.3,card_declined,upi,0.784,1,30.81,request_card_update,0,0.0
4898.49,insufficient_funds,wallet,0.715,0,24.77,request_alternative_payment,1,4898.49
7837.45,expired_card,card,0.696,0,11.32,retry_now,0,0.0
3097.49,expired_card,upi,0.907,0,2.82,retry_later,1,3097.49
7875.54,expired_card,upi,0.798,1,31.61,retry_later,0,0.0
972.67,card_declined,upi,0.746,1,44.42,retry_now,0,0.0
7107.88,expired_card,upi,0.937,3,6.84,retry_later,0,0.0
693.93,expired_card,upi,0.807,0,1.17,request_alternative_payment,1,693.93
4170.19,insufficient_funds,wallet,0.918,3,9.51,retry_later,1,4170.19
9902.95,expired_card,card,0.928,0,65.58,request_alternative_payment,0,0.0
8225.79,card_declined,upi,0.761,4,28.2,retry_now,0,0.0
1769.52,expired_card,upi,0.592,2,20.56,retry_later,0,0.0
1961.49,network_error,wallet,0.533,3,2.37,retry_now,1,1961.49
2882.05,card_declined,upi,0.772,3,29.36,request_alternative_payment,0,0.0
5803.21,insufficient_funds,wallet,0.882,1,25.2,retry_later,1,5803.21
984.02,insufficient_funds,upi,0.698,1,29.49,retry_now,0,0.0
4947.38,insufficient_funds,upi,0.587,0,25.01,request_alternative_payment,1,4947.38
6414.63,network_error,netbanking,0.804,0,20.09,retry_later,1,6414.63
3986.88,expired_card,upi,0.709,0,11.27,retry_now,1,3986.88
7611.76,insufficient_funds,upi,0.926,0,12.88,retry_later,1,7611.76
5979.98,insufficient_funds,netbanking,0.727,0,0.25,retry_now,0,0.0
3241.75,network_error,card,0.732,0,6.19,retry_later,0,0.0
1062.35,insufficient_funds,wallet,0.431,2,17.95,request_alternative_payment,1,1062.35
5563.17,insufficient_funds,netbanking,0.779,2,0.25,retry_now,1,5563.17
2332.59,insufficient_funds,upi,0.54,3,46.41,retry_now,0,0.0
3147.99,card_declined,card,0.561,0,27.06,retry_now,0,0.0
7335.59,card_declined,card,0.768,4,3.17,retry_now,0,0.0
15538.25,expired_card,card,0.886,0,11.31,request_card_update,0,0.0
4850.05,insufficient_funds,card,0.749,0,11.81,retry_now,0,0.0
7788.82,insufficient_funds,upi,0.752,0,1.03,retry_now,1,7788.82
1574.37,network_error,netbanking,0.87,0,2.95,request_card_update,1,1574.37
6085.18,expired_card,upi,0.9,0,9.48,retry_now,0,0.0
4766.03,card_declined,card,0.591,4,6.11,retry_later,0,0.0
13367.41,expired_card,wallet,0.496,2,13.66,request_alternative_payment,1,13367.41
3244.86,network_error,netbanking,0.795,1,26.17,request_alternative_payment,0,0.0
4121.13,expired_card,upi,0.792,0,51.72,retry_now,1,4121.13
11663.79,card_declined,card,0.769,1,0.53,request_alternative_payment,0,0.0
4645.09,insufficient_funds,upi,0.943,1,10.15,request_card_update,0,0.0
2059.3,insufficient_funds,card,0.808,3,5.56,retry_later,1,2059.3
38503.32,network_error,card,0.451,0,51.92,retry_later,1,38503.32
2109.74,expired_card,upi,0.875,0,6.77,request_card_update,0,0.0
4747.78,card_declined,upi,0.917,0,83.92,retry_later,0,0.0
6598.14,insufficient_funds,card,0.703,2,15.0,request_card_update,0,0.0
6193.7,insufficient_funds,wallet,0.655,1,26.0,request_card_update,1,6193.7
4295.82,card_declined,netbanking,0.844,2,34.4,retry_later,1,4295.82
4312.98,expired_card,upi,0.697,1,18.93,request_alternative_payment,0,0.0
4143.3,card_declined,card,0.517,1,27.09,request_card_update,1,4143.3
2047.65,network_error,card,0.832,0,14.68,request_alternative_payment,0,0.0
27927.54,card_declined,upi,0.848,2,6.64,retry_now,1,27927.54
4193.12,expired_card,netbanking,0.768,1,21.03,request_card_update,0,0.0
8060.56,network_error,upi,0.847,0,44.35,request_card_update,1,8060.56
3825.6,insufficient_funds,card,0.726,0,26.69,request_alternative_payment,1,3825.6
3764.54,network_error,card,0.897,0,4.53,request_alternative_payment,1,3764.54
3473.22,network_error,card,0.772,1,33.08,request_alternative_payment,0,0.0
1447.1,expired_card,upi,0.672,1,4.64,request_alternative_payment,0,0.0
4397.08,card_declined,upi,0.538,1,8.4,request_alternative_payment,1,4397.08
3610.45,insufficient_funds,card,0.566,0,1.14,request_card_update,0,0.0
12764.37,card_declined,upi,0.934,0,17.47,retry_later,1,12764.37
1919.53,network_error,netbanking,0.676,0,13.66,request_card_update,1,1919.53
3151.0,insufficient_funds,card,0.767,1,45.58,retry_now,1,3151.0
2436.8,expired_card,card,0.708,1,15.12,retry_now,0,0.0
15854.64,insufficient_funds,upi,0.735,0,8.16,retry_now,1,15854.64
2494.06,expired_card,wallet,0.692,0,3.48,retry_now,0,0.0
7840.31,card_declined,card,0.649,0,10.12,retry_later,0,0.0
10865.22,insufficient_funds,card,0.615,1,2.39,retry_later,0,0.0
4448.38,card_declined,upi,0.766,0,10.82,retry_now,1,4448.38
1661.95,card_declined,card,0.921,1,4.37,retry_later,0,0.0
1678.86,expired_card,netbanking,0.447,0,0.53,request_alternative_payment,0,0.0
9946.78,card_declined,upi,0.505,2,15.66,request_alternative_payment,1,9946.78
1823.87,insufficient_funds,card,0.863,0,12.15,retry_later,0,0.0
6841.86,expired_card,netbanking,0.859,0,8.91,request_card_update,1,6841.86
5478.97,card_declined,upi,0.872,2,12.04,retry_later,0,0.0
6760.82,insufficient_funds,upi,0.849,4,12.36,request_card_update,0,0.0
7291.47,expired_card,card,0.746,1,0.72,request_card_update,0,0.0
2369.08,insufficient_funds,upi,0.397,0,1.18,retry_later,1,2369.08
2291.06,insufficient_funds,netbanking,0.926,2,45.19,request_alternative_payment,0,0.0
8858.52,card_declined,card,0.883,1,3.56,retry_later,0,0.0
3022.13,card_declined,card,0.752,2,0.25,request_alternative_payment,0,0.0
553.95,card_declined,wallet,0.878,1,7.03,request_card_update,1,553.95
8401.77,expired_card,card,0.925,1,4.72,request_alternative_payment,1,8401.77
2182.41,insufficient_funds,card,0.966,1,4.93,request_alternative_payment,1,2182.41
7265.57,expired_card,card,0.904,0,8.06,retry_now,1,7265.57
15236.52,insufficient_funds,upi,0.861,1,23.59,retry_now,1,15236.52
5067.5,insufficient_funds,upi,0.775,0,5.42,retry_now,0,0.0
11090.08,insufficient_funds,card,0.855,2,52.61,request_alternative_payment,0,0.0
5654.64,insufficient_funds,card,0.794,0,34.59,request_alternative_payment,0,0.0
17803.26,card_declined,upi,0.569,2,0.45,request_card_update,1,17803.26
2137.75,expired_card,upi,0.918,2,28.51,retry_later,1,2137.75
4967.25,network_error,card,0.653,1,12.73,retry_now,1,4967.25
8567.42,network_error,upi,0.78,2,48.27,request_alternative_payment,1,8567.42
4293.53,insufficient_funds,upi,0.481,0,1.84,request_alternative_payment,0,0.0
12568.74,expired_card,card,0.641,1,36.32,retry_now,0,0.0
3538.87,card_declined,card,0.699,1,17.98,retry_now,0,0.0
26178.4,network_error,wallet,0.527,1,3.95,request_alternative_payment,1,26178.4
27308.44,network_error,netbanking,0.869,1,3.75,retry_later,1,27308.44
6265.73,insufficient_funds,card,0.603,0,17.46,retry_later,1,6265.73
7779.71,card_declined,netbanking,0.595,1,35.03,retry_now,0,0.0
12971.76,expired_card,upi,0.7,0,51.66,request_card_update,0,0.0
1934.17,insufficient_funds,wallet,0.683,1,7.84,request_card_update,1,1934.17
1750.39,network_error,wallet,0.499,0,3.41,retry_later,1,1750.39
13661.38,expired_card,upi,0.783,1,3.42,request_alternative_payment,0,0.0
6225.34,card_declined,upi,0.933,1,10.99,retry_now,1,6225.34
4171.32,card_declined,card,0.894,1,0.25,request_card_update,0,0.0
5044.69,card_declined,upi,0.824,1,7.38,request_card_update,1,5044.69
741.27,network_error,card,0.674,2,4.06,request_card_update,1,741.27
4293.01,card_declined,upi,0.641,3,55.79,retry_later,0,0.0
2737.38,card_declined,card,0.921,0,21.31,retry_later,1,2737.38
10421.75,insufficient_funds,netbanking,0.814,3,52.79,retry_later,0,0.0
11083.56,expired_card,wallet,0.932,1,34.56,request_alternative_payment,0,0.0
7931.02,expired_card,card,0.802,0,1.99,retry_now,1,7931.02
6860.67,card_declined,upi,0.905,1,15.93,request_alternative_payment,0,0.0
1509.17,expired_card,netbanking,0.486,1,2.7,retry_later,0,0.0
8020.11,network_error,upi,0.695,0,7.76,retry_now,0,0.0
8272.66,expired_card,wallet,0.594,1,5.42,retry_later,1,8272.66
13539.24,insufficient_funds,upi,0.84,2,1.68,retry_now,1,13539.24
27221.46,insufficient_funds,card,0.92,1,15.34,retry_now,0,0.0
1290.96,expired_card,upi,0.684,0,34.49,request_card_update,0,0.0
3664.37,card_declined,upi,0.715,2,6.89,retry_later,0,0.0
2761.09,card_declined,card,0.6,1,8.74,request_alternative_payment,1,2761.09
5739.91,network_error,netbanking,0.873,1,6.7,retry_now,0,0.0
5053.9,card_declined,upi,0.922,3,5.42,request_card_update,0,0.0
4146.12,insufficient_funds,card,0.634,4,30.13,retry_later,0,0.0
11376.18,card_declined,card,0.378,0,18.4,request_alternative_payment,0,0.0
2071.57,card_declined,card,0.597,0,53.81,retry_now,0,0.0
2173.94,insufficient_funds,card,0.927,2,16.23,retry_later,0,0.0
2203.52,insufficient_funds,upi,0.55,0,13.55,request_card_update,0,0.0
3747.83,card_declined,card,0.649,0,5.24,retry_later,1,3747.83
1871.17,network_error,netbanking,0.852,0,39.44,retry_now,1,1871.17
4809.44,card_declined,wallet,0.837,2,7.6,retry_later,1,4809.44
4379.99,card_declined,upi,0.745,1,3.74,retry_now,1,4379.99
2665.06,network_error,upi,0.466,0,76.81,retry_now,0,0.0
10058.83,insufficient_funds,wallet,0.918,0,27.48,request_alternative_payment,1,10058.83
4767.57,card_declined,card,0.763,1,34.26,retry_later,1,4767.57
11699.61,insufficient_funds,card,0.78,1,6.09,retry_now,1,11699.61
4277.63,network_error,card,0.549,1,1.06,retry_later,1,4277.63
4904.15,insufficient_funds,card,0.885,2,54.17,request_alternative_payment,1,4904.15
3187.42,card_declined,card,0.634,0,96.0,request_card_update,0,0.0
4971.89,card_declined,upi,0.827,0,5.11,retry_now,0,0.0
8839.43,network_error,upi,0.74,1,21.53,request_card_update,0,0.0
3597.97,network_error,card,0.929,2,8.44,request_card_update,0,0.0
7569.81,expired_card,card,0.578,0,43.97,retry_now,1,7569.81
2609.71,network_error,card,0.956,1,19.37,request_alternative_payment,1,2609.71
9176.8,insufficient_funds,upi,0.707,0,12.79,request_alternative_payment,1,9176.8
3144.05,insufficient_funds,card,0.655,0,4.85,request_card_update,0,0.0
9882.66,insufficient_funds,card,0.47,3,8.65,request_card_update,0,0.0
5249.95,insufficient_funds,card,0.826,1,1.19,request_alternative_payment,1,5249.95
16881.21,insufficient_funds,upi,0.961,1,5.36,retry_now,0,0.0
1986.12,card_declined,card,0.967,1,43.48,request_alternative_payment,0,0.0
1534.95,network_error,upi,0.925,4,11.52,request_card_update,0,0.0
3054.04,network_error,netbanking,0.757,1,35.72,request_alternative_payment,1,3054.04
1651.61,insufficient_funds,upi,0.532,0,7.3,retry_now,1,1651.61
1654.09,card_declined,card,0.469,0,6.53,request_card_update,1,1654.09
8220.89,insufficient_funds,upi,0.751,2,30.95,retry_later,0,0.0
4983.31,card_declined,card,0.819,3,39.64,request_card_update,0,0.0
3406.53,card_declined,netbanking,0.894,3,5.02,request_alternative_payment,0,0.0
3668.81,insufficient_funds,netbanking,0.837,0,13.59,retry_later,0,0.0
3100.76,insufficient_funds,card,0.804,1,1.78,request_card_update,1,3100.76
18722.64,expired_card,card,0.959,1,22.31,retry_later,0,0.0
2776.06,card_declined,upi,0.835,1,5.03,retry_now,0,0.0
1736.26,card_declined,upi,0.501,2,43.92,request_card_update,0,0.0
9452.49,insufficient_funds,card,0.961,3,45.34,request_card_update,0,0.0
4207.35,insufficient_funds,netbanking,0.82,0,2.66,retry_now,1,4207.35
25545.39,card_declined,card,0.424,0,1.13,retry_later,0,0.0
3282.07,expired_card,netbanking,0.853,0,2.14,request_alternative_payment,0,0.0
9837.73,insufficient_funds,netbanking,0.717,2,33.13,retry_later,0,0.0
11884.03,insufficient_funds,card,0.381,3,20.57,retry_now,0,0.0
3294.88,expired_card,card,0.59,2,62.79,retry_now,1,3294.88
2759.64,card_declined,card,0.99,0,28.43,request_card_update,1,2759.64
9047.89,insufficient_funds,netbanking,0.894,1,4.42,retry_later,1,9047.89
7919.69,card_declined,card,0.713,1,4.32,retry_now,0,0.0
1617.61,card_declined,card,0.755,2,30.55,retry_later,0,0.0
2027.27,expired_card,upi,0.448,2,20.25,retry_later,0,0.0
657.24,insufficient_funds,card,0.511,0,33.66,request_card_update,0,0.0
8050.61,network_error,card,0.461,0,4.97,retry_now,0,0.0
4055.1,insufficient_funds,netbanking,0.542,0,2.68,retry_later,1,4055.1
4391.71,network_error,upi,0.883,1,28.86,request_card_update,0,0.0
1292.12,network_error,upi,0.775,0,2.61,retry_later,1,1292.12
2077.07,network_error,card,0.698,1,27.68,retry_later,0,0.0
3411.22,expired_card,upi,0.828,1,5.2,retry_now,0,0.0
2919.98,network_error,upi,0.789,1,0.85,request_card_update,1,2919.98
5494.28,insufficient_funds,card,0.471,2,1.51,request_alternative_payment,1,5494.28
7974.21,insufficient_funds,wallet,0.42,1,23.8,request_alternative_payment,0,0.0
30726.58,insufficient_funds,card,0.698,2,4.28,retry_later,0,0.0
4920.57,card_declined,card,0.86,3,4.61,retry_now,1,4920.57
12203.95,insufficient_funds,netbanking,0.816,0,5.41,request_card_update,0,0.0
2574.0,network_error,card,0.873,0,10.26,retry_later,0,0.0
1309.28,network_error,wallet,0.666,0,9.07,retry_now,1,1309.28
3771.97,expired_card,card,0.796,2,64.52,retry_later,1,3771.97
1392.72,card_declined,card,0.857,1,5.58,request_alternative_payment,0,0.0
5059.04,network_error,card,0.939,1,35.64,retry_later,1,5059.04
2678.01,network_error,card,0.823,2,54.73,retry_now,1,2678.01
1047.1,expired_card,wallet,0.94,1,4.45,retry_now,0,0.0
20050.58,network_error,wallet,0.83,0,3.63,retry_now,1,20050.58
3252.38,insufficient_funds,upi,0.539,0,37.83,request_card_update,1,3252.38
1348.97,insufficient_funds,card,0.695,3,5.56,request_card_update,1,1348.97
10257.15,expired_card,upi,0.977,0,13.8,request_alternative_payment,0,0.0
2791.41,network_error,card,0.917,0,2.19,request_alternative_payment,1,2791.41
11960.04,network_error,card,0.845,2,18.71,request_card_update,0,0.0
2780.75,network_error,card,0.772,2,7.78,request_alternative_payment,0,0.0
3243.72,network_error,card,0.739,1,53.18,request_alternative_payment,0,0.0
6588.35,network_error,card,0.817,1,13.36,retry_now,0,0.0
8036.66,expired_card,upi,0.885,4,0.25,retry_now,0,0.0
9246.31,expired_card,card,0.907,1,13.79,retry_now,0,0.0
4653.62,card_declined,card,0.818,3,11.15,request_card_update,0,0.0
7631.86,insufficient_funds,card,0.57,4,5.51,retry_later,0,0.0
9078.79,insufficient_funds,upi,0.562,0,6.9,retry_now,0,0.0
5870.23,card_declined,upi,0.819,2,39.35,retry_later,0,0.0
4460.73,network_error,card,0.888,4,24.65,retry_now,0,0.0
1573.34,network_error,netbanking,0.711,1,18.38,retry_now,1,1573.34
8075.04,card_declined,upi,0.895,1,9.54,retry_now,0,0.0
5171.57,insufficient_funds,card,0.944,1,3.86,retry_later,1,5171.57
3591.41,card_declined,card,0.75,2,30.78,retry_now,0,0.0
13896.69,network_error,wallet,0.648,2,11.04,retry_later,0,0.0
1595.47,card_declined,card,0.652,1,0.87,request_card_update,0,0.0
18628.02,insufficient_funds,card,0.721,1,2.49,request_card_update,0,0.0
4911.7,card_declined,upi,0.914,1,6.45,retry_now,0,0.0
6445.95,card_declined,card,0.771,0,3.24,request_alternative_payment,0,0.0
3645.17,card_declined,netbanking,0.932,0,8.13,retry_now,1,3645.17
1317.56,network_error,netbanking,0.915,0,11.62,request_alternative_payment,1,1317.56
4471.62,expired_card,netbanking,0.866,1,15.21,retry_later,0,0.0
6535.4,insufficient_funds,upi,0.701,2,1.32,retry_later,0,0.0
8588.45,insufficient_funds,upi,0.919,3,3.42,retry_later,0,0.0
4267.43,card_declined,card,0.555,2,3.84,retry_now,0,0.0
865.37,insufficient_funds,netbanking,0.931,0,66.33,retry_now,0,0.0
1456.61,card_declined,card,0.85,1,19.61,retry_later,1,1456.61
25817.53,insufficient_funds,card,0.815,1,33.93,retry_later,1,25817.53
2086.34,insufficient_funds,wallet,0.945,0,16.8,request_alternative_payment,1,2086.34
15659.5,network_error,wallet,0.865,0,9.79,retry_later,1,15659.5
2368.29,insufficient_funds,upi,0.764,2,3.85,request_card_update,0,0.0
4320.94,network_error,upi,0.833,0,19.83,retry_later,1,4320.94
8244.98,insufficient_funds,card,0.562,0,48.93,request_card_update,0,0.0
2594.21,insufficient_funds,upi,0.535,0,2.49,retry_later,1,2594.21
17871.55,insufficient_funds,card,0.894,1,72.0,request_alternative_payment,0,0.0
5312.28,insufficient_funds,card,0.695,0,60.16,request_alternative_payment,0,0.0
7229.13,card_declined,card,0.655,0,14.89,request_card_update,0,0.0
4036.4,network_error,netbanking,0.903,2,17.35,request_card_update,1,4036.4
8469.01,expired_card,wallet,0.891,1,0.88,request_alternative_payment,1,8469.01
17680.67,insufficient_funds,wallet,0.899,1,7.77,request_alternative_payment,1,17680.67
4501.49,insufficient_funds,netbanking,0.536,4,5.0,retry_now,1,4501.49
19949.58,insufficient_funds,card,0.93,2,46.39,retry_later,1,19949.58
3065.35,network_error,card,0.918,2,41.56,request_alternative_payment,1,3065.35
9213.91,insufficient_funds,card,0.854,4,4.03,request_card_update,0,0.0
7394.45,insufficient_funds,card,0.738,0,2.3,request_alternative_payment,1,7394.45
2126.7,expired_card,upi,0.974,3,22.78,request_alternative_payment,1,2126.7
5932.74,expired_card,card,0.709,0,5.32,retry_now,1,5932.74
5029.55,network_error,netbanking,0.647,0,2.78,retry_later,1,5029.55
2526.62,insufficient_funds,card,0.659,1,7.54,request_card_update,0,0.0
6658.14,card_declined,card,0.924,3,11.84,retry_later,0,0.0
5620.77,insufficient_funds,netbanking,0.915,0,7.12,request_alternative_payment,0,0.0
4717.92,network_error,upi,0.778,0,0.58,retry_now,0,0.0
4733.08,network_error,card,0.611,0,11.9,request_alternative_payment,1,4733.08
4652.62,insufficient_funds,upi,0.794,1,14.72,retry_later,0,0.0
3725.79,expired_card,upi,0.903,4,9.24,request_alternative_payment,0,0.0
5591.82,card_declined,card,0.741,2,9.98,retry_now,0,0.0
2987.11,network_error,upi,0.931,1,17.01,request_alternative_payment,1,2987.11
41883.23,insufficient_funds,wallet,0.816,0,40.89,request_alternative_payment,0,0.0
1619.26,card_declined,card,0.952,4,15.55,request_alternative_payment,0,0.0
3131.93,insufficient_funds,card,0.805,0,6.09,request_card_update,0,0.0
3336.24,network_error,card,0.86,0,10.1,retry_now,1,3336.24
25580.56,insufficient_funds,upi,0.976,0,14.35,request_card_update,1,25580.56
1739.03,insufficient_funds,wallet,0.773,1,5.85,request_card_update,0,0.0
7029.92,network_error,card,0.528,3,1.68,retry_later,1,7029.92
6099.17,network_error,netbanking,0.879,2,7.68,retry_later,0,0.0
6529.43,card_declined,netbanking,0.737,1,17.98,request_card_update,0,0.0
13443.72,network_error,card,0.701,2,43.41,request_alternative_payment,1,13443.72
13224.9,network_error,netbanking,0.504,2,0.67,retry_later,1,13224.9
3485.71,card_declined,wallet,0.799,0,7.42,request_alternative_payment,0,0.0
5839.54,insufficient_funds,wallet,0.887,0,2.61,retry_later,1,5839.54
1125.42,insufficient_funds,upi,0.519,0,28.57,request_card_update,1,1125.42
5412.51,card_declined,card,0.717,2,4.54,request_alternative_payment,0,0.0
2649.17,insufficient_funds,card,0.844,3,54.08,retry_now,0,0.0
4307.39,card_declined,card,0.528,3,6.97,request_alternative_payment,0,0.0
1298.41,card_declined,upi,0.81,1,24.29,retry_later,1,1298.41
6912.53,insufficient_funds,card,0.643,1,80.21,retry_later,1,6912.53
1286.83,network_error,upi,0.921,1,53.62,retry_now,1,1286.83
5629.75,network_error,netbanking,0.622,3,11.68,retry_later,0,0.0
1874.3,card_declined,card,0.757,2,8.19,retry_later,0,0.0
2533.81,expired_card,wallet,0.853,2,52.49,request_card_update,1,2533.81
12594.04,insufficient_funds,card,0.593,0,21.21,request_alternative_payment,0,0.0
8002.65,insufficient_funds,card,0.918,1,4.76,request_alternative_payment,1,8002.65
12538.46,insufficient_funds,netbanking,0.631,2,7.67,retry_later,1,12538.46
17413.04,card_declined,card,0.911,1,19.81,retry_later,0,0.0
2694.38,insufficient_funds,card,0.729,0,8.44,request_alternative_payment,1,2694.38
16586.93,expired_card,wallet,0.792,1,12.72,request_alternative_payment,1,16586.93
1548.11,insufficient_funds,wallet,0.767,0,7.77,request_alternative_payment,1,1548.11
9082.22,card_declined,netbanking,0.845,3,38.73,request_alternative_payment,0,0.0
3369.51,card_declined,card,0.615,2,12.37,request_alternative_payment,0,0.0
2375.48,insufficient_funds,card,0.482,3,8.39,retry_later,0,0.0
8174.45,network_error,card,0.463,0,1.77,request_card_update,0,0.0
10648.29,network_error,card,0.951,0,6.69,retry_now,1,10648.29
10398.41,network_error,wallet,0.976,1,3.05,retry_now,0,0.0
5937.72,card_declined,card,0.883,0,37.3,request_alternative_payment,1,5937.72
5556.7,card_declined,upi,0.589,1,1.23,request_alternative_payment,0,0.0
7621.18,card_declined,card,0.848,0,16.11,request_card_update,0,0.0
6375.41,network_error,upi,0.757,0,2.19,request_card_update,1,6375.41
7710.03,card_declined,card,0.751,0,8.83,request_card_update,0,0.0
5886.36,card_declined,card,0.696,3,3.57,request_card_update,0,0.0
9812.58,insufficient_funds,card,0.852,1,6.01,request_card_update,0,0.0
1360.25,network_error,wallet,0.806,1,42.24,retry_later,1,1360.25
4501.54,insufficient_funds,upi,0.789,2,6.35,retry_later,0,0.0
1652.62,expired_card,upi,0.701,2,10.84,retry_later,0,0.0
6238.87,insufficient_funds,card,0.825,1,33.15,retry_later,0,0.0
18596.66,card_declined,upi,0.706,1,34.9,retry_now,1,18596.66
3421.81,insufficient_funds,upi,0.798,0,5.54,retry_now,0,0.0
5535.82,insufficient_funds,upi,0.822,2,69.64,retry_later,0,0.0
9158.0,insufficient_funds,upi,0.8,0,71.33,request_alternative_payment,1,9158.0
956.25,network_error,netbanking,0.864,0,16.17,retry_later,1,956.25
3292.84,insufficient_funds,wallet,0.487,3,3.46,request_alternative_payment,1,3292.84
6692.92,insufficient_funds,wallet,0.467,2,8.16,request_alternative_payment,0,0.0
492.55,insufficient_funds,upi,0.81,1,10.03,retry_now,0,0.0
2288.72,insufficient_funds,card,0.512,2,13.77,retry_now,0,0.0
12062.78,expired_card,card,0.895,1,17.64,retry_now,0,0.0
11154.42,card_declined,card,0.737,3,0.61,retry_now,0,0.0
6745.61,network_error,card,0.928,1,2.22,retry_now,1,6745.61
10126.91,card_declined,card,0.955,1,9.81,request_card_update,1,10126.91
5938.88,card_declined,upi,0.632,0,31.72,request_card_update,1,5938.88
7797.12,network_error,upi,0.703,4,11.87,request_card_update,1,7797.12
3884.19,insufficient_funds,upi,0.846,1,9.34,retry_now,0,0.0
5485.39,expired_card,wallet,0.588,0,2.15,retry_now,1,5485.39
3014.82,card_declined,card,0.935,3,7.36,request_card_update,0,0.0
13738.81,card_declined,card,0.807,1,32.53,request_alternative_payment,0,0.0
16889.39,expired_card,upi,0.79,1,6.64,retry_later,0,0.0
15079.98,insufficient_funds,upi,0.759,0,38.85,request_card_update,1,15079.98
3607.27,expired_card,upi,0.638,0,5.26,retry_now,0,0.0
2331.28,expired_card,netbanking,0.692,0,62.71,retry_later,0,0.0
13887.88,insufficient_funds,card,0.805,0,50.89,request_alternative_payment,1,13887.88
7725.79,insufficient_funds,upi,0.846,2,14.92,request_alternative_payment,0,0.0
6503.27,network_error,wallet,0.712,4,1.37,request_alternative_payment,0,0.0
3011.78,insufficient_funds,card,0.51,0,9.9,retry_later,1,3011.78
7028.47,network_error,upi,0.662,1,31.8,request_card_update,0,0.0
2098.48,insufficient_funds,card,0.768,3,26.64,retry_later,0,0.0
8303.59,insufficient_funds,card,0.563,0,4.71,request_alternative_payment,1,8303.59
15067.61,card_declined,card,0.644,3,41.48,retry_later,0,0.0
18435.43,network_error,upi,0.905,1,4.49,request_alternative_payment,0,0.0
8813.26,network_error,upi,0.881,0,30.73,request_alternative_payment,1,8813.26
1655.03,card_declined,wallet,0.854,2,4.04,request_alternative_payment,0,0.0
5855.04,insufficient_funds,upi,0.792,0,3.32,request_alternative_payment,1,5855.04
27693.1,card_declined,card,0.906,1,2.61,request_alternative_payment,1,27693.1
2495.65,insufficient_funds,netbanking,0.756,0,13.14,retry_later,1,2495.65
4768.79,insufficient_funds,card,0.653,1,12.92,request_card_update,0,0.0
15490.97,insufficient_funds,upi,0.88,1,37.97,retry_later,1,15490.97
8191.89,card_declined,card,0.706,1,8.5,retry_now,0,0.0
36363.41,insufficient_funds,netbanking,0.629,0,17.11,request_card_update,0,0.0
2781.92,insufficient_funds,wallet,0.825,2,32.32,retry_now,1,2781.92
2265.13,network_error,card,0.913,3,2.97,request_card_update,0,0.0
13312.96,insufficient_funds,upi,0.671,3,40.0,retry_now,0,0.0
1920.79,expired_card,upi,0.799,1,12.04,retry_now,0,0.0
4271.75,card_declined,card,0.867,2,17.45,request_card_update,0,0.0
4744.19,insufficient_funds,card,0.915,3,28.81,request_alternative_payment,1,4744.19
11452.75,expired_card,upi,0.788,0,0.56,request_alternative_payment,1,11452.75
8173.13,card_declined,card,0.869,2,6.26,request_alternative_payment,1,8173.13
7207.27,network_error,card,0.735,1,48.43,request_card_update,1,7207.27
3623.69,card_declined,netbanking,0.694,2,1.52,request_alternative_payment,0,0.0
13216.17,card_declined,upi,0.875,0,11.86,retry_now,1,13216.17
50000.0,network_error,card,0.87,0,14.42,request_alternative_payment,1,50000.0
8692.53,card_declined,wallet,0.958,3,44.04,request_alternative_payment,1,8692.53
5415.02,card_declined,netbanking,0.855,0,34.02,retry_later,1,5415.02
1770.3,insufficient_funds,wallet,0.84,3,4.79,retry_later,0,0.0
3002.52,insufficient_funds,upi,0.821,2,35.97,request_card_update,0,0.0
4214.24,insufficient_funds,card,0.803,0,27.3,retry_now,0,0.0
3260.1,network_error,card,0.805,2,10.71,request_alternative_payment,1,3260.1
4936.1,insufficient_funds,wallet,0.88,3,19.65,request_card_update,1,4936.1
20735.57,expired_card,netbanking,0.882,0,1.92,request_alternative_payment,1,20735.57
13560.64,insufficient_funds,upi,0.884,2,24.56,retry_now,0,0.0
4403.38,card_declined,upi,0.505,4,2.48,request_card_update,0,0.0
1901.83,insufficient_funds,card,0.685,0,31.39,request_alternative_payment,0,0.0
14575.35,network_error,upi,0.746,3,6.91,retry_later,0,0.0
4807.58,network_error,card,0.775,0,1.04,retry_now,1,4807.58
1256.38,card_declined,upi,0.639,2,2.09,retry_now,0,0.0
8840.84,card_declined,upi,0.781,0,0.45,retry_later,0,0.0
11358.74,network_error,netbanking,0.67,1,4.65,retry_now,1,11358.74
718.0,insufficient_funds,upi,0.64,0,8.65,retry_now,0,0.0
2585.18,card_declined,upi,0.444,4,1.11,request_alternative_payment,0,0.0
4577.14,network_error,card,0.841,2,45.12,request_card_update,0,0.0
8998.4,insufficient_funds,card,0.871,3,2.66,retry_later,0,0.0
3309.64,network_error,card,0.923,3,6.74,request_card_update,0,0.0
2569.53,network_error,card,0.9,2,28.92,request_card_update,0,0.0
8945.7,insufficient_funds,card,0.689,0,40.51,retry_now,1,8945.7
3437.62,insufficient_funds,card,0.777,4,1.0,retry_now,1,3437.62
7714.35,card_declined,upi,0.782,0,9.49,retry_later,1,7714.35
2054.9,network_error,card,0.316,3,30.14,retry_now,0,0.0
1694.81,card_declined,upi,0.84,2,56.18,retry_now,1,1694.81
9149.08,card_declined,netbanking,0.734,1,12.05,request_card_update,0,0.0
6119.34,insufficient_funds,card,0.607,2,21.14,retry_now,0,0.0
10458.37,insufficient_funds,card,0.846,0,2.4,request_card_update,1,10458.37
3265.34,insufficient_funds,card,0.775,1,11.84,retry_now,1,3265.34
2646.81,insufficient_funds,card,0.726,0,11.52,request_card_update,1,2646.81
14850.2,insufficient_funds,upi,0.609,4,53.34,retry_now,0,0.0
1478.56,insufficient_funds,netbanking,0.702,0,10.19,retry_later,1,1478.56
13607.3,card_declined,card,0.603,2,7.54,retry_now,0,0.0
14380.05,card_declined,card,0.876,2,22.39,request_card_update,1,14380.05
9949.37,insufficient_funds,card,0.69,2,21.26,retry_now,0,0.0
2884.04,card_declined,card,0.374,1,33.27,retry_now,0,0.0
2601.84,insufficient_funds,netbanking,0.761,1,21.14,request_card_update,0,0.0
4226.58,card_declined,upi,0.762,2,74.98,request_alternative_payment,0,0.0
1774.3,expired_card,upi,0.754,1,5.41,request_card_update,0,0.0
2316.56,card_declined,netbanking,0.758,2,8.96,retry_now,0,0.0
8374.78,insufficient_funds,upi,0.822,0,40.1,request_alternative_payment,1,8374.78
8405.76,insufficient_funds,card,0.939,2,3.16,retry_later,0,0.0
2159.29,network_error,upi,0.89,2,0.81,retry_now,0,0.0
8587.74,insufficient_funds,upi,0.893,2,27.13,retry_later,1,8587.74
7191.36,expired_card,card,0.955,1,35.75,request_alternative_payment,1,7191.36
16732.4,card_declined,upi,0.746,2,6.96,retry_now,1,16732.4
7883.3,insufficient_funds,upi,0.798,1,19.53,request_card_update,1,7883.3
11661.62,card_declined,card,0.868,0,4.98,request_alternative_payment,0,0.0
7323.59,network_error,upi,0.751,1,0.44,request_card_update,1,7323.59
10950.46,card_declined,card,0.621,1,51.92,retry_later,0,0.0
1785.58,expired_card,card,0.781,0,43.76,retry_later,1,1785.58
4535.99,expired_card,card,0.61,0,14.43,request_alternative_payment,0,0.0
4846.48,insufficient_funds,upi,0.56,2,7.51,retry_now,0,0.0
4114.17,insufficient_funds,netbanking,0.904,2,0.25,retry_later,0,0.0
7131.68,insufficient_funds,upi,0.552,0,45.47,retry_now,0,0.0
8305.7,card_declined,upi,0.826,4,13.44,retry_now,0,0.0
6843.12,card_declined,card,0.859,0,7.97,request_card_update,0,0.0
4340.04,insufficient_funds,upi,0.95,1,35.37,request_card_update,1,4340.04
2775.56,expired_card,card,0.58,2,8.22,request_card_update,1,2775.56
12027.39,insufficient_funds,upi,0.782,2,8.33,request_card_update,1,12027.39
6614.24,network_error,upi,0.818,1,31.77,request_alternative_payment,0,0.0
2213.44,network_error,card,0.447,3,38.09,request_alternative_payment,1,2213.44
4282.29,insufficient_funds,wallet,0.701,2,15.28,retry_now,1,4282.29
1239.61,insufficient_funds,card,0.89,0,13.89,request_alternative_payment,1,1239.61
5143.5,insufficient_funds,upi,0.99,2,8.27,retry_later,1,5143.5
4266.24,expired_card,upi,0.546,0,35.85,retry_later,0,0.0
3157.76,card_declined,upi,0.563,0,3.23,request_card_update,0,0.0
17763.01,network_error,upi,0.887,1,21.61,request_alternative_payment,1,17763.01
1982.81,card_declined,card,0.845,1,0.62,request_alternative_payment,1,1982.81
8798.25,card_declined,wallet,0.945,0,17.61,request_card_update,0,0.0
28754.79,expired_card,upi,0.731,0,33.39,retry_now,0,0.0
11837.26,card_declined,upi,0.739,2,2.91,request_card_update,1,11837.26
4875.42,network_error,upi,0.779,1,12.84,request_card_update,1,4875.42
2018.15,card_declined,card,0.51,1,9.53,retry_later,0,0.0
1681.67,insufficient_funds,netbanking,0.974,2,27.59,retry_later,0,0.0
3597.35,insufficient_funds,card,0.759,4,22.06,retry_now,0,0.0
2885.9,insufficient_funds,netbanking,0.377,1,2.26,retry_later,0,0.0
2811.73,network_error,card,0.774,1,6.58,request_alternative_payment,0,0.0
3851.21,card_declined,netbanking,0.411,2,4.74,request_alternative_payment,0,0.0
4607.29,card_declined,wallet,0.914,2,1.18,retry_later,0,0.0
7371.4,insufficient_funds,wallet,0.753,1,57.05,retry_later,0,0.0
1857.44,card_declined,netbanking,0.641,2,0.93,retry_later,1,1857.44
2896.9,network_error,upi,0.853,2,55.85,retry_now,0,0.0
4400.42,card_declined,upi,0.879,2,23.41,request_card_update,0,0.0
4276.14,expired_card,card,0.804,0,21.62,retry_later,0,0.0
21727.46,insufficient_funds,upi,0.671,2,9.43,request_alternative_payment,0,0.0
6020.89,insufficient_funds,upi,0.507,1,48.28,request_card_update,0,0.0
1375.15,card_declined,card,0.954,2,13.41,request_alternative_payment,1,1375.15
6986.52,insufficient_funds,upi,0.84,0,17.83,retry_later,1,6986.52
7736.65,network_error,card,0.406,1,17.33,retry_later,0,0.0
4523.72,network_error,upi,0.913,2,18.59,request_card_update,1,4523.72
1894.06,insufficient_funds,upi,0.942,3,12.74,retry_later,0,0.0
20407.08,expired_card,netbanking,0.641,3,23.97,retry_now,1,20407.08
2124.49,insufficient_funds,card,0.966,1,48.7,request_card_update,0,0.0
8482.93,network_error,card,0.503,2,0.51,request_alternative_payment,0,0.0
5867.79,card_declined,upi,0.786,1,12.17,retry_later,1,5867.79
8085.61,network_error,upi,0.788,0,33.31,retry_now,0,0.0
19588.14,insufficient_funds,card,0.495,1,5.29,request_card_update,1,19588.14
7836.16,expired_card,upi,0.894,4,4.83,retry_now,1,7836.16
3197.94,expired_card,wallet,0.555,1,94.28,retry_now,0,0.0
12112.42,card_declined,upi,0.653,1,25.43,retry_now,0,0.0
3017.89,card_declined,card,0.638,3,31.24,request_card_update,0,0.0
5698.96,card_declined,card,0.964,0,22.74,request_card_update,0,0.0
1777.08,card_declined,upi,0.815,0,20.62,retry_later,0,0.0
2187.62,card_declined,upi,0.959,1,15.13,request_alternative_payment,0,0.0
5209.83,card_declined,wallet,0.881,0,22.43,retry_later,1,5209.83
6712.07,expired_card,card,0.712,2,0.59,retry_later,1,6712.07
1280.85,card_declined,upi,0.733,1,12.79,request_card_update,0,0.0
7442.95,insufficient_funds,wallet,0.911,1,24.25,request_card_update,0,0.0
2595.8,expired_card,card,0.864,4,15.01,retry_now,0,0.0
13918.07,insufficient_funds,wallet,0.755,1,23.48,request_alternative_payment,1,13918.07
3772.98,insufficient_funds,upi,0.917,2,3.31,retry_now,1,3772.98
2035.09,expired_card,upi,0.963,4,13.83,retry_now,1,2035.09
5312.6,insufficient_funds,card,0.649,1,31.1,retry_now,1,5312.6
2402.36,insufficient_funds,netbanking,0.939,0,13.57,retry_later,1,2402.36
13798.97,card_declined,wallet,0.733,2,7.95,retry_now,0,0.0
5002.12,network_error,card,0.693,1,16.06,retry_now,0,0.0
4428.66,insufficient_funds,upi,0.882,1,60.16,request_card_update,1,4428.66
8027.54,card_declined,card,0.756,2,9.43,retry_later,0,0.0
2237.77,insufficient_funds,card,0.887,2,16.27,retry_now,1,2237.77
1782.67,card_declined,upi,0.739,0,14.74,retry_later,1,1782.67
6931.8,insufficient_funds,upi,0.801,0,3.22,request_card_update,1,6931.8
2074.46,insufficient_funds,card,0.75,2,88.61,request_alternative_payment,0,0.0
2073.9,expired_card,card,0.823,1,25.68,request_card_update,0,0.0
9765.37,card_declined,card,0.724,0,5.84,retry_now,0,0.0
7610.2,network_error,card,0.973,0,13.62,retry_now,1,7610.2
1833.77,expired_card,card,0.825,0,19.77,retry_later,0,0.0
3046.91,expired_card,card,0.847,0,27.59,retry_later,0,0.0
2426.51,network_error,netbanking,0.711,2,3.11,request_card_update,1,2426.51
20707.45,insufficient_funds,card,0.786,3,1.04,request_card_update,0,0.0
10321.68,network_error,wallet,0.983,2,9.36,request_card_update,1,10321.68
3570.7,card_declined,card,0.81,1,0.99,request_alternative_payment,0,0.0
7927.94,insufficient_funds,upi,0.871,2,16.36,request_alternative_payment,0,0.0
1689.6,card_declined,card,0.933,1,17.34,request_card_update,0,0.0
2919.23,insufficient_funds,card,0.808,0,12.87,request_card_update,1,2919.23
5437.55,card_declined,upi,0.406,1,4.81,request_card_update,1,5437.55
7179.45,network_error,card,0.501,1,12.49,retry_later,0,0.0
4624.97,card_declined,card,0.729,0,27.46,retry_now,0,0.0
6097.32,insufficient_funds,card,0.976,3,8.92,request_alternative_payment,1,6097.32
5323.37,insufficient_funds,netbanking,0.693,0,1.0,request_alternative_payment,0,0.0
4386.69,expired_card,card,0.672,2,22.39,retry_now,0,0.0
3945.29,card_declined,card,0.654,0,14.07,retry_now,1,3945.29
3555.25,card_declined,card,0.811,1,4.45,request_card_update,1,3555.25
6019.4,network_error,upi,0.938,2,29.89,request_card_update,1,6019.4
6945.48,network_error,wallet,0.598,2,40.2,request_card_update,0,0.0
5859.86,card_declined,card,0.855,0,1.93,retry_later,0,0.0
1947.53,card_declined,card,0.833,1,54.01,retry_now,0,0.0
2248.57,insufficient_funds,upi,0.889,1,30.2,retry_later,0,0.0
6879.48,expired_card,wallet,0.555,0,18.82,request_card_update,0,0.0
16228.62,card_declined,card,0.825,2,15.38,retry_now,0,0.0
5648.39,network_error,netbanking,0.679,1,1.06,retry_later,0,0.0
3597.01,insufficient_funds,upi,0.826,1,43.14,request_alternative_payment,0,0.0
5982.93,card_declined,card,0.555,0,8.48,request_card_update,1,5982.93
2013.71,card_declined,netbanking,0.564,1,9.45,request_card_update,0,0.0
14247.66,card_declined,upi,0.694,1,4.98,retry_now,0,0.0
5804.96,network_error,card,0.888,0,4.6,retry_now,0,0.0
2926.69,network_error,card,0.601,2,20.04,request_alternative_payment,0,0.0
4375.42,insufficient_funds,card,0.548,0,96.0,request_card_update,0,0.0
3279.89,expired_card,card,0.758,1,17.38,retry_later,0,0.0
14278.77,insufficient_funds,upi,0.762,0,2.45,retry_now,0,0.0
4253.09,card_declined,upi,0.571,1,26.36,request_card_update,1,4253.09
5661.74,insufficient_funds,netbanking,0.862,3,24.74,request_card_update,0,0.0
7912.3,insufficient_funds,upi,0.601,1,1.35,retry_later,1,7912.3
2764.4,expired_card,card,0.528,4,5.69,retry_now,0,0.0
5838.1,insufficient_funds,card,0.434,2,11.09,retry_now,0,0.0
6227.57,expired_card,netbanking,0.589,3,17.87,retry_now,0,0.0
1442.21,insufficient_funds,card,0.599,3,12.57,retry_now,1,1442.21
6120.2,network_error,card,0.762,3,6.72,retry_now,0,0.0
4820.26,insufficient_funds,upi,0.838,0,4.18,retry_later,1,4820.26
5547.85,card_declined,netbanking,0.855,2,20.95,retry_now,0,0.0
5144.57,expired_card,card,0.618,0,21.71,retry_now,0,0.0
6151.98,card_declined,upi,0.86,2,2.22,request_card_update,0,0.0
14575.07,card_declined,card,0.852,1,10.3,request_alternative_payment,1,14575.07
1946.11,network_error,netbanking,0.677,0,21.08,request_alternative_payment,1,1946.11
3802.72,network_error,upi,0.654,3,11.0,retry_later,1,3802.72
8522.7,insufficient_funds,upi,0.543,2,2.29,request_card_update,0,0.0
7346.17,network_error,card,0.787,2,2.07,request_card_update,0,0.0
7220.78,network_error,upi,0.872,3,7.14,retry_now,1,7220.78
45254.39,network_error,card,0.986,4,14.03,retry_now,1,45254.39
8172.27,insufficient_funds,upi,0.995,2,2.37,retry_now,0,0.0
12356.57,card_declined,wallet,0.924,1,1.82,request_alternative_payment,0,0.0
3910.95,expired_card,card,0.631,0,35.13,retry_now,1,3910.95
2259.42,card_declined,upi,0.718,2,17.58,retry_later,0,0.0
3888.35,card_declined,card,0.566,1,71.89,request_card_update,0,0.0
8837.52,expired_card,upi,0.951,1,9.44,request_alternative_payment,0,0.0
6923.35,insufficient_funds,upi,0.852,2,9.6,retry_later,0,0.0
6903.57,card_declined,upi,0.574,2,43.63,request_card_update,0,0.0
4212.1,network_error,upi,0.902,0,0.25,request_alternative_payment,1,4212.1
3707.64,network_error,wallet,0.646,0,1.87,request_card_update,0,0.0
4329.93,expired_card,netbanking,0.808,0,2.64,retry_later,0,0.0
8926.45,network_error,wallet,0.9,2,10.77,request_alternative_payment,0,0.0
9796.45,insufficient_funds,card,0.965,1,7.5,request_alternative_payment,0,0.0
2235.45,card_declined,wallet,0.656,1,47.35,retry_later,0,0.0
9201.0,insufficient_funds,card,0.764,1,14.75,request_alternative_payment,0,0.0
2970.89,expired_card,card,0.826,2,10.61,retry_later,1,2970.89
7275.96,insufficient_funds,card,0.815,1,1.03,retry_now,1,7275.96
4288.19,card_declined,card,0.468,4,70.88,request_alternative_payment,0,0.0
17497.69,card_declined,netbanking,0.664,1,5.6,request_card_update,1,17497.69
3578.62,insufficient_funds,card,0.699,1,30.88,request_card_update,0,0.0
5768.01,insufficient_funds,upi,0.756,0,20.82,retry_later,1,5768.01
8123.1,card_declined,card,0.825,1,25.07,request_alternative_payment,1,8123.1
2485.0,insufficient_funds,card,0.521,0,7.87,retry_now,0,0.0
4716.9,expired_card,netbanking,0.899,1,8.55,request_alternative_payment,0,0.0
4039.7,expired_card,upi,0.918,0,5.37,request_card_update,1,4039.7
3314.77,insufficient_funds,card,0.748,0,6.77,request_card_update,1,3314.77
3517.18,expired_card,upi,0.783,4,19.7,request_card_update,0,0.0
12170.92,insufficient_funds,netbanking,0.846,0,8.79,request_alternative_payment,1,12170.92
3097.51,insufficient_funds,card,0.963,3,2.56,retry_later,0,0.0
7866.11,insufficient_funds,card,0.788,2,5.57,retry_now,0,0.0
6430.9,network_error,wallet,0.51,0,9.64,retry_later,1,6430.9
1635.35,network_error,card,0.714,1,6.81,retry_later,1,1635.35
7574.39,insufficient_funds,card,0.821,2,0.25,retry_now,1,7574.39
1613.86,network_error,card,0.885,1,1.15,request_alternative_payment,1,1613.86
8264.02,network_error,card,0.566,0,4.81,retry_now,1,8264.02
3332.37,network_error,wallet,0.819,1,15.53,retry_now,1,3332.37
5033.58,card_declined,wallet,0.7,1,15.07,retry_now,0,0.0
1775.38,network_error,upi,0.814,0,4.01,retry_now,1,1775.38
5514.29,card_declined,upi,0.908,0,9.34,request_card_update,0,0.0
10496.04,insufficient_funds,netbanking,0.799,1,14.01,request_card_update,0,0.0
2621.81,network_error,upi,0.726,4,96.0,request_card_update,0,0.0
3076.23,insufficient_funds,upi,0.677,3,3.67,request_card_update,0,0.0
7193.19,network_error,wallet,0.886,2,4.75,request_card_update,0,0.0
7338.49,network_error,card,0.692,1,13.94,retry_later,1,7338.49
713.26,insufficient_funds,card,0.879,0,8.18,request_card_update,1,713.26
25072.28,insufficient_funds,netbanking,0.341,4,2.22,request_card_update,1,25072.28
7631.47,network_error,upi,0.753,3,21.2,request_alternative_payment,1,7631.47
8731.81,network_error,card,0.717,0,17.43,retry_later,0,0.0
4457.58,network_error,card,0.732,1,24.36,retry_later,0,0.0
1133.32,card_declined,upi,0.498,1,0.25,retry_now,0,0.0
8578.13,insufficient_funds,upi,0.799,1,96.0,retry_later,0,0.0
3181.29,insufficient_funds,netbanking,0.732,1,3.11,retry_now,1,3181.29
7725.94,network_error,netbanking,0.906,4,20.06,request_card_update,0,0.0
4197.11,card_declined,upi,0.839,0,18.23,retry_now,1,4197.11
6048.86,network_error,upi,0.813,3,6.52,request_alternative_payment,1,6048.86
2689.73,insufficient_funds,upi,0.653,0,13.54,request_alternative_payment,1,2689.73
9983.65,insufficient_funds,card,0.8,1,0.44,retry_later,1,9983.65
1932.35,card_declined,card,0.939,1,7.55,retry_now,0,0.0
30141.21,card_declined,card,0.827,2,76.79,request_alternative_payment,1,30141.21
29958.01,card_declined,netbanking,0.816,1,14.22,request_alternative_payment,1,29958.01
18459.84,insufficient_funds,netbanking,0.93,0,10.23,request_alternative_payment,1,18459.84
13871.29,network_error,card,0.7,2,18.79,retry_later,1,13871.29
4672.99,card_declined,netbanking,0.807,0,0.53,retry_later,1,4672.99
12713.64,network_error,upi,0.656,0,19.61,request_alternative_payment,1,12713.64
4629.72,card_declined,card,0.763,0,3.45,retry_now,0,0.0
1442.86,card_declined,card,0.704,1,20.12,request_card_update,1,1442.86
16643.16,network_error,netbanking,0.405,1,42.59,retry_now,0,0.0
12335.7,card_declined,card,0.811,1,2.3,retry_now,1,12335.7
4876.2,card_declined,upi,0.868,0,5.08,retry_now,0,0.0
1876.28,card_declined,upi,0.932,2,10.26,retry_now,0,0.0
3128.26,insufficient_funds,upi,0.426,0,18.63,retry_now,1,3128.26
1164.77,expired_card,upi,0.611,4,0.25,request_card_update,0,0.0
10649.39,insufficient_funds,upi,0.803,1,29.11,retry_later,1,10649.39
1386.51,insufficient_funds,wallet,0.943,1,39.7,request_alternative_payment,0,0.0
6289.63,network_error,card,0.851,2,16.74,retry_now,0,0.0
2545.9,insufficient_funds,card,0.508,1,55.38,request_alternative_payment,0,0.0
1596.92,expired_card,card,0.894,2,8.1,retry_now,0,0.0
6050.39,card_declined,upi,0.598,2,10.27,retry_later,0,0.0
3828.21,insufficient_funds,upi,0.899,1,12.82,retry_later,1,3828.21
9776.57,insufficient_funds,upi,0.289,0,28.05,retry_later,0,0.0
1813.67,insufficient_funds,card,0.883,1,37.67,retry_now,0,0.0
2728.05,insufficient_funds,upi,0.497,2,7.9,retry_later,0,0.0
740.32,insufficient_funds,netbanking,0.267,2,13.1,request_alternative_payment,1,740.32
871.06,insufficient_funds,upi,0.832,1,14.57,request_card_update,1,871.06
21072.98,insufficient_funds,upi,0.674,0,22.77,request_alternative_payment,0,0.0
26478.06,card_declined,upi,0.838,1,9.21,request_card_update,1,26478.06
5385.01,insufficient_funds,upi,0.787,1,0.59,retry_now,0,0.0
2586.68,insufficient_funds,card,0.704,2,22.16,retry_now,0,0.0
3938.02,insufficient_funds,upi,0.752,2,30.79,retry_now,0,0.0
10057.29,insufficient_funds,card,0.74,1,0.97,retry_now,1,10057.29
3313.24,insufficient_funds,card,0.655,2,2.85,retry_now,0,0.0
6046.9,insufficient_funds,upi,0.554,1,73.76,request_card_update,0,0.0
4949.24,card_declined,card,0.557,1,14.02,retry_later,0,0.0
3172.08,expired_card,card,0.659,3,13.81,retry_now,1,3172.08
3282.1,insufficient_funds,upi,0.943,1,20.7,retry_now,1,3282.1
6322.37,insufficient_funds,upi,0.863,0,0.79,request_card_update,1,6322.37
2288.57,network_error,card,0.877,1,13.29,retry_now,1,2288.57
7176.57,card_declined,card,0.701,0,6.67,retry_now,0,0.0
3428.68,insufficient_funds,upi,0.796,0,18.14,retry_now,1,3428.68
5536.33,network_error,upi,0.597,1,6.69,request_alternative_payment,1,5536.33
15128.92,network_error,upi,0.71,0,7.91,request_alternative_payment,1,15128.92
4370.53,expired_card,upi,0.946,0,70.15,retry_now,1,4370.53
10436.21,expired_card,netbanking,0.708,1,27.26,retry_now,0,0.0
1192.21,card_declined,card,0.826,0,24.23,request_alternative_payment,0,0.0
3432.01,network_error,upi,0.303,4,2.97,retry_now,1,3432.01
5111.99,card_declined,card,0.584,1,1.76,retry_later,0,0.0
23291.83,expired_card,card,0.835,1,2.18,request_alternative_payment,0,0.0
1042.35,card_declined,wallet,0.901,1,13.15,request_card_update,1,1042.35
4629.6,insufficient_funds,netbanking,0.702,2,4.1,retry_later,1,4629.6
16035.24,insufficient_funds,card,0.836,2,22.06,retry_now,0,0.0
2668.25,card_declined,card,0.703,2,16.67,retry_later,0,0.0
4217.18,card_declined,netbanking,0.673,0,1.77,retry_later,1,4217.18
6519.7,network_error,card,0.749,1,34.4,request_card_update,1,6519.7
5795.29,insufficient_funds,wallet,0.817,1,7.13,retry_later,0,0.0
17497.43,network_error,card,0.614,1,0.69,retry_later,1,17497.43
7157.9,insufficient_funds,card,0.899,0,5.79,retry_now,0,0.0
14463.9,card_declined,card,0.7,0,19.37,request_card_update,0,0.0
3748.78,card_declined,upi,0.884,1,42.55,retry_now,1,3748.78
2764.94,insufficient_funds,card,0.876,1,7.31,retry_now,1,2764.94
4173.94,card_declined,card,0.518,2,44.28,retry_now,1,4173.94
1978.14,insufficient_funds,wallet,0.693,2,25.75,retry_later,0,0.0
7361.38,insufficient_funds,card,0.783,0,6.04,request_alternative_payment,1,7361.38
3672.0,network_error,upi,0.665,2,16.54,retry_later,0,0.0
2921.24,insufficient_funds,card,0.83,0,34.67,request_alternative_payment,0,0.0
7451.12,network_error,upi,0.64,0,7.98,request_alternative_payment,0,0.0
2002.64,network_error,card,0.86,0,12.44,retry_now,1,2002.64
9261.26,insufficient_funds,upi,0.916,0,20.32,request_card_update,1,9261.26
3410.19,expired_card,netbanking,0.724,3,43.66,retry_now,1,3410.19
12638.09,network_error,netbanking,0.646,1,8.39,request_alternative_payment,1,12638.09
3651.9,network_error,wallet,0.721,0,6.84,retry_now,0,0.0
8289.3,network_error,card,0.752,2,13.11,request_alternative_payment,0,0.0
5772.4,card_declined,card,0.772,1,9.38,retry_later,0,0.0
9066.26,expired_card,card,0.534,3,3.91,request_alternative_payment,0,0.0
5459.71,insufficient_funds,upi,0.578,2,17.66,request_card_update,0,0.0
1321.44,insufficient_funds,card,0.461,3,13.54,retry_now,0,0.0
11206.26,network_error,netbanking,0.815,2,8.0,request_card_update,1,11206.26
4661.29,insufficient_funds,wallet,0.822,2,11.41,request_card_update,1,4661.29
9403.21,card_declined,card,0.698,1,18.59,request_alternative_payment,1,9403.21
8685.33,card_declined,card,0.603,0,18.18,retry_now,0,0.0
2693.39,insufficient_funds,upi,0.489,1,27.03,request_alternative_payment,1,2693.39
2405.12,expired_card,card,0.91,1,46.84,request_card_update,0,0.0
8446.25,insufficient_funds,card,0.936,0,4.01,request_alternative_payment,0,0.0
3922.93,insufficient_funds,card,0.814,0,31.21,request_card_update,1,3922.93
10575.94,network_error,netbanking,0.869,1,9.61,request_card_update,0,0.0
4335.67,network_error,upi,0.667,1,10.74,retry_later,0,0.0
11338.07,network_error,card,0.594,1,14.55,request_card_update,1,11338.07
7015.22,insufficient_funds,card,0.845,0,31.99,retry_now,1,7015.22
6295.39,expired_card,netbanking,0.797,0,19.69,request_card_update,0,0.0
3707.02,card_declined,card,0.755,0,17.34,retry_later,1,3707.02
6021.76,network_error,netbanking,0.941,0,82.36,retry_now,0,0.0
12984.03,insufficient_funds,upi,0.755,1,20.86,request_card_update,1,12984.03
4787.77,card_declined,wallet,0.711,1,18.07,request_card_update,0,0.0
7647.49,card_declined,netbanking,0.801,1,7.78,retry_later,0,0.0
5188.92,card_declined,netbanking,0.777,1,4.82,retry_later,0,0.0
5524.1,insufficient_funds,upi,0.842,1,0.38,retry_later,0,0.0
19849.26,card_declined,upi,0.715,0,0.53,retry_later,1,19849.26
13076.57,network_error,card,0.89,1,11.23,request_alternative_payment,1,13076.57
5327.92,card_declined,upi,0.807,0,7.98,request_alternative_payment,0,0.0
5935.8,card_declined,upi,0.768,2,16.73,retry_later,0,0.0
2851.77,insufficient_funds,upi,0.843,3,36.72,request_alternative_payment,1,2851.77
4353.85,expired_card,upi,0.965,1,8.35,request_alternative_payment,0,0.0
6404.21,card_declined,card,0.961,0,45.43,request_alternative_payment,1,6404.21
9874.23,card_declined,card,0.79,0,3.72,retry_later,1,9874.23
9104.92,expired_card,card,0.81,0,9.67,request_alternative_payment,0,0.0
2058.61,network_error,card,0.949,0,0.96,request_card_update,0,0.0
10924.68,insufficient_funds,upi,0.894,1,17.87,request_alternative_payment,1,10924.68
4657.22,card_declined,netbanking,0.497,2,32.28,request_card_update,1,4657.22
2270.15,expired_card,upi,0.58,1,50.21,retry_later,0,0.0
14563.9,insufficient_funds,wallet,0.607,0,0.34,request_alternative_payment,0,0.0
16120.01,card_declined,wallet,0.967,0,9.23,retry_now,0,0.0
6174.55,insufficient_funds,card,0.855,0,11.64,retry_later,0,0.0
8815.16,network_error,upi,0.849,1,24.18,retry_now,1,8815.16
9238.66,card_declined,card,0.954,0,5.77,retry_now,1,9238.66
15272.53,expired_card,netbanking,0.762,3,17.19,retry_later,1,15272.53
8952.14,network_error,upi,0.668,0,17.15,retry_later,1,8952.14
1728.56,insufficient_funds,card,0.629,1,5.6,retry_later,0,0.0
24960.24,card_declined,card,0.619,3,32.51,request_alternative_payment,0,0.0
11727.82,expired_card,upi,0.619,4,5.93,retry_now,0,0.0
3326.16,insufficient_funds,card,0.878,0,10.17,request_card_update,1,3326.16
2194.03,insufficient_funds,card,0.71,1,1.16,retry_later,0,0.0
7487.9,network_error,netbanking,0.387,2,18.4,retry_now,0,0.0
4002.14,card_declined,card,0.488,0,16.7,retry_now,1,4002.14
6510.62,insufficient_funds,upi,0.796,1,33.24,request_card_update,1,6510.62
9062.67,insufficient_funds,upi,0.844,4,1.32,retry_later,0,0.0
3178.1,insufficient_funds,card,0.821,3,12.25,retry_now,1,3178.1
2047.36,network_error,card,0.771,3,0.99,retry_later,0,0.0
6807.96,card_declined,card,0.637,1,25.01,request_card_update,0,0.0
3263.26,card_declined,wallet,0.377,1,6.75,retry_later,1,3263.26
5619.9,network_error,upi,0.505,0,18.56,retry_later,1,5619.9
1707.07,insufficient_funds,card,0.724,2,7.95,request_card_update,1,1707.07
4086.51,network_error,netbanking,0.956,2,29.88,retry_now,1,4086.51
8858.69,card_declined,card,0.804,1,12.93,request_card_update,0,0.0
8118.81,card_declined,card,0.614,3,19.96,request_alternative_payment,1,8118.81
2661.13,card_declined,card,0.949,0,23.84,retry_now,0,0.0
1963.69,network_error,netbanking,0.664,2,16.15,request_card_update,1,1963.69
5063.45,expired_card,card,0.611,1,2.86,request_alternative_payment,0,0.0
7832.36,insufficient_funds,upi,0.536,0,12.45,request_card_update,1,7832.36
6914.21,insufficient_funds,card,0.869,1,5.78,request_alternative_payment,1,6914.21
3319.15,card_declined,netbanking,0.796,2,20.36,request_card_update,0,0.0
6345.19,card_declined,netbanking,0.626,2,49.27,retry_later,1,6345.19
16631.9,insufficient_funds,card,0.661,1,4.3,request_card_update,0,0.0
5891.75,expired_card,card,0.898,0,8.68,retry_now,0,0.0
1353.81,network_error,upi,0.946,0,28.12,retry_later,1,1353.81
5882.6,card_declined,card,0.746,4,3.7,retry_now,0,0.0
25651.54,card_declined,card,0.756,1,11.96,request_card_update,0,0.0
1785.19,insufficient_funds,upi,0.721,1,4.56,request_card_update,1,1785.19
5120.32,card_declined,upi,0.957,0,22.6,retry_later,0,0.0
4171.89,card_declined,netbanking,0.552,1,12.17,request_alternative_payment,0,0.0
5398.62,expired_card,card,0.847,4,6.0,retry_now,0,0.0
5840.64,card_declined,card,0.868,1,41.99,retry_later,1,5840.64
12446.2,insufficient_funds,upi,0.799,2,25.17,request_card_update,1,12446.2
5350.9,insufficient_funds,upi,0.824,3,60.33,retry_now,0,0.0
13891.06,insufficient_funds,card,0.748,3,96.0,retry_now,0,0.0
4550.85,expired_card,card,0.576,3,24.54,request_card_update,0,0.0
3778.51,network_error,card,0.538,3,12.23,retry_now,1,3778.51
2927.33,network_error,upi,0.777,1,12.41,request_alternative_payment,0,0.0
1168.56,network_error,wallet,0.698,3,0.5,retry_later,1,1168.56
6234.28,insufficient_funds,card,0.896,2,12.43,request_card_update,1,6234.28
25858.47,network_error,upi,0.963,4,10.38,request_alternative_payment,0,0.0
7214.02,network_error,card,0.448,3,6.76,request_card_update,0,0.0
8661.05,insufficient_funds,card,0.657,1,5.24,retry_later,0,0.0
3593.09,card_declined,netbanking,0.843,0,4.1,request_alternative_payment,1,3593.09
4112.25,network_error,upi,0.932,4,17.68,request_alternative_payment,1,4112.25
10991.82,expired_card,card,0.901,1,17.09,request_alternative_payment,0,0.0
24938.0,insufficient_funds,upi,0.854,3,5.56,request_alternative_payment,1,24938.0
16441.3,expired_card,card,0.64,1,38.05,retry_now,1,16441.3
9522.27,expired_card,card,0.67,1,14.25,request_alternative_payment,0,0.0
5142.6,expired_card,netbanking,0.78,3,28.53,retry_later,0,0.0
5913.35,insufficient_funds,card,0.696,0,0.41,request_card_update,1,5913.35
2736.37,insufficient_funds,upi,0.744,1,15.54,retry_later,1,2736.37
1569.73,network_error,upi,0.471,3,3.93,request_alternative_payment,0,0.0
2029.93,insufficient_funds,netbanking,0.439,1,7.36,retry_now,0,0.0
5203.22,insufficient_funds,card,0.687,2,5.58,retry_now,0,0.0
3958.42,network_error,upi,0.889,1,40.54,request_card_update,0,0.0
1543.24,insufficient_funds,card,0.554,1,9.55,retry_now,0,0.0
4852.91,card_declined,card,0.93,1,3.55,request_card_update,0,0.0
3875.57,expired_card,card,0.837,4,10.27,request_alternative_payment,0,0.0
1956.5,card_declined,upi,0.855,2,4.96,retry_now,1,1956.5
3718.4,expired_card,card,0.895,4,2.51,retry_later,0,0.0
3867.76,card_declined,wallet,0.851,3,13.63,retry_now,0,0.0
3053.01,insufficient_funds,card,0.97,0,7.48,retry_later,1,3053.01
10493.69,insufficient_funds,netbanking,0.781,3,16.02,retry_now,1,10493.69
1091.02,card_declined,card,0.984,0,0.27,retry_later,1,1091.02
1021.02,insufficient_funds,card,0.878,3,1.6,request_card_update,0,0.0
5013.16,network_error,upi,0.755,1,19.98,retry_later,1,5013.16
5399.68,expired_card,card,0.459,0,24.81,retry_now,0,0.0
6908.9,insufficient_funds,upi,0.651,2,4.65,retry_later,1,6908.9
3248.71,insufficient_funds,netbanking,0.846,3,6.71,request_card_update,1,3248.71
2399.11,card_declined,upi,0.818,4,48.41,request_alternative_payment,0,0.0
4970.82,card_declined,netbanking,0.696,0,9.92,retry_now,0,0.0
3511.96,insufficient_funds,card,0.461,2,30.2,request_card_update,0,0.0
17292.88,insufficient_funds,upi,0.625,0,5.49,retry_now,0,0.0
3857.64,insufficient_funds,upi,0.676,0,26.52,retry_later,1,3857.64
4791.72,card_declined,upi,0.965,0,9.49,request_card_update,1,4791.72
36225.83,insufficient_funds,upi,0.884,2,4.56,retry_now,1,36225.83
4278.62,network_error,upi,0.894,0,4.6,request_card_update,0,0.0
7801.87,insufficient_funds,netbanking,0.689,2,77.61,retry_later,0,0.0
8385.34,card_declined,card,0.849,4,4.09,request_card_update,0,0.0
8976.04,card_declined,card,0.668,2,16.38,request_card_update,0,0.0
6303.01,insufficient_funds,card,0.642,0,79.28,request_card_update,1,6303.01
5838.71,expired_card,card,0.89,3,25.54,request_card_update,0,0.0
5417.88,network_error,upi,0.796,2,28.63,request_card_update,1,5417.88
3153.91,expired_card,card,0.76,1,1.09,request_card_update,0,0.0
6487.34,card_declined,card,0.938,4,16.26,retry_later,0,0.0
25339.25,card_declined,wallet,0.74,0,22.17,request_card_update,0,0.0
13170.55,insufficient_funds,wallet,0.678,0,15.63,request_alternative_payment,1,13170.55
6376.2,card_declined,upi,0.755,0,3.19,request_alternative_payment,0,0.0
9915.53,card_declined,upi,0.686,0,12.53,retry_now,0,0.0
2494.52,card_declined,card,0.537,0,4.57,request_alternative_payment,0,0.0
4059.37,insufficient_funds,upi,0.727,1,10.65,request_alternative_payment,1,4059.37
10673.01,insufficient_funds,card,0.824,0,11.99,retry_later,0,0.0
16431.03,insufficient_funds,card,0.684,1,0.37,retry_later,0,0.0
2698.63,insufficient_funds,netbanking,0.507,0,5.1,request_card_update,1,2698.63
3395.89,card_declined,card,0.668,1,76.46,retry_now,0,0.0
28632.39,expired_card,card,0.718,1,3.54,retry_now,0,0.0
5400.26,insufficient_funds,upi,0.838,0,4.69,retry_later,1,5400.26
21501.6,insufficient_funds,card,0.619,4,10.85,request_alternative_payment,0,0.0
5899.83,insufficient_funds,card,0.851,0,13.68,request_card_update,0,0.0
6088.38,insufficient_funds,card,0.85,0,14.31,request_alternative_payment,1,6088.38
3915.9,network_error,card,0.581,1,0.62,request_alternative_payment,1,3915.9
10627.89,insufficient_funds,upi,0.643,2,35.63,request_alternative_payment,1,10627.89
14815.29,expired_card,card,0.941,1,0.25,retry_now,1,14815.29
2184.61,expired_card,card,0.894,1,18.97,retry_later,0,0.0
3771.52,card_declined,netbanking,0.921,1,12.08,request_alternative_payment,0,0.0
10396.83,expired_card,netbanking,0.899,3,3.92,request_alternative_payment,0,0.0
4507.75,card_declined,upi,0.818,1,6.3,request_card_update,0,0.0
3369.38,expired_card,netbanking,0.704,0,9.45,request_card_update,1,3369.38
11212.98,insufficient_funds,upi,0.873,0,0.39,retry_later,1,11212.98
12087.85,expired_card,card,0.764,2,1.68,retry_later,0,0.0
3489.38,insufficient_funds,upi,0.925,0,7.84,retry_later,1,3489.38
5925.89,card_declined,card,0.882,1,96.0,request_card_update,1,5925.89
1901.53,expired_card,upi,0.695,2,6.54,retry_now,0,0.0
2442.58,card_declined,wallet,0.695,0,8.07,retry_now,0,0.0
5522.17,insufficient_funds,card,0.579,0,6.37,request_card_update,1,5522.17
5127.22,insufficient_funds,card,0.863,4,10.97,request_card_update,0,0.0
2306.97,insufficient_funds,card,0.776,2,18.79,request_card_update,1,2306.97
2819.78,card_declined,netbanking,0.464,3,0.6,request_card_update,1,2819.78
2132.73,card_declined,card,0.666,1,1.78,retry_later,1,2132.73
7195.72,card_declined,wallet,0.697,0,21.13,request_card_update,1,7195.72
1035.96,network_error,card,0.922,1,2.11,retry_now,1,1035.96
2225.93,insufficient_funds,netbanking,0.796,2,11.41,retry_later,0,0.0
1126.47,network_error,card,0.975,1,18.63,retry_now,1,1126.47
6991.22,card_declined,card,0.635,1,5.43,retry_later,0,0.0
1182.05,network_error,card,0.346,1,14.3,request_alternative_payment,0,0.0
5128.54,network_error,card,0.592,0,13.71,retry_later,0,0.0
18560.9,expired_card,card,0.827,1,14.77,request_card_update,1,18560.9
19071.31,insufficient_funds,card,0.71,1,16.07,retry_now,0,0.0
1179.05,card_declined,upi,0.897,2,5.12,retry_now,1,1179.05
6348.16,expired_card,upi,0.861,1,0.25,request_card_update,1,6348.16
2266.55,network_error,card,0.879,1,20.53,request_alternative_payment,1,2266.55
1925.01,insufficient_funds,upi,0.759,4,18.36,retry_later,0,0.0
4566.11,card_declined,netbanking,0.886,0,10.67,request_alternative_payment,0,0.0
13357.4,network_error,wallet,0.8,2,35.79,retry_now,1,13357.4
8078.17,insufficient_funds,card,0.369,0,55.51,request_card_update,1,8078.17
2821.66,card_declined,card,0.791,1,1.49,request_card_update,0,0.0
8788.69,network_error,wallet,0.626,0,10.31,retry_now,0,0.0
830.66,card_declined,wallet,0.752,1,37.07,retry_now,0,0.0
2737.6,insufficient_funds,wallet,0.707,1,9.13,retry_later,0,0.0
2586.55,card_declined,upi,0.736,1,4.8,request_card_update,0,0.0
5323.31,card_declined,upi,0.742,0,31.53,request_alternative_payment,0,0.0
4251.09,card_declined,wallet,0.672,0,28.77,request_card_update,0,0.0
4464.96,network_error,upi,0.754,0,25.13,request_alternative_payment,1,4464.96
4347.77,card_declined,card,0.933,1,13.66,retry_later,0,0.0
5090.44,expired_card,wallet,0.785,1,7.22,retry_later,0,0.0
7702.48,network_error,netbanking,0.589,0,3.74,retry_now,1,7702.48
5634.47,network_error,card,0.461,1,54.67,request_card_update,0,0.0
3982.69,card_declined,card,0.831,1,16.06,retry_later,0,0.0
6895.28,insufficient_funds,netbanking,0.812,0,45.66,retry_later,0,0.0
9682.66,network_error,card,0.685,0,0.25,retry_now,1,9682.66
3204.7,insufficient_funds,upi,0.391,0,18.41,request_card_update,0,0.0
4767.95,card_declined,card,0.552,0,10.4,request_alternative_payment,0,0.0
12666.53,insufficient_funds,card,0.545,0,5.86,retry_now,1,12666.53
2069.34,card_declined,upi,0.927,0,71.97,request_card_update,0,0.0
21183.01,network_error,wallet,0.753,0,9.7,request_alternative_payment,1,21183.01
1712.77,card_declined,upi,0.701,1,0.47,request_alternative_payment,1,1712.77
3792.96,card_declined,card,0.611,1,5.12,request_card_update,0,0.0
2337.98,insufficient_funds,card,0.891,3,6.89,retry_now,0,0.0
28782.84,insufficient_funds,card,0.63,3,26.82,retry_now,0,0.0
3342.63,card_declined,wallet,0.714,0,16.25,request_alternative_payment,1,3342.63
3349.35,expired_card,card,0.696,3,62.63,retry_later,0,0.0
3716.71,expired_card,wallet,0.641,1,19.08,retry_now,0,0.0
5397.42,expired_card,netbanking,0.729,2,4.82,request_alternative_payment,1,5397.42
3844.66,insufficient_funds,upi,0.619,2,2.31,retry_later,1,3844.66
4495.73,insufficient_funds,card,0.978,1,0.34,request_card_update,1,4495.73
300.0,card_declined,wallet,0.766,1,28.35,request_card_update,0,0.0
5233.95,card_declined,card,0.822,2,18.19,retry_later,0,0.0
5071.74,network_error,netbanking,0.623,2,8.75,request_card_update,0,0.0
11476.4,network_error,card,0.852,1,26.87,request_alternative_payment,0,0.0
14249.0,card_declined,card,0.819,0,4.01,request_card_update,1,14249.0
4302.82,card_declined,card,0.964,2,27.47,request_card_update,1,4302.82
9606.32,expired_card,card,0.743,2,29.97,request_alternative_payment,1,9606.32
2071.31,insufficient_funds,upi,0.752,2,78.06,request_card_update,0,0.0
9237.87,network_error,upi,0.932,1,4.68,request_alternative_payment,1,9237.87
3162.8,network_error,card,0.744,0,5.16,request_card_update,1,3162.8
1938.05,insufficient_funds,upi,0.837,1,3.16,request_alternative_payment,0,0.0
4310.13,expired_card,card,0.758,0,0.35,request_alternative_payment,1,4310.13
15330.06,expired_card,wallet,0.887,0,6.34,request_alternative_payment,0,0.0
5779.07,network_error,netbanking,0.76,2,1.58,request_alternative_payment,0,0.0
16554.01,insufficient_funds,upi,0.893,0,11.78,retry_now,1,16554.01
2746.84,insufficient_funds,wallet,0.914,2,5.91,retry_later,1,2746.84
11561.94,network_error,card,0.36,1,4.05,retry_now,0,0.0
2967.47,insufficient_funds,card,0.949,0,15.82,retry_later,0,0.0
5987.66,insufficient_funds,card,0.852,1,12.22,retry_now,0,0.0
5946.39,card_declined,netbanking,0.707,1,10.2,request_card_update,0,0.0
8487.81,insufficient_funds,card,0.827,0,21.31,request_alternative_payment,0,0.0
6110.63,network_error,netbanking,0.689,0,4.31,retry_later,0,0.0
2767.9,card_declined,upi,0.897,0,12.07,retry_now,1,2767.9
10111.6,insufficient_funds,card,0.833,2,24.88,request_card_update,1,10111.6
19980.63,card_declined,upi,0.65,2,0.68,retry_later,1,19980.63
3134.27,insufficient_funds,upi,0.906,1,2.53,request_card_update,1,3134.27
1151.72,insufficient_funds,upi,0.799,0,3.31,request_alternative_payment,1,1151.72
7455.06,card_declined,netbanking,0.913,1,62.25,request_alternative_payment,0,0.0
3836.24,card_declined,upi,0.767,2,6.96,request_alternative_payment,0,0.0
4502.15,insufficient_funds,card,0.688,1,3.29,request_alternative_payment,1,4502.15
7802.0,card_declined,upi,0.701,2,15.98,request_alternative_payment,0,0.0
3470.59,card_declined,card,0.844,1,37.18,request_alternative_payment,0,0.0
4032.38,card_declined,netbanking,0.8,1,10.57,request_alternative_payment,0,0.0
4615.14,insufficient_funds,card,0.564,1,4.54,retry_now,0,0.0
16203.72,network_error,upi,0.659,0,6.99,retry_later,1,16203.72
5121.74,card_declined,card,0.647,0,21.81,retry_now,0,0.0
1860.6,insufficient_funds,card,0.763,0,6.5,request_card_update,0,0.0
1920.79,network_error,upi,0.675,1,10.24,request_card_update,1,1920.79
5589.12,network_error,card,0.9,0,7.57,request_card_update,1,5589.12
2025.66,insufficient_funds,upi,0.628,4,9.09,retry_now,0,0.0
1432.75,card_declined,upi,0.78,1,31.67,retry_later,1,1432.75
8313.38,network_error,card,0.618,0,8.97,retry_now,0,0.0
8645.48,insufficient_funds,card,0.759,3,43.79,retry_now,0,0.0
3724.49,expired_card,upi,0.782,2,19.82,request_alternative_payment,1,3724.49
6324.08,card_declined,upi,0.715,0,35.44,request_alternative_payment,1,6324.08
5812.06,network_error,upi,0.753,2,18.46,request_card_update,0,0.0
8096.03,expired_card,card,0.435,2,59.55,retry_later,1,8096.03
8111.14,expired_card,card,0.868,1,6.34,request_alternative_payment,0,0.0
621.77,card_declined,upi,0.976,1,30.05,retry_now,0,0.0
4124.89,network_error,netbanking,0.821,2,8.38,retry_later,1,4124.89
7566.73,insufficient_funds,upi,0.513,1,8.33,request_alternative_payment,0,0.0
3600.5,insufficient_funds,upi,0.974,1,58.4,request_alternative_payment,1,3600.5
5146.93,expired_card,upi,0.685,2,9.27,retry_later,0,0.0
9115.7,card_declined,upi,0.979,3,3.04,retry_later,0,0.0
5334.41,network_error,netbanking,0.863,3,8.75,request_card_update,0,0.0
16706.09,insufficient_funds,card,0.618,1,0.31,retry_later,0,0.0
12317.57,insufficient_funds,upi,0.858,1,2.56,retry_later,1,12317.57
4547.54,insufficient_funds,card,0.692,1,12.12,retry_now,1,4547.54
4267.38,card_declined,card,0.936,0,13.17,retry_later,1,4267.38
511.29,insufficient_funds,card,0.9,3,0.66,retry_later,0,0.0
3850.63,insufficient_funds,card,0.931,0,27.17,retry_later,1,3850.63
1693.54,expired_card,card,0.791,0,8.84,retry_later,1,1693.54
5968.06,network_error,card,0.911,0,23.0,request_card_update,1,5968.06
5650.45,network_error,card,0.621,2,50.5,request_card_update,0,0.0
8724.39,insufficient_funds,card,0.866,0,7.49,retry_later,1,8724.39
15283.51,card_declined,card,0.809,1,71.08,request_alternative_payment,0,0.0
4896.02,network_error,card,0.567,0,10.3,retry_now,1,4896.02
30993.3,insufficient_funds,netbanking,0.817,3,22.06,retry_now,0,0.0
6021.88,card_declined,upi,0.236,4,7.85,request_card_update,0,0.0
1752.89,expired_card,card,0.334,1,4.39,retry_later,0,0.0
3189.23,insufficient_funds,card,0.71,2,27.65,request_card_update,0,0.0
3710.77,expired_card,card,0.829,0,49.8,retry_later,0,0.0
8029.64,insufficient_funds,card,0.621,1,92.65,retry_later,0,0.0
2343.48,insufficient_funds,card,0.658,0,2.18,retry_later,1,2343.48
3939.51,insufficient_funds,card,0.543,3,6.45,request_card_update,0,0.0
4395.61,expired_card,upi,0.89,1,7.17,retry_later,0,0.0
3493.63,card_declined,upi,0.631,2,20.72,retry_later,0,0.0
9569.4,network_error,upi,0.616,1,22.32,request_card_update,1,9569.4
8351.95,card_declined,card,0.741,2,42.3,request_alternative_payment,0,0.0
12713.85,expired_card,card,0.92,1,22.11,retry_later,1,12713.85
3836.72,card_declined,netbanking,0.953,1,3.26,retry_later,1,3836.72
13084.91,card_declined,upi,0.626,1,22.59,retry_later,1,13084.91
1679.07,network_error,upi,0.657,0,25.59,retry_now,1,1679.07
1646.63,network_error,wallet,0.849,0,0.51,retry_later,0,0.0
1893.44,network_error,upi,0.94,2,20.19,request_alternative_payment,1,1893.44
5036.98,insufficient_funds,card,0.612,0,9.02,request_card_update,0,0.0
13083.35,expired_card,upi,0.696,1,28.25,retry_later,0,0.0
3088.62,insufficient_funds,card,0.917,4,1.3,retry_later,1,3088.62
3414.68,expired_card,upi,0.725,0,17.83,retry_now,1,3414.68
4206.47,card_declined,card,0.726,3,13.96,request_card_update,0,0.0
7906.62,insufficient_funds,card,0.77,1,2.12,retry_now,0,0.0
3412.13,insufficient_funds,card,0.814,1,3.91,retry_now,1,3412.13
3263.19,card_declined,card,0.935,0,5.6,request_alternative_payment,0,0.0
1704.24,card_declined,upi,0.921,3,5.29,request_alternative_payment,1,1704.24
3164.71,network_error,card,0.761,2,10.78,retry_later,0,0.0
12825.14,network_error,card,0.993,2,4.94,request_alternative_payment,1,12825.14
5377.26,insufficient_funds,card,0.69,3,15.61,retry_now,1,5377.26
2766.42,card_declined,netbanking,0.837,0,9.58,request_alternative_payment,1,2766.42
13441.58,network_error,netbanking,0.652,0,3.33,retry_later,0,0.0
3130.73,expired_card,upi,0.826,0,23.17,request_card_update,0,0.0
15570.88,card_declined,card,0.854,3,23.44,retry_now,0,0.0
15368.55,expired_card,card,0.888,3,1.36,request_card_update,0,0.0
5229.14,insufficient_funds,card,0.892,1,27.28,retry_now,0,0.0
1507.72,network_error,card,0.845,2,16.17,retry_now,0,0.0
31219.36,network_error,card,0.725,2,2.25,request_card_update,1,31219.36
6815.9,card_declined,netbanking,0.747,1,28.42,retry_now,0,0.0
3858.69,insufficient_funds,upi,0.879,0,41.24,retry_now,1,3858.69
10743.92,network_error,card,0.936,4,4.56,request_alternative_payment,0,0.0
8769.5,insufficient_funds,upi,0.842,0,3.54,retry_later,1,8769.5
14270.42,insufficient_funds,card,0.816,1,1.63,retry_later,0,0.0
2943.38,insufficient_funds,card,0.604,1,23.27,retry_later,1,2943.38
6450.88,network_error,upi,0.904,1,61.7,request_card_update,1,6450.88
1936.23,insufficient_funds,netbanking,0.932,1,17.1,request_card_update,1,1936.23
8520.76,card_declined,upi,0.645,2,4.52,request_card_update,1,8520.76
4909.06,expired_card,netbanking,0.871,2,0.9,retry_now,0,0.0
6260.41,network_error,card,0.913,2,5.08,request_alternative_payment,0,0.0
4447.57,card_declined,upi,0.801,0,20.45,retry_later,1,4447.57
4090.42,card_declined,netbanking,0.825,0,5.09,retry_later,0,0.0
2496.41,insufficient_funds,card,0.529,0,5.42,request_alternative_payment,0,0.0
9410.09,card_declined,netbanking,0.809,1,30.36,retry_later,1,9410.09
16464.41,insufficient_funds,wallet,0.829,0,23.5,request_card_update,1,16464.41
3203.05,insufficient_funds,upi,0.876,4,13.94,request_alternative_payment,0,0.0
7785.56,insufficient_funds,card,0.261,2,7.47,retry_later,0,0.0
7065.22,card_declined,card,0.302,4,35.91,request_card_update,0,0.0
5032.5,insufficient_funds,upi,0.726,0,6.41,request_alternative_payment,0,0.0
1474.27,insufficient_funds,netbanking,0.758,1,57.4,request_alternative_payment,0,0.0
1765.02,expired_card,card,0.836,3,13.21,retry_later,0,0.0
2676.88,insufficient_funds,card,0.649,1,43.02,retry_now,0,0.0
903.24,network_error,card,0.882,1,17.67,request_alternative_payment,1,903.24
15423.04,card_declined,card,0.46,0,4.24,retry_later,0,0.0
6710.01,card_declined,netbanking,0.782,4,18.43,retry_now,0,0.0
4881.58,insufficient_funds,upi,0.725,2,1.3,retry_later,1,4881.58
866.97,insufficient_funds,upi,0.714,4,11.2,retry_later,0,0.0
1162.23,network_error,upi,0.486,0,72.41,request_card_update,1,1162.23
4990.64,card_declined,upi,0.891,2,36.12,retry_later,0,0.0
24187.35,insufficient_funds,upi,0.943,0,2.63,retry_later,0,0.0
2859.14,insufficient_funds,card,0.847,0,57.93,retry_now,0,0.0
9978.93,card_declined,card,0.813,3,6.47,request_alternative_payment,0,0.0
3405.92,insufficient_funds,netbanking,0.926,0,87.51,retry_now,0,0.0
5225.91,card_declined,upi,0.649,2,26.88,request_alternative_payment,1,5225.91
13212.79,card_declined,card,0.7,1,3.05,retry_now,0,0.0
3791.18,card_declined,upi,0.735,3,11.74,request_alternative_payment,0,0.0
2878.74,network_error,upi,0.69,1,17.33,request_card_update,0,0.0
15547.41,card_declined,card,0.691,1,31.96,request_card_update,0,0.0
5185.59,expired_card,upi,0.646,2,7.94,request_alternative_payment,1,5185.59
11969.98,card_declined,card,0.574,1,2.96,retry_later,0,0.0
2889.95,card_declined,netbanking,0.917,3,9.65,request_alternative_payment,0,0.0
15406.31,network_error,upi,0.397,0,2.78,request_card_update,1,15406.31
6223.55,card_declined,netbanking,0.814,0,13.05,request_card_update,1,6223.55
7079.96,insufficient_funds,upi,0.553,2,11.92,retry_now,1,7079.96
5555.24,expired_card,netbanking,0.8,1,4.18,retry_later,0,0.0
3336.95,expired_card,card,0.841,0,32.96,request_alternative_payment,1,3336.95
4993.27,insufficient_funds,card,0.469,2,0.37,retry_now,0,0.0
3509.12,card_declined,netbanking,0.617,2,15.08,request_alternative_payment,1,3509.12
10773.34,network_error,netbanking,0.899,3,13.44,retry_now,1,10773.34
4250.31,expired_card,netbanking,0.976,0,12.43,retry_now,0,0.0
1510.18,card_declined,wallet,0.798,2,3.26,request_alternative_payment,0,0.0
1304.6,insufficient_funds,upi,0.736,2,1.1,request_alternative_payment,0,0.0
1256.16,network_error,upi,0.603,3,8.66,request_card_update,0,0.0
8197.38,insufficient_funds,netbanking,0.678,1,6.29,request_card_update,1,8197.38
1990.2,network_error,card,0.768,3,22.11,retry_later,0,0.0
6356.68,card_declined,netbanking,0.792,2,34.91,request_alternative_payment,0,0.0
5577.26,card_declined,netbanking,0.869,3,1.5,retry_later,0,0.0
4747.75,insufficient_funds,upi,0.982,1,8.82,request_alternative_payment,1,4747.75
7100.48,card_declined,card,0.951,1,0.4,request_card_update,0,0.0
5675.06,card_declined,upi,0.824,1,13.66,retry_later,0,0.0
572.15,insufficient_funds,wallet,0.834,1,1.31,retry_later,0,0.0
3859.5,insufficient_funds,card,0.798,2,8.33,retry_now,0,0.0
7025.32,insufficient_funds,card,0.432,0,4.95,retry_now,0,0.0
18572.17,expired_card,upi,0.934,0,56.54,request_card_update,0,0.0
19271.05,card_declined,netbanking,0.889,0,14.45,retry_later,0,0.0
1680.21,network_error,upi,0.596,2,28.96,request_alternative_payment,0,0.0
3779.75,card_declined,upi,0.867,3,89.14,request_card_update,0,0.0
1428.39,network_error,card,0.597,0,1.47,retry_later,0,0.0
16866.78,card_declined,card,0.672,0,4.78,request_card_update,0,0.0
11242.74,insufficient_funds,netbanking,0.894,1,10.42,request_card_update,1,11242.74
6618.76,insufficient_funds,card,0.735,2,16.78,request_card_update,0,0.0
5710.54,insufficient_funds,card,0.771,2,11.64,request_alternative_payment,1,5710.54
15088.65,network_error,card,0.898,4,12.09,request_card_update,1,15088.65
13177.33,network_error,card,0.924,1,2.94,request_alternative_payment,1,13177.33
12627.46,network_error,card,0.68,1,5.12,retry_now,0,0.0
7205.05,network_error,netbanking,0.717,3,3.56,request_alternative_payment,1,7205.05
3781.25,network_error,upi,0.967,0,46.56,retry_later,1,3781.25
9236.27,expired_card,upi,0.79,0,17.15,retry_now,0,0.0
9604.88,network_error,card,0.715,0,11.39,request_alternative_payment,1,9604.88
4292.75,insufficient_funds,netbanking,0.435,0,0.71,request_card_update,0,0.0
3775.14,insufficient_funds,card,0.961,1,33.19,request_card_update,1,3775.14
12380.08,card_declined,card,0.96,0,11.56,request_alternative_payment,0,0.0
18929.68,network_error,card,0.4,3,7.69,request_card_update,1,18929.68
2745.38,card_declined,wallet,0.929,4,1.46,retry_later,1,2745.38
4050.08,insufficient_funds,upi,0.54,4,10.61,retry_later,0,0.0
6620.59,network_error,upi,0.655,2,20.72,request_alternative_payment,0,0.0
7379.58,card_declined,card,0.874,2,4.04,request_card_update,1,7379.58
3292.16,insufficient_funds,card,0.675,0,7.87,retry_now,1,3292.16
22561.71,network_error,wallet,0.821,1,38.68,request_alternative_payment,1,22561.71
7008.43,card_declined,card,0.513,1,47.17,request_card_update,0,0.0
7648.77,insufficient_funds,upi,0.874,3,13.77,retry_now,1,7648.77
20420.62,insufficient_funds,netbanking,0.622,0,27.53,retry_now,0,0.0
3491.0,card_declined,upi,0.729,1,12.26,retry_now,1,3491.0
4658.49,card_declined,card,0.628,1,14.33,request_card_update,0,0.0
1834.51,insufficient_funds,card,0.825,0,88.38,request_card_update,1,1834.51
4356.01,card_declined,card,0.831,4,44.95,request_alternative_payment,0,0.0
1519.37,network_error,wallet,0.675,3,12.28,request_card_update,0,0.0
9094.93,insufficient_funds,netbanking,0.926,0,61.73,request_card_update,0,0.0
6996.68,card_declined,card,0.493,0,0.25,request_alternative_payment,0,0.0
4005.96,card_declined,netbanking,0.81,1,20.44,request_card_update,0,0.0
4614.02,insufficient_funds,card,0.619,0,8.56,request_alternative_payment,0,0.0
9194.55,insufficient_funds,card,0.665,2,12.14,retry_later,0,0.0
2015.37,insufficient_funds,card,0.739,2,1.92,request_alternative_payment,1,2015.37
5887.15,card_declined,netbanking,0.649,1,14.73,retry_now,0,0.0
8749.93,network_error,card,0.796,4,28.62,request_card_update,0,0.0
1201.56,card_declined,card,0.742,0,9.67,retry_now,1,1201.56
8648.52,expired_card,card,0.747,0,16.67,retry_later,0,0.0
1310.21,card_declined,card,0.597,2,1.61,retry_now,1,1310.21
4551.07,network_error,upi,0.95,1,58.06,retry_now,1,4551.07
1971.36,card_declined,card,0.774,1,11.02,retry_now,0,0.0
15712.16,network_error,netbanking,0.821,1,13.92,request_alternative_payment,0,0.0
1981.28,expired_card,wallet,0.691,3,5.02,retry_now,1,1981.28
1335.47,card_declined,card,0.708,1,6.02,retry_now,1,1335.47
5562.9,card_declined,wallet,0.498,0,35.43,retry_later,1,5562.9
3591.16,expired_card,netbanking,0.878,2,31.32,request_alternative_payment,1,3591.16
1500.43,expired_card,netbanking,0.861,1,23.52,request_card_update,1,1500.43
7614.77,expired_card,card,0.767,1,4.45,request_card_update,0,0.0
1016.37,insufficient_funds,netbanking,0.767,0,17.78,request_alternative_payment,1,1016.37
2182.44,insufficient_funds,upi,0.922,2,24.53,retry_later,1,2182.44
3155.87,card_declined,card,0.762,0,12.24,retry_now,1,3155.87
9499.28,network_error,netbanking,0.887,0,3.71,request_alternative_payment,1,9499.28
14094.89,insufficient_funds,card,0.971,0,21.27,request_card_update,1,14094.89
12081.36,card_declined,netbanking,0.937,2,9.92,request_card_update,1,12081.36
4423.0,card_declined,upi,0.582,2,9.3,retry_later,1,4423.0
717.19,insufficient_funds,upi,0.644,1,14.84,request_alternative_payment,0,0.0
6835.44,network_error,card,0.852,0,0.45,request_alternative_payment,0,0.0
16214.35,insufficient_funds,netbanking,0.528,0,44.42,retry_now,1,16214.35
13416.3,network_error,card,0.617,0,19.42,retry_later,1,13416.3
7241.27,insufficient_funds,netbanking,0.733,1,47.83,request_alternative_payment,0,0.0
1930.61,card_declined,upi,0.658,1,9.8,request_alternative_payment,1,1930.61
3284.43,card_declined,card,0.777,2,75.92,request_alternative_payment,0,0.0
23487.99,insufficient_funds,upi,0.895,3,6.76,retry_later,1,23487.99
1609.71,card_declined,wallet,0.714,2,12.86,retry_later,0,0.0
1996.04,network_error,wallet,0.833,1,2.3,request_card_update,1,1996.04
10627.86,card_declined,card,0.874,0,8.63,request_alternative_payment,1,10627.86
3541.36,insufficient_funds,card,0.747,4,3.47,retry_now,0,0.0
1942.61,network_error,card,0.63,2,20.49,request_card_update,0,0.0
16976.24,insufficient_funds,netbanking,0.835,0,11.13,request_alternative_payment,0,0.0
7230.32,card_declined,card,0.616,3,29.17,request_card_update,0,0.0
3683.99,card_declined,card,0.832,0,4.38,retry_later,1,3683.99
1999.34,card_declined,card,0.958,0,27.09,request_card_update,0,0.0
25722.42,insufficient_funds,wallet,0.639,1,53.86,retry_now,0,0.0
4903.14,insufficient_funds,card,0.737,0,82.48,request_alternative_payment,0,0.0
15291.55,insufficient_funds,upi,0.741,0,19.78,request_card_update,0,0.0
10219.98,card_declined,card,0.644,0,4.51,request_card_update,1,10219.98
3296.02,card_declined,upi,0.66,2,7.16,request_alternative_payment,0,0.0
3317.08,network_error,upi,0.776,4,71.93,retry_now,0,0.0
15902.71,insufficient_funds,wallet,0.875,4,24.46,retry_later,0,0.0
16110.19,insufficient_funds,upi,0.585,1,6.59,request_alternative_payment,1,16110.19
1113.94,network_error,card,0.641,2,0.81,request_card_update,0,0.0
7762.17,card_declined,card,0.798,0,5.42,retry_later,0,0.0
4537.91,network_error,card,0.465,2,2.21,request_card_update,1,4537.91
2187.54,insufficient_funds,card,0.516,1,5.51,retry_now,1,2187.54
6164.67,insufficient_funds,wallet,0.694,1,77.79,retry_later,0,0.0
1698.53,card_declined,upi,0.564,0,14.48,retry_later,0,0.0
3442.76,card_declined,netbanking,0.889,2,3.18,retry_now,0,0.0
2639.68,card_declined,card,0.71,1,35.17,retry_now,0,0.0
3352.16,insufficient_funds,netbanking,0.583,1,4.21,retry_later,1,3352.16
4722.11,insufficient_funds,netbanking,0.92,0,32.11,request_card_update,0,0.0
2218.84,network_error,upi,0.626,1,59.93,request_alternative_payment,0,0.0
17601.45,insufficient_funds,card,0.905,0,10.17,retry_now,0,0.0
7419.15,network_error,netbanking,0.707,0,0.25,request_alternative_payment,1,7419.15
21011.89,insufficient_funds,netbanking,0.934,0,3.2,request_card_update,0,0.0
4398.99,insufficient_funds,card,0.792,2,7.32,retry_later,0,0.0
3223.3,insufficient_funds,wallet,0.868,0,96.0,request_card_update,0,0.0
20412.97,expired_card,netbanking,0.559,0,1.7,request_alternative_payment,1,20412.97
3148.7,insufficient_funds,card,0.914,2,5.88,request_card_update,0,0.0
4335.36,insufficient_funds,card,0.921,1,1.04,retry_later,1,4335.36
8894.88,network_error,card,0.947,1,5.91,retry_later,0,0.0
1857.55,insufficient_funds,upi,0.797,0,0.25,retry_now,1,1857.55
8832.81,insufficient_funds,netbanking,0.921,2,2.03,retry_later,0,0.0
7973.44,insufficient_funds,netbanking,0.804,1,28.15,retry_now,1,7973.44
13803.17,network_error,card,0.868,1,21.83,retry_later,1,13803.17
10190.68,card_declined,upi,0.888,4,10.48,request_alternative_payment,0,0.0
14145.84,network_error,upi,0.89,0,5.66,request_card_update,1,14145.84
4577.26,network_error,upi,0.923,1,4.56,retry_now,1,4577.26
2507.54,card_declined,upi,0.791,0,9.18,retry_later,0,0.0
27042.95,insufficient_funds,upi,0.69,1,1.95,retry_later,0,0.0
1474.15,network_error,card,0.629,0,2.07,retry_now,0,0.0
1597.16,expired_card,card,0.666,2,21.57,retry_later,0,0.0
7858.06,network_error,netbanking,0.955,2,7.6,request_card_update,1,7858.06
18346.28,insufficient_funds,card,0.815,3,20.57,retry_later,0,0.0
5818.71,network_error,card,0.514,0,30.36,retry_later,1,5818.71
11121.51,network_error,wallet,0.844,1,5.91,request_card_update,1,11121.51
1012.88,expired_card,netbanking,0.911,1,8.04,retry_now,0,0.0
3352.82,insufficient_funds,upi,0.902,1,7.8,request_card_update,1,3352.82
1116.59,network_error,card,0.472,0,29.33,retry_now,0,0.0
9334.96,network_error,upi,0.639,2,3.36,request_alternative_payment,1,9334.96
1450.13,expired_card,upi,0.704,1,21.15,request_card_update,0,0.0
1798.91,network_error,card,0.93,3,6.89,retry_now,1,1798.91
7543.29,expired_card,card,0.231,1,7.41,retry_later,0,0.0
11691.91,card_declined,card,0.748,2,12.2,request_alternative_payment,1,11691.91
4402.9,insufficient_funds,upi,0.624,0,10.96,retry_now,0,0.0
7889.84,card_declined,wallet,0.743,0,9.51,retry_later,0,0.0
7688.06,network_error,upi,0.663,3,9.42,request_card_update,0,0.0
4208.46,insufficient_funds,card,0.522,1,36.09,retry_later,0,0.0
2082.72,card_declined,card,0.815,1,7.95,request_card_update,0,0.0
7856.58,expired_card,upi,0.862,4,29.47,retry_now,0,0.0
8165.47,expired_card,upi,0.66,0,1.41,request_alternative_payment,1,8165.47
10223.18,network_error,card,0.615,2,42.8,request_card_update,0,0.0
6417.9,network_error,wallet,0.866,0,3.52,request_alternative_payment,1,6417.9
1963.32,insufficient_funds,wallet,0.751,1,30.34,retry_later,0,0.0
8685.98,card_declined,wallet,0.813,1,37.87,retry_now,0,0.0
4994.48,card_declined,card,0.638,2,20.15,retry_now,0,0.0
3398.21,network_error,netbanking,0.858,1,36.56,retry_later,1,3398.21
3950.05,insufficient_funds,upi,0.882,0,6.61,request_alternative_payment,1,3950.05
2878.39,insufficient_funds,upi,0.738,0,3.18,request_alternative_payment,1,2878.39
10180.9,network_error,card,0.963,2,40.6,request_card_update,1,10180.9
1607.93,card_declined,card,0.702,0,24.59,retry_later,1,1607.93
2258.38,network_error,card,0.707,1,31.51,request_alternative_payment,1,2258.38
3843.64,card_declined,netbanking,0.877,1,24.95,request_alternative_payment,1,3843.64
18182.12,network_error,upi,0.741,1,4.47,request_alternative_payment,1,18182.12
11621.56,card_declined,wallet,0.798,2,15.66,request_alternative_payment,0,0.0
1345.5,network_error,upi,0.66,3,28.39,request_alternative_payment,1,1345.5
14739.27,network_error,card,0.833,0,36.6,request_card_update,0,0.0
14716.57,insufficient_funds,upi,0.727,2,11.14,retry_later,0,0.0
1954.69,insufficient_funds,card,0.986,0,3.01,retry_now,1,1954.69
665.16,expired_card,wallet,0.758,0,15.34,request_card_update,1,665.16
4719.3,insufficient_funds,card,0.586,0,10.35,retry_now,0,0.0
12272.7,network_error,card,0.854,3,12.75,request_card_update,1,12272.7
17857.93,insufficient_funds,upi,0.948,2,20.93,retry_now,1,17857.93
2491.23,network_error,netbanking,0.897,0,11.85,request_card_update,1,2491.23
20308.13,insufficient_funds,upi,0.782,1,9.58,request_card_update,0,0.0
841.21,card_declined,card,0.751,0,6.35,retry_later,1,841.21
3724.74,card_declined,upi,0.725,2,1.66,request_alternative_payment,0,0.0
3581.1,insufficient_funds,card,0.69,4,23.31,request_card_update,0,0.0
12569.93,card_declined,upi,0.398,3,27.32,request_card_update,0,0.0
14126.89,expired_card,upi,0.472,1,16.05,request_card_update,0,0.0
10727.57,network_error,card,0.871,1,10.61,request_alternative_payment,0,0.0
1697.23,expired_card,card,0.756,1,3.46,retry_later,0,0.0
9969.53,network_error,card,0.911,0,0.95,retry_now,1,9969.53
7513.28,card_declined,card,0.68,0,2.83,retry_now,0,0.0
1313.18,card_declined,upi,0.751,0,11.82,request_alternative_payment,1,1313.18
956.79,expired_card,card,0.582,1,65.65,retry_later,0,0.0
11471.08,card_declined,card,0.797,0,0.46,request_alternative_payment,0,0.0
4329.09,card_declined,upi,0.643,2,10.98,request_alternative_payment,0,0.0
1788.35,network_error,upi,0.736,2,21.76,request_card_update,0,0.0
4232.96,expired_card,netbanking,0.678,1,57.29,request_card_update,0,0.0
6690.38,card_declined,netbanking,0.811,3,57.36,retry_later,1,6690.38
4679.34,insufficient_funds,upi,0.834,2,4.15,retry_now,0,0.0
1444.62,card_declined,card,0.485,0,17.36,request_alternative_payment,0,0.0
22598.5,network_error,upi,0.905,2,6.25,request_alternative_payment,0,0.0
11165.32,card_declined,netbanking,0.669,2,29.5,retry_later,1,11165.32
3823.38,network_error,upi,0.84,0,21.03,request_alternative_payment,0,0.0
3948.6,card_declined,wallet,0.834,1,2.45,retry_now,1,3948.6
6666.05,insufficient_funds,upi,0.664,0,14.67,retry_now,0,0.0
2025.35,card_declined,card,0.803,0,5.48,request_card_update,0,0.0
6472.61,card_declined,netbanking,0.892,4,21.73,retry_now,0,0.0
1724.35,network_error,card,0.608,3,1.95,retry_later,1,1724.35
4725.68,insufficient_funds,wallet,0.956,2,7.99,retry_later,1,4725.68
1963.21,network_error,card,0.739,0,14.7,retry_later,1,1963.21
2044.13,insufficient_funds,upi,0.415,0,17.52,retry_now,0,0.0
18653.17,expired_card,upi,0.623,1,9.23,retry_later,0,0.0
5242.61,network_error,card,0.6,0,3.45,request_card_update,0,0.0
5902.42,insufficient_funds,upi,0.787,2,4.44,request_card_update,1,5902.42
1000.33,expired_card,card,0.378,0,4.81,retry_later,0,0.0
3101.35,card_declined,card,0.888,4,3.03,request_alternative_payment,0,0.0
7231.22,card_declined,card,0.662,0,41.2,retry_now,0,0.0
5840.09,expired_card,netbanking,0.777,0,6.87,retry_now,0,0.0
892.45,expired_card,netbanking,0.967,0,7.52,request_alternative_payment,1,892.45
5901.16,network_error,card,0.86,1,8.26,retry_later,0,0.0
6703.87,expired_card,netbanking,0.823,0,16.61,retry_later,0,0.0
13963.51,insufficient_funds,netbanking,0.645,1,48.52,retry_now,1,13963.51
2960.19,insufficient_funds,card,0.825,3,45.45,retry_later,0,0.0
831.76,insufficient_funds,wallet,0.726,2,3.24,retry_later,1,831.76
2252.46,insufficient_funds,card,0.847,2,15.43,retry_now,1,2252.46
2078.79,card_declined,netbanking,0.644,4,17.96,retry_later,1,2078.79
9014.24,insufficient_funds,upi,0.697,0,11.45,retry_later,1,9014.24
568.96,card_declined,wallet,0.761,2,1.55,retry_now,0,0.0
3492.97,insufficient_funds,card,0.641,0,1.66,retry_now,1,3492.97
15643.79,card_declined,card,0.793,1,18.26,request_card_update,0,0.0
5028.93,network_error,netbanking,0.623,2,17.57,request_alternative_payment,0,0.0
10241.94,insufficient_funds,upi,0.498,2,6.47,request_alternative_payment,0,0.0
1344.47,network_error,upi,0.703,0,59.94,retry_now,0,0.0
1387.98,network_error,upi,0.375,0,29.49,retry_now,1,1387.98
15787.71,card_declined,upi,0.79,3,9.24,request_card_update,0,0.0
5421.7,expired_card,card,0.932,3,3.54,retry_now,1,5421.7
5430.64,expired_card,card,0.724,2,10.59,request_card_update,0,0.0
2044.01,insufficient_funds,card,0.662,0,31.23,request_card_update,0,0.0
5419.82,network_error,card,0.944,0,5.73,retry_now,1,5419.82
1999.08,insufficient_funds,netbanking,0.968,0,10.23,retry_now,1,1999.08
12922.04,card_declined,card,0.526,1,8.11,retry_now,0,0.0
44331.81,card_declined,upi,0.752,1,15.15,request_alternative_payment,1,44331.81
7363.91,network_error,card,0.845,0,10.52,retry_later,0,0.0
3008.62,network_error,netbanking,0.917,2,15.36,request_card_update,1,3008.62
658.7,network_error,card,0.863,0,5.58,request_alternative_payment,1,658.7
1299.35,network_error,card,0.939,0,8.04,request_card_update,1,1299.35
17345.4,card_declined,netbanking,0.954,1,14.9,request_card_update,1,17345.4
2194.79,insufficient_funds,card,0.663,2,3.17,request_card_update,0,0.0
3716.45,insufficient_funds,netbanking,0.938,0,17.16,retry_later,0,0.0
8446.05,card_declined,card,0.753,1,1.35,request_alternative_payment,0,0.0
16367.04,network_error,netbanking,0.938,0,1.96,retry_later,0,0.0
4262.13,insufficient_funds,card,0.655,0,15.46,request_alternative_payment,1,4262.13
3617.22,card_declined,card,0.947,2,21.54,request_card_update,0,0.0
5294.85,insufficient_funds,upi,0.651,0,2.8,retry_later,0,0.0
3026.26,card_declined,upi,0.916,2,55.42,request_alternative_payment,1,3026.26
3159.4,card_declined,netbanking,0.493,0,23.43,retry_now,0,0.0
6951.39,insufficient_funds,card,0.902,1,15.23,request_alternative_payment,1,6951.39
5798.92,insufficient_funds,upi,0.778,0,33.77,request_alternative_payment,1,5798.92
27514.75,insufficient_funds,card,0.793,0,14.36,request_card_update,0,0.0
7103.0,card_declined,netbanking,0.905,1,2.95,retry_later,1,7103.0
12557.96,expired_card,wallet,0.683,4,8.49,request_card_update,0,0.0
2122.11,insufficient_funds,card,0.809,0,13.5,retry_later,0,0.0
7610.77,card_declined,card,0.889,1,12.66,retry_later,0,0.0
2804.02,card_declined,netbanking,0.722,1,6.78,request_alternative_payment,1,2804.02
6860.64,card_declined,netbanking,0.931,2,5.67,retry_now,0,0.0
8673.3,insufficient_funds,upi,0.773,3,11.05,request_alternative_payment,0,0.0
5203.51,insufficient_funds,upi,0.871,1,24.54,request_alternative_payment,1,5203.51
34305.25,expired_card,netbanking,0.752,3,32.41,request_card_update,0,0.0
15671.15,expired_card,card,0.605,3,21.06,retry_now,0,0.0
12822.92,card_declined,wallet,0.66,3,16.07,request_alternative_payment,1,12822.92
9215.32,card_declined,netbanking,0.78,0,12.54,retry_later,0,0.0
20493.89,insufficient_funds,netbanking,0.776,2,17.73,request_card_update,1,20493.89
1583.86,insufficient_funds,netbanking,0.798,0,0.6,retry_later,0,0.0
14964.26,insufficient_funds,wallet,0.588,0,19.21,request_card_update,1,14964.26
2262.44,network_error,card,0.683,1,13.62,retry_now,1,2262.44
3183.45,insufficient_funds,wallet,0.719,1,58.63,retry_later,0,0.0
7834.62,insufficient_funds,card,0.732,1,12.39,request_alternative_payment,0,0.0
13410.18,insufficient_funds,card,0.679,0,3.61,request_alternative_payment,1,13410.18
1986.9,insufficient_funds,card,0.697,0,52.02,retry_now,1,1986.9
3318.13,card_declined,card,0.981,0,14.16,retry_now,1,3318.13
5405.75,card_declined,card,0.629,2,12.95,request_card_update,0,0.0
4307.45,card_declined,upi,0.805,3,12.4,retry_later,0,0.0
9901.28,card_declined,card,0.695,0,12.72,retry_later,0,0.0
50000.0,card_declined,card,0.69,0,7.61,request_alternative_payment,0,0.0
6992.89,network_error,card,0.886,0,7.27,retry_now,0,0.0
2776.75,insufficient_funds,upi,0.875,1,12.77,retry_later,1,2776.75
1772.22,insufficient_funds,upi,0.597,0,33.06,request_card_update,1,1772.22
3854.47,expired_card,upi,0.664,2,68.87,retry_later,0,0.0
2356.64,network_error,netbanking,0.814,2,5.67,request_card_update,0,0.0
7267.98,card_declined,upi,0.847,1,27.54,request_alternative_payment,1,7267.98
7178.25,insufficient_funds,card,0.924,1,14.82,request_card_update,0,0.0
3451.83,insufficient_funds,upi,0.848,1,58.07,request_card_update,0,0.0
24468.88,insufficient_funds,upi,0.566,0,39.85,request_alternative_payment,0,0.0
2776.19,expired_card,card,0.813,2,22.51,retry_now,1,2776.19
4544.39,card_declined,netbanking,0.899,2,4.12,retry_later,0,0.0
8337.54,insufficient_funds,card,0.738,0,8.61,request_alternative_payment,1,8337.54
10207.08,insufficient_funds,wallet,0.868,0,14.91,request_card_update,1,10207.08
13894.58,insufficient_funds,card,0.598,1,2.04,request_alternative_payment,0,0.0
7044.41,insufficient_funds,upi,0.674,3,6.24,request_card_update,0,0.0
11590.29,card_declined,card,0.707,0,6.21,retry_later,0,0.0
2936.89,card_declined,wallet,0.668,0,22.78,request_alternative_payment,0,0.0
10421.84,expired_card,netbanking,0.376,0,26.87,request_card_update,1,10421.84
10311.1,network_error,card,0.422,0,26.62,retry_now,0,0.0
16772.61,expired_card,card,0.721,1,0.37,request_card_update,0,0.0
1316.12,expired_card,upi,0.813,0,92.28,request_card_update,1,1316.12
2419.82,expired_card,card,0.704,0,28.11,request_alternative_payment,1,2419.82
9659.59,expired_card,card,0.762,3,14.23,retry_later,1,9659.59
599.5,insufficient_funds,wallet,0.906,0,20.67,request_alternative_payment,0,0.0
7411.57,insufficient_funds,upi,0.748,0,0.78,request_card_update,1,7411.57
11673.03,insufficient_funds,card,0.673,1,14.34,retry_now,0,0.0
3152.95,card_declined,upi,0.685,2,13.28,request_card_update,0,0.0
3544.11,network_error,card,0.573,3,30.02,request_card_update,1,3544.11
2117.27,insufficient_funds,netbanking,0.797,2,4.32,retry_later,1,2117.27
3294.32,network_error,card,0.659,1,30.46,retry_now,1,3294.32
3371.59,network_error,card,0.952,1,15.13,retry_later,1,3371.59
2895.52,card_declined,card,0.915,1,9.55,request_card_update,1,2895.52
2771.24,card_declined,wallet,0.296,4,10.61,request_alternative_payment,0,0.0
4025.44,insufficient_funds,card,0.899,4,36.29,request_card_update,0,0.0
3986.66,card_declined,upi,0.588,2,23.97,request_alternative_payment,0,0.0
22392.89,insufficient_funds,upi,0.779,3,1.04,request_alternative_payment,0,0.0
3647.67,card_declined,netbanking,0.298,1,11.32,request_card_update,1,3647.67
6584.76,insufficient_funds,card,0.813,1,14.49,retry_later,1,6584.76
3151.67,insufficient_funds,netbanking,0.914,2,27.69,request_alternative_payment,1,3151.67
3119.78,card_declined,wallet,0.844,1,10.76,request_alternative_payment,0,0.0
1278.82,card_declined,card,0.606,2,10.4,request_alternative_payment,1,1278.82
1422.4,card_declined,card,0.849,1,23.47,request_card_update,0,0.0
1903.78,expired_card,wallet,0.814,3,37.45,retry_now,0,0.0
5791.52,insufficient_funds,card,0.508,1,96.0,retry_now,0,0.0
11826.9,expired_card,netbanking,0.606,1,32.03,retry_now,0,0.0
1197.34,insufficient_funds,netbanking,0.884,0,96.0,retry_now,0,0.0
3222.56,insufficient_funds,card,0.835,1,9.54,retry_now,0,0.0
1675.19,expired_card,card,0.634,2,39.74,retry_now,0,0.0
4047.16,network_error,card,0.518,2,13.79,request_card_update,0,0.0
11823.08,card_declined,upi,0.889,3,14.21,request_alternative_payment,1,11823.08
3497.09,network_error,upi,0.445,1,0.88,retry_later,0,0.0
4813.5,card_declined,upi,0.814,1,2.07,retry_now,0,0.0
16016.52,network_error,upi,0.632,0,3.5,request_alternative_payment,1,16016.52
7212.09,insufficient_funds,netbanking,0.799,4,10.98,retry_later,0,0.0
2721.99,network_error,card,0.781,1,53.33,request_alternative_payment,0,0.0
5677.84,expired_card,card,0.69,0,4.94,request_card_update,0,0.0
2578.99,expired_card,card,0.842,3,27.49,retry_later,0,0.0
6999.39,network_error,card,0.598,1,16.97,request_alternative_payment,0,0.0
7551.23,network_error,card,0.9,2,0.75,request_card_update,1,7551.23
1674.83,card_declined,wallet,0.597,0,20.31,request_alternative_payment,1,1674.83
5752.06,card_declined,card,0.84,0,3.17,retry_now,0,0.0
4551.15,expired_card,card,0.747,1,27.61,retry_now,0,0.0
7730.55,card_declined,upi,0.785,0,37.14,retry_later,0,0.0
9723.21,card_declined,upi,0.715,2,54.98,retry_now,0,0.0
7325.77,network_error,upi,0.848,1,24.33,retry_later,0,0.0
3923.1,insufficient_funds,card,0.884,0,50.6,retry_now,1,3923.1
10549.75,network_error,card,0.629,1,2.63,retry_now,0,0.0
2486.78,network_error,card,0.716,2,0.82,retry_now,1,2486.78
1738.5,insufficient_funds,card,0.478,2,95.07,retry_now,0,0.0
387.98,insufficient_funds,card,0.828,0,18.17,retry_now,0,0.0
4727.16,network_error,upi,0.726,1,20.98,request_alternative_payment,1,4727.16
2591.41,insufficient_funds,netbanking,0.915,1,49.55,retry_later,1,2591.41
6873.28,expired_card,card,0.324,0,9.21,retry_now,0,0.0
1032.99,insufficient_funds,card,0.893,1,6.68,retry_later,0,0.0
2979.32,insufficient_funds,netbanking,0.652,0,3.91,retry_later,1,2979.32
7283.81,insufficient_funds,upi,0.964,0,25.46,retry_now,0,0.0
2193.65,network_error,upi,0.676,0,1.01,request_card_update,1,2193.65
6936.82,card_declined,netbanking,0.937,4,35.44,request_card_update,0,0.0
3202.14,network_error,upi,0.937,1,25.9,request_card_update,0,0.0
4870.47,expired_card,upi,0.93,0,45.44,request_card_update,0,0.0
8049.13,card_declined,card,0.948,0,64.37,request_card_update,1,8049.13
10715.33,insufficient_funds,wallet,0.784,1,5.76,retry_later,0,0.0
5384.0,insufficient_funds,upi,0.824,0,42.82,request_card_update,0,0.0
2607.08,expired_card,card,0.821,3,10.14,request_card_update,1,2607.08
3466.02,insufficient_funds,upi,0.782,1,24.17,request_alternative_payment,1,3466.02
8322.83,expired_card,card,0.752,3,3.1,request_card_update,1,8322.83
2208.77,expired_card,upi,0.678,0,1.7,request_card_update,0,0.0
4336.14,card_declined,card,0.764,0,7.59,retry_later,1,4336.14
3671.98,card_declined,upi,0.751,3,3.51,retry_now,0,0.0
4603.19,expired_card,upi,0.915,1,12.25,request_alternative_payment,1,4603.19
2230.02,network_error,upi,0.925,2,77.95,request_alternative_payment,0,0.0
1136.42,network_error,upi,0.928,0,42.89,request_card_update,1,1136.42
7583.93,card_declined,card,0.757,0,8.23,retry_later,0,0.0
10812.93,card_declined,card,0.769,0,11.58,request_card_update,0,0.0
1192.08,card_declined,upi,0.788,0,14.11,retry_now,1,1192.08
6716.58,expired_card,upi,0.9,2,3.19,retry_now,0,0.0
11893.41,card_declined,wallet,0.905,2,24.62,request_card_update,0,0.0
8053.98,network_error,card,0.832,3,26.06,request_alternative_payment,0,0.0
3582.65,insufficient_funds,upi,0.405,0,6.95,retry_now,1,3582.65
2350.53,expired_card,wallet,0.946,0,37.9,retry_later,1,2350.53
5334.63,card_declined,upi,0.838,3,21.53,retry_now,0,0.0
6096.2,network_error,card,0.89,1,56.62,retry_later,1,6096.2
5398.3,insufficient_funds,card,0.761,1,13.3,retry_now,1,5398.3
4328.97,expired_card,netbanking,0.784,0,0.83,request_alternative_payment,0,0.0
2102.9,network_error,card,0.706,0,14.81,request_alternative_payment,0,0.0
7011.76,card_declined,card,0.56,0,29.0,retry_now,0,0.0
7287.22,insufficient_funds,upi,0.634,0,3.23,retry_now,0,0.0
5871.41,insufficient_funds,card,0.435,2,8.57,retry_now,0,0.0
5464.28,insufficient_funds,upi,0.872,1,22.35,retry_now,1,5464.28
19160.24,insufficient_funds,wallet,0.791,0,33.53,retry_now,1,19160.24
3034.16,card_declined,wallet,0.757,0,15.27,request_alternative_payment,1,3034.16
13937.54,card_declined,upi,0.55,1,58.12,request_card_update,1,13937.54
2779.35,card_declined,netbanking,0.668,1,23.3,request_alternative_payment,0,0.0
12141.12,network_error,netbanking,0.833,2,5.2,retry_now,1,12141.12
13411.76,card_declined,wallet,0.923,0,52.9,request_card_update,1,13411.76
3955.06,insufficient_funds,netbanking,0.759,1,5.62,request_card_update,0,0.0
18881.99,expired_card,netbanking,0.788,1,31.04,request_card_update,0,0.0
7276.62,card_declined,card,0.931,0,16.01,request_card_update,1,7276.62
2478.42,network_error,card,0.651,4,7.53,retry_later,0,0.0
3706.59,expired_card,card,0.835,3,18.77,request_alternative_payment,0,0.0
12374.62,network_error,upi,0.698,1,3.84,request_card_update,0,0.0
10463.47,card_declined,wallet,0.87,1,13.02,retry_now,0,0.0
2144.71,card_declined,wallet,0.706,1,46.31,retry_later,0,0.0
4472.88,network_error,netbanking,0.66,2,6.09,request_card_update,1,4472.88
5884.11,network_error,netbanking,0.835,0,9.34,request_alternative_payment,1,5884.11
3331.27,insufficient_funds,upi,0.582,0,4.8,request_alternative_payment,1,3331.27
32972.63,card_declined,upi,0.784,2,10.53,request_card_update,0,0.0
6027.72,expired_card,upi,0.612,0,2.26,request_alternative_payment,0,0.0
4758.76,network_error,card,0.941,4,9.82,request_alternative_payment,0,0.0
12963.25,insufficient_funds,netbanking,0.744,2,11.01,request_alternative_payment,1,12963.25
3733.2,card_declined,upi,0.84,2,26.63,request_alternative_payment,0,0.0
11194.02,card_declined,card,0.583,0,11.69,retry_later,0,0.0
1316.86,insufficient_funds,upi,0.774,0,21.78,retry_later,1,1316.86
3478.2,network_error,upi,0.721,2,62.3,request_card_update,0,0.0
11573.23,card_declined,netbanking,0.769,1,57.34,retry_later,0,0.0
17559.52,insufficient_funds,netbanking,0.815,2,1.56,request_alternative_payment,1,17559.52
2693.39,insufficient_funds,card,0.815,1,6.01,retry_later,1,2693.39
2453.66,expired_card,netbanking,0.705,3,0.9,request_alternative_payment,0,0.0
7872.65,expired_card,card,0.886,2,2.55,retry_later,0,0.0
3037.43,network_error,card,0.655,2,22.73,request_alternative_payment,0,0.0
4033.26,expired_card,upi,0.68,1,27.78,retry_later,0,0.0
10080.09,expired_card,netbanking,0.73,2,9.86,retry_now,0,0.0
3235.41,card_declined,wallet,0.759,1,31.23,retry_later,1,3235.41
1037.79,insufficient_funds,card,0.83,1,10.35,request_alternative_payment,0,0.0
1765.74,network_error,upi,0.486,3,3.34,retry_later,0,0.0
5039.98,card_declined,netbanking,0.589,2,12.86,retry_later,0,0.0
1126.03,card_declined,wallet,0.669,3,5.92,request_alternative_payment,0,0.0
3942.08,expired_card,card,0.73,2,3.56,retry_later,1,3942.08
1641.75,insufficient_funds,card,0.504,1,2.58,retry_later,0,0.0
18567.06,expired_card,upi,0.906,3,10.43,retry_later,1,18567.06
28262.96,card_declined,wallet,0.597,0,2.08,retry_now,1,28262.96
2144.44,insufficient_funds,card,0.979,0,54.24,request_card_update,1,2144.44
6140.12,expired_card,upi,0.925,0,18.19,request_alternative_payment,1,6140.12
2318.95,network_error,wallet,0.716,2,29.6,request_card_update,0,0.0
3903.94,card_declined,upi,0.68,1,18.45,retry_now,0,0.0
21162.13,card_declined,upi,0.616,1,9.03,request_card_update,0,0.0
3442.12,insufficient_funds,wallet,0.659,2,4.01,request_card_update,0,0.0
3977.32,insufficient_funds,card,0.782,2,12.79,request_alternative_payment,1,3977.32
2352.35,insufficient_funds,card,0.828,0,4.95,request_alternative_payment,1,2352.35
12508.26,insufficient_funds,card,0.583,2,14.31,request_alternative_payment,0,0.0
367.45,insufficient_funds,upi,0.655,1,18.23,retry_later,0,0.0
3508.54,card_declined,card,0.48,3,39.16,retry_later,0,0.0
4819.78,insufficient_funds,card,0.785,0,5.74,retry_later,1,4819.78
2946.38,card_declined,card,0.9,0,27.13,retry_now,1,2946.38
9976.92,insufficient_funds,upi,0.899,0,5.74,retry_now,1,9976.92
13079.68,insufficient_funds,netbanking,0.832,0,5.66,request_alternative_payment,1,13079.68
1615.76,expired_card,upi,0.849,2,38.63,request_alternative_payment,0,0.0
26688.35,expired_card,netbanking,0.635,2,6.33,request_card_update,0,0.0
1601.32,network_error,wallet,0.96,1,5.58,retry_later,0,0.0
14018.0,insufficient_funds,upi,0.808,2,57.17,request_alternative_payment,0,0.0
5636.71,network_error,upi,0.655,1,1.01,retry_later,0,0.0
3341.69,insufficient_funds,card,0.905,1,33.06,request_card_update,0,0.0
3603.64,card_declined,card,0.679,0,35.9,request_card_update,1,3603.64
4867.73,expired_card,card,0.87,4,6.45,retry_later,0,0.0
5907.2,card_declined,upi,0.802,1,2.11,request_alternative_payment,1,5907.2
2394.84,expired_card,wallet,0.575,4,2.39,retry_later,1,2394.84
4146.59,network_error,card,0.667,1,15.06,request_card_update,1,4146.59
2699.05,insufficient_funds,card,0.624,1,20.99,request_card_update,0,0.0
1891.55,insufficient_funds,netbanking,0.587,2,26.5,retry_later,1,1891.55
2600.2,network_error,wallet,0.563,2,6.15,request_alternative_payment,1,2600.2
1992.64,card_declined,netbanking,0.933,0,19.01,retry_now,0,0.0
3572.67,insufficient_funds,card,0.954,4,5.42,retry_now,1,3572.67
7066.87,insufficient_funds,upi,0.584,0,29.72,request_alternative_payment,1,7066.87
5506.92,expired_card,card,0.747,0,32.39,retry_now,0,0.0
24262.06,insufficient_funds,upi,0.417,0,58.89,retry_later,0,0.0
853.06,expired_card,upi,0.856,1,56.11,retry_later,0,0.0
7278.4,network_error,netbanking,0.631,1,20.77,request_card_update,0,0.0
5025.75,insufficient_funds,card,0.685,3,1.43,retry_now,0,0.0
9602.03,card_declined,wallet,0.562,1,8.8,request_card_update,1,9602.03
8869.43,network_error,card,0.483,2,12.11,request_card_update,0,0.0
4381.73,card_declined,card,0.943,1,6.61,request_alternative_payment,1,4381.73
5740.57,insufficient_funds,netbanking,0.841,1,9.63,retry_now,0,0.0
2757.11,insufficient_funds,upi,0.841,1,0.66,retry_now,1,2757.11
8169.29,expired_card,upi,0.832,0,5.11,retry_now,1,8169.29
1112.2,network_error,card,0.714,2,1.08,request_card_update,1,1112.2
9308.23,card_declined,card,0.906,1,1.53,request_alternative_payment,0,0.0
4908.16,insufficient_funds,card,0.752,2,19.2,retry_now,1,4908.16
3386.47,card_declined,netbanking,0.77,1,10.71,request_card_update,0,0.0
4151.26,network_error,card,0.649,0,4.55,retry_now,1,4151.26
4402.1,insufficient_funds,wallet,0.753,1,8.29,retry_now,0,0.0
14115.6,expired_card,netbanking,0.631,1,11.51,request_card_update,0,0.0
50000.0,expired_card,netbanking,0.88,0,7.67,retry_now,0,0.0
13267.73,insufficient_funds,netbanking,0.837,1,53.35,request_alternative_payment,1,13267.73
3180.94,expired_card,upi,0.67,0,36.5,retry_later,1,3180.94
8275.2,network_error,upi,0.875,1,0.53,retry_later,1,8275.2
8568.57,network_error,wallet,0.706,1,59.96,retry_later,0,0.0
2385.26,insufficient_funds,card,0.867,0,0.25,retry_later,1,2385.26
1823.57,expired_card,card,0.39,2,2.43,retry_now,0,0.0
4753.18,card_declined,upi,0.817,1,2.09,retry_now,1,4753.18
9541.05,network_error,card,0.825,2,51.97,retry_now,1,9541.05
1377.12,insufficient_funds,upi,0.755,2,13.77,request_card_update,1,1377.12
2808.69,insufficient_funds,wallet,0.591,2,6.41,retry_now,1,2808.69
7905.5,expired_card,upi,0.825,0,4.46,request_card_update,1,7905.5
5169.71,card_declined,card,0.569,2,9.87,request_card_update,1,5169.71
15525.08,insufficient_funds,card,0.908,2,6.58,retry_later,0,0.0
1616.63,network_error,card,0.837,3,10.8,request_alternative_payment,0,0.0
32824.33,insufficient_funds,card,0.552,2,34.91,request_alternative_payment,0,0.0
1460.89,expired_card,upi,0.935,0,21.04,request_card_update,1,1460.89
986.2,expired_card,netbanking,0.751,1,0.65,retry_now,0,0.0
4769.82,insufficient_funds,upi,0.613,1,6.89,request_card_update,1,4769.82
2017.52,card_declined,upi,0.8,3,34.04,request_card_update,0,0.0
4847.36,expired_card,card,0.761,0,5.63,request_card_update,1,4847.36
4713.62,expired_card,card,0.931,1,74.52,retry_now,0,0.0
4275.15,card_declined,upi,0.626,2,4.7,retry_later,0,0.0
2548.51,network_error,card,0.755,1,6.62,request_card_update,1,2548.51
7067.9,card_declined,card,0.97,1,3.3,request_card_update,0,0.0
3878.96,insufficient_funds,upi,0.794,2,0.48,retry_later,1,3878.96
12089.89,network_error,card,0.743,0,1.35,request_card_update,1,12089.89
4328.15,insufficient_funds,card,0.858,1,18.25,retry_later,0,0.0
2311.09,insufficient_funds,upi,0.817,1,15.35,request_alternative_payment,0,0.0
1295.98,card_declined,card,0.677,0,23.43,request_alternative_payment,0,0.0
4356.85,expired_card,upi,0.877,4,0.94,request_card_update,0,0.0
1811.35,insufficient_funds,card,0.788,4,8.85,retry_later,0,0.0
1698.03,insufficient_funds,netbanking,0.875,1,2.0,request_card_update,0,0.0
7624.78,insufficient_funds,upi,0.641,0,8.6,request_alternative_payment,0,0.0
1205.99,insufficient_funds,card,0.714,1,27.42,request_alternative_payment,0,0.0
15474.49,expired_card,card,0.704,3,11.11,request_alternative_payment,0,0.0
5681.48,card_declined,wallet,0.858,3,15.71,retry_now,0,0.0
4827.67,insufficient_funds,upi,0.738,0,2.99,request_card_update,0,0.0
2185.02,expired_card,netbanking,0.835,2,17.3,request_card_update,0,0.0
9215.95,insufficient_funds,netbanking,0.845,0,14.48,request_card_update,0,0.0
4988.39,card_declined,card,0.782,2,32.3,retry_now,1,4988.39
2887.99,network_error,upi,0.864,0,0.33,retry_now,1,2887.99
5866.73,network_error,upi,0.99,2,28.86,request_card_update,1,5866.73
1301.1,insufficient_funds,netbanking,0.725,2,19.47,request_card_update,0,0.0
1351.45,network_error,card,0.848,0,5.22,request_card_update,1,1351.45
2040.69,card_declined,wallet,0.68,1,1.28,retry_later,1,2040.69
6613.15,network_error,upi,0.874,1,17.51,retry_later,1,6613.15
4986.98,insufficient_funds,netbanking,0.636,3,1.14,retry_now,0,0.0
11572.38,network_error,card,0.592,1,8.92,request_alternative_payment,0,0.0
2395.15,card_declined,upi,0.664,0,21.25,retry_later,1,2395.15
7918.27,network_error,card,0.865,2,15.87,request_card_update,0,0.0
4564.65,expired_card,wallet,0.697,3,29.74,request_card_update,0,0.0
2351.38,expired_card,card,0.843,1,10.71,retry_later,1,2351.38
6805.18,network_error,upi,0.597,3,5.2,retry_now,1,6805.18
4742.8,insufficient_funds,card,0.834,0,10.39,request_card_update,0,0.0
3022.68,insufficient_funds,card,0.923,0,37.62,request_alternative_payment,1,3022.68
5170.85,card_declined,card,0.669,3,2.14,retry_later,1,5170.85
4507.82,insufficient_funds,netbanking,0.92,1,19.0,retry_now,1,4507.82
4421.54,network_error,card,0.655,4,10.58,request_alternative_payment,0,0.0
3594.35,network_error,netbanking,0.639,3,0.3,request_card_update,0,0.0
1760.29,card_declined,netbanking,0.891,1,42.91,request_card_update,1,1760.29
5308.19,insufficient_funds,wallet,0.929,2,8.22,retry_later,1,5308.19
2630.74,expired_card,upi,0.72,2,13.14,retry_later,0,0.0
2210.4,card_declined,upi,0.918,1,2.73,retry_later,1,2210.4
4124.22,card_declined,upi,0.623,1,14.57,retry_now,0,0.0
8994.91,card_declined,card,0.876,3,15.91,request_alternative_payment,0,0.0
5800.41,insufficient_funds,upi,0.853,1,7.47,request_alternative_payment,0,0.0
3269.13,network_error,netbanking,0.889,0,5.21,retry_later,1,3269.13
3165.66,insufficient_funds,card,0.7,0,17.9,retry_later,0,0.0
8315.23,card_declined,card,0.645,1,13.3,retry_now,1,8315.23
734.95,insufficient_funds,upi,0.531,1,0.41,request_card_update,0,0.0
9462.44,insufficient_funds,netbanking,0.521,1,10.41,retry_later,0,0.0
1116.53,insufficient_funds,card,0.827,2,22.03,request_card_update,1,1116.53
1611.41,insufficient_funds,netbanking,0.902,4,1.69,retry_now,0,0.0
3313.57,expired_card,card,0.818,1,72.15,request_card_update,0,0.0
28375.82,network_error,upi,0.739,2,18.56,request_alternative_payment,0,0.0
19132.21,insufficient_funds,wallet,0.487,1,3.72,request_alternative_payment,1,19132.21
8798.91,insufficient_funds,card,0.743,2,0.89,request_alternative_payment,0,0.0
6650.37,network_error,upi,0.748,1,18.66,request_card_update,1,6650.37
1127.06,insufficient_funds,wallet,0.731,1,23.48,request_card_update,0,0.0
5668.05,card_declined,card,0.857,0,28.46,retry_later,0,0.0
3222.19,insufficient_funds,card,0.671,2,1.82,retry_later,1,3222.19
2601.54,card_declined,wallet,0.959,0,3.38,retry_now,1,2601.54
5659.19,expired_card,upi,0.859,1,4.56,request_alternative_payment,1,5659.19
3429.96,insufficient_funds,wallet,0.887,1,8.08,request_alternative_payment,0,0.0
10022.95,expired_card,netbanking,0.699,2,4.84,retry_later,0,0.0
1062.55,expired_card,upi,0.767,1,7.5,request_alternative_payment,0,0.0
5309.23,expired_card,upi,0.693,1,8.08,request_card_update,0,0.0
2474.8,network_error,upi,0.913,0,4.52,retry_later,1,2474.8
3602.86,expired_card,card,0.488,0,2.77,request_card_update,0,0.0
6379.81,card_declined,upi,0.649,1,31.03,retry_now,0,0.0
2045.4,expired_card,netbanking,0.684,0,0.25,retry_now,1,2045.4
5702.04,insufficient_funds,wallet,0.834,0,9.94,retry_later,0,0.0
4218.87,network_error,wallet,0.657,4,17.04,request_alternative_payment,0,0.0
2947.53,card_declined,wallet,0.655,0,0.25,retry_now,0,0.0
3431.44,insufficient_funds,card,0.742,2,8.91,retry_later,0,0.0
4418.48,insufficient_funds,upi,0.822,2,6.99,retry_now,0,0.0
2705.18,insufficient_funds,card,0.893,0,17.91,retry_now,1,2705.18
5028.46,card_declined,upi,0.97,0,19.31,request_card_update,0,0.0
4002.41,insufficient_funds,wallet,0.817,0,3.78,retry_now,1,4002.41
3066.12,insufficient_funds,netbanking,0.471,0,3.43,request_alternative_payment,1,3066.12
17837.66,insufficient_funds,netbanking,0.823,3,3.09,request_alternative_payment,1,17837.66
6970.1,card_declined,card,0.841,4,11.24,request_alternative_payment,0,0.0
3681.31,insufficient_funds,upi,0.707,3,26.19,retry_later,0,0.0
5618.85,insufficient_funds,card,0.697,1,32.84,retry_now,0,0.0
2198.95,insufficient_funds,upi,0.387,0,3.64,request_card_update,0,0.0
3525.49,card_declined,card,0.881,2,11.74,request_card_update,1,3525.49
3870.47,insufficient_funds,netbanking,0.666,0,20.03,retry_later,1,3870.47
1844.12,expired_card,upi,0.897,0,50.34,retry_later,1,1844.12
6816.33,insufficient_funds,upi,0.936,1,14.13,request_alternative_payment,0,0.0
3336.58,insufficient_funds,netbanking,0.692,0,10.97,request_alternative_payment,1,3336.58
3762.43,card_declined,card,0.504,0,2.03,retry_now,0,0.0
3172.32,expired_card,upi,0.539,1,35.93,retry_now,0,0.0
50000.0,card_declined,netbanking,0.679,1,8.22,retry_now,0,0.0
2942.75,insufficient_funds,wallet,0.884,1,11.71,request_alternative_payment,1,2942.75
955.52,card_declined,card,0.747,0,7.91,request_card_update,0,0.0
1390.26,card_declined,upi,0.443,0,14.68,retry_now,0,0.0
9178.65,card_declined,card,0.909,0,4.36,request_alternative_payment,1,9178.65
14564.69,expired_card,card,0.659,0,13.2,retry_later,1,14564.69
2897.94,expired_card,card,0.956,2,29.0,retry_now,1,2897.94
13909.86,card_declined,upi,0.808,0,0.67,request_card_update,0,0.0
9049.5,insufficient_funds,card,0.677,0,25.49,retry_later,1,9049.5
4296.73,card_declined,upi,0.811,2,22.28,retry_now,0,0.0
4059.59,expired_card,card,0.803,1,44.84,retry_later,1,4059.59
5778.44,expired_card,card,0.823,1,15.75,retry_later,0,0.0
10088.56,insufficient_funds,netbanking,0.839,0,16.43,retry_now,1,10088.56
6870.75,insufficient_funds,card,0.834,0,28.47,retry_later,0,0.0
2909.53,insufficient_funds,card,0.84,0,1.95,retry_now,1,2909.53
4349.55,network_error,card,0.739,4,19.14,retry_now,1,4349.55
24396.72,card_declined,card,0.758,1,14.17,request_card_update,1,24396.72
6112.95,insufficient_funds,upi,0.991,0,21.56,retry_later,1,6112.95
10023.16,insufficient_funds,netbanking,0.802,2,9.5,retry_later,1,10023.16
7700.97,insufficient_funds,upi,0.567,3,29.82,request_card_update,0,0.0
6222.2,expired_card,card,0.942,0,77.97,retry_now,1,6222.2
5454.26,card_declined,card,0.823,1,25.79,retry_later,0,0.0
10250.75,insufficient_funds,netbanking,0.744,1,33.8,retry_now,1,10250.75
8884.89,network_error,card,0.803,1,24.13,request_alternative_payment,1,8884.89
6175.27,card_declined,card,0.563,0,19.2,retry_now,1,6175.27
2870.33,network_error,card,0.855,0,3.15,request_card_update,1,2870.33
6806.55,network_error,netbanking,0.739,1,30.6,request_alternative_payment,0,0.0
4739.03,insufficient_funds,upi,0.543,1,10.07,retry_now,0,0.0
3907.25,insufficient_funds,card,0.816,2,9.75,retry_now,0,0.0
42625.76,insufficient_funds,card,0.823,2,62.74,retry_later,1,42625.76
1459.65,network_error,netbanking,0.779,2,27.26,request_alternative_payment,1,1459.65
10764.44,expired_card,card,0.788,2,4.72,retry_now,0,0.0
2507.54,insufficient_funds,upi,0.818,3,18.94,request_card_update,1,2507.54
5553.31,network_error,netbanking,0.539,1,0.25,retry_now,0,0.0
39029.12,network_error,card,0.91,2,25.24,retry_now,0,0.0
2315.31,expired_card,card,0.939,3,4.0,retry_later,1,2315.31
2802.02,card_declined,upi,0.822,1,16.54,request_alternative_payment,1,2802.02
4930.43,insufficient_funds,upi,0.704,0,3.6,request_alternative_payment,0,0.0
2538.73,network_error,upi,0.775,2,25.46,retry_now,0,0.0
10141.98,network_error,card,0.698,0,37.59,retry_later,0,0.0
3260.28,network_error,card,0.454,0,16.34,request_card_update,0,0.0
8437.16,expired_card,upi,0.884,2,6.5,retry_now,1,8437.16
1726.48,card_declined,card,0.608,0,31.75,request_card_update,1,1726.48
1178.18,network_error,card,0.894,0,12.98,retry_now,1,1178.18
4163.06,insufficient_funds,card,0.826,2,16.48,request_alternative_payment,0,0.0
1425.66,card_declined,upi,0.641,0,11.47,retry_later,0,0.0
16844.99,insufficient_funds,card,0.336,1,3.36,request_alternative_payment,0,0.0
1470.49,insufficient_funds,upi,0.891,0,18.85,retry_now,1,1470.49
2179.92,insufficient_funds,upi,0.874,1,49.85,retry_later,1,2179.92
6961.07,network_error,wallet,0.728,2,2.06,retry_now,0,0.0
3127.85,expired_card,upi,0.558,3,15.23,retry_now,0,0.0
1483.98,insufficient_funds,upi,0.674,1,12.24,retry_now,1,1483.98
25569.73,card_declined,card,0.833,1,3.95,retry_now,1,25569.73
2243.71,insufficient_funds,netbanking,0.685,2,2.74,request_alternative_payment,1,2243.71
4273.49,card_declined,upi,0.778,0,2.85,retry_now,1,4273.49
4229.5,insufficient_funds,netbanking,0.645,2,6.59,retry_now,1,4229.5
8825.85,card_declined,wallet,0.553,3,19.15,retry_now,0,0.0
7237.82,expired_card,card,0.67,0,17.89,retry_later,0,0.0
2580.54,card_declined,wallet,0.874,1,6.98,request_alternative_payment,1,2580.54
3852.71,network_error,upi,0.97,0,47.67,retry_now,1,3852.71
4169.93,network_error,upi,0.921,0,1.49,request_alternative_payment,1,4169.93
9103.01,insufficient_funds,upi,0.929,1,29.36,request_card_update,1,9103.01
1963.6,insufficient_funds,card,0.843,0,50.33,request_alternative_payment,1,1963.6
25126.58,insufficient_funds,netbanking,0.931,0,0.81,request_alternative_payment,1,25126.58
2723.97,card_declined,card,0.605,1,48.27,retry_later,1,2723.97
4965.12,expired_card,upi,0.621,2,18.38,retry_later,1,4965.12
1976.73,card_declined,card,0.805,0,11.31,request_alternative_payment,0,0.0
1769.88,card_declined,card,0.721,1,52.37,request_card_update,1,1769.88
2484.06,insufficient_funds,upi,0.849,2,5.88,retry_later,1,2484.06
2300.25,insufficient_funds,netbanking,0.791,0,22.93,request_card_update,0,0.0
3589.57,expired_card,netbanking,0.496,0,10.47,retry_now,1,3589.57
2284.77,insufficient_funds,upi,0.565,1,23.42,request_alternative_payment,0,0.0
8722.27,network_error,upi,0.921,0,2.48,request_card_update,1,8722.27
2672.6,insufficient_funds,wallet,0.649,3,13.38,request_alternative_payment,0,0.0
2445.83,insufficient_funds,upi,0.848,0,37.19,retry_later,1,2445.83
3651.23,insufficient_funds,upi,0.774,0,28.5,request_alternative_payment,1,3651.23
11064.14,expired_card,netbanking,0.778,0,4.37,request_alternative_payment,0,0.0
5937.8,insufficient_funds,netbanking,0.919,0,1.08,request_card_update,1,5937.8
4616.73,network_error,netbanking,0.789,0,11.29,request_card_update,1,4616.73
1588.84,insufficient_funds,upi,0.896,1,18.88,retry_now,1,1588.84
2004.25,card_declined,upi,0.823,0,38.08,retry_now,0,0.0
1798.06,card_declined,upi,0.619,1,8.23,request_alternative_payment,1,1798.06
14223.83,card_declined,upi,0.848,1,56.41,retry_later,0,0.0
7643.75,insufficient_funds,upi,0.8,0,8.18,request_card_update,0,0.0
2509.65,insufficient_funds,card,0.889,1,30.68,retry_now,0,0.0
3183.37,expired_card,card,0.844,0,9.96,request_card_update,1,3183.37
2583.66,card_declined,upi,0.949,1,12.37,request_card_update,0,0.0
2461.45,insufficient_funds,card,0.906,2,8.37,retry_later,1,2461.45
7225.95,card_declined,card,0.797,3,68.57,request_card_update,0,0.0
3972.55,insufficient_funds,card,0.637,3,14.58,request_card_update,1,3972.55
26426.63,card_declined,card,0.807,1,1.11,retry_now,1,26426.63
13595.32,card_declined,netbanking,0.517,0,13.37,retry_now,0,0.0
14253.78,insufficient_funds,upi,0.863,1,60.86,retry_later,0,0.0
8555.06,card_declined,netbanking,0.924,3,20.66,request_card_update,0,0.0
3565.52,card_declined,card,0.528,2,18.91,retry_later,0,0.0
8066.1,expired_card,card,0.837,1,8.79,request_alternative_payment,0,0.0
3782.45,network_error,card,0.692,2,16.53,request_alternative_payment,1,3782.45
18424.08,card_declined,card,0.889,0,14.9,request_card_update,0,0.0
6909.25,network_error,card,0.857,0,30.52,request_alternative_payment,1,6909.25
6167.7,insufficient_funds,upi,0.867,3,5.04,request_alternative_payment,1,6167.7
5535.02,network_error,card,0.806,3,8.15,retry_later,1,5535.02
20118.73,insufficient_funds,netbanking,0.844,2,28.63,request_alternative_payment,1,20118.73
1587.94,insufficient_funds,upi,0.778,0,6.28,retry_later,1,1587.94
21759.89,card_declined,card,0.707,0,17.25,retry_later,0,0.0
4308.18,insufficient_funds,netbanking,0.865,0,28.7,request_alternative_payment,1,4308.18
1623.39,network_error,upi,0.61,0,7.71,retry_now,0,0.0
2739.21,card_declined,card,0.879,0,19.14,retry_later,1,2739.21
1334.81,insufficient_funds,upi,0.818,0,7.81,request_alternative_payment,1,1334.81
8434.78,card_declined,upi,0.526,0,11.78,request_card_update,0,0.0
2178.86,card_declined,upi,0.817,3,33.63,request_card_update,0,0.0
5722.31,network_error,wallet,0.763,0,3.28,retry_now,1,5722.31
12389.03,network_error,card,0.756,0,39.38,retry_now,1,12389.03
2920.7,insufficient_funds,card,0.56,1,15.93,request_card_update,0,0.0
4034.79,network_error,netbanking,0.94,2,17.15,retry_later,0,0.0
1762.52,card_declined,upi,0.828,1,11.56,retry_now,0,0.0
3664.72,insufficient_funds,wallet,0.884,2,11.59,retry_now,0,0.0
39199.22,card_declined,netbanking,0.803,2,9.89,retry_now,0,0.0
9316.48,insufficient_funds,upi,0.821,0,8.41,request_alternative_payment,0,0.0
4045.7,insufficient_funds,upi,0.808,2,8.41,retry_later,0,0.0
3065.12,insufficient_funds,card,0.52,0,24.33,retry_later,0,0.0
4832.34,network_error,card,0.742,2,45.38,request_alternative_payment,0,0.0
5548.23,expired_card,card,0.929,3,2.71,request_card_update,0,0.0
3575.78,expired_card,card,0.794,0,9.15,retry_now,1,3575.78
7640.67,insufficient_funds,upi,0.47,0,3.78,retry_now,0,0.0
2331.89,card_declined,upi,0.474,4,48.73,retry_now,0,0.0
2322.69,network_error,wallet,0.825,4,30.87,retry_later,0,0.0
6723.4,insufficient_funds,card,0.766,1,60.77,request_alternative_payment,1,6723.4
1963.1,card_declined,upi,0.686,0,7.4,request_card_update,0,0.0
8958.94,insufficient_funds,card,0.613,1,0.4,request_alternative_payment,1,8958.94
4943.2,card_declined,upi,0.503,1,30.98,retry_now,1,4943.2
1158.48,network_error,card,0.905,1,14.62,request_alternative_payment,1,1158.48
5457.75,insufficient_funds,upi,0.93,2,36.34,retry_now,1,5457.75
1298.64,insufficient_funds,upi,0.781,0,24.27,request_alternative_payment,1,1298.64
8707.0,network_error,card,0.668,2,2.27,request_alternative_payment,0,0.0
4097.87,card_declined,upi,0.691,1,1.95,retry_now,0,0.0
21983.79,insufficient_funds,card,0.839,0,6.71,retry_now,1,21983.79
11781.0,insufficient_funds,card,0.675,1,25.73,retry_now,0,0.0
2140.17,expired_card,wallet,0.542,1,22.52,retry_later,0,0.0
992.87,card_declined,card,0.933,1,39.24,retry_later,0,0.0
2732.88,card_declined,card,0.794,1,28.21,retry_later,0,0.0
1882.18,card_declined,wallet,0.779,2,1.68,request_card_update,0,0.0
21542.51,expired_card,card,0.845,1,2.01,retry_later,0,0.0
4958.91,insufficient_funds,card,0.818,0,11.85,retry_later,1,4958.91
10550.5,insufficient_funds,upi,0.766,1,30.14,retry_now,1,10550.5
3980.52,card_declined,upi,0.83,0,6.57,request_alternative_payment,1,3980.52
4330.59,network_error,upi,0.732,0,5.32,request_card_update,0,0.0
4871.18,insufficient_funds,upi,0.694,4,0.95,request_alternative_payment,0,0.0
12117.73,insufficient_funds,wallet,0.83,1,13.48,retry_now,0,0.0
6415.63,insufficient_funds,card,0.775,0,12.62,retry_now,1,6415.63
2145.93,card_declined,upi,0.823,0,29.91,request_card_update,1,2145.93
18310.03,card_declined,wallet,0.73,1,4.27,retry_now,1,18310.03
3955.81,card_declined,card,0.777,2,3.68,request_card_update,1,3955.81
3473.01,insufficient_funds,wallet,0.808,2,18.25,retry_now,0,0.0
519.88,network_error,wallet,0.69,1,2.41,request_card_update,1,519.88
8305.83,insufficient_funds,wallet,0.932,2,4.06,retry_now,0,0.0
5420.83,network_error,card,0.886,1,24.34,request_alternative_payment,1,5420.83
5416.11,insufficient_funds,upi,0.333,2,23.13,request_card_update,1,5416.11
3622.55,expired_card,netbanking,0.725,2,9.28,request_card_update,0,0.0
3155.87,card_declined,card,0.768,1,15.73,retry_now,0,0.0
3720.19,card_declined,upi,0.835,0,17.94,request_card_update,0,0.0
7242.5,insufficient_funds,card,0.895,2,0.85,retry_now,1,7242.5
8337.24,insufficient_funds,card,0.781,2,17.95,retry_later,0,0.0
4156.25,network_error,netbanking,0.856,1,9.16,retry_later,1,4156.25
10682.3,card_declined,wallet,0.842,2,2.22,request_card_update,0,0.0
4693.88,network_error,card,0.541,1,30.99,retry_now,1,4693.88
3340.29,card_declined,card,0.804,0,11.26,request_card_update,1,3340.29
5860.12,card_declined,upi,0.927,2,0.25,retry_later,0,0.0
1685.28,expired_card,card,0.816,1,3.1,request_card_update,0,0.0
6023.16,card_declined,upi,0.529,4,15.36,request_card_update,1,6023.16
1456.0,expired_card,upi,0.765,0,8.42,request_alternative_payment,0,0.0
2197.36,card_declined,card,0.609,3,3.1,retry_later,1,2197.36
994.5,insufficient_funds,netbanking,0.957,0,10.44,request_card_update,1,994.5
4346.38,network_error,card,0.86,0,36.93,request_card_update,1,4346.38
18122.33,insufficient_funds,card,0.709,1,14.6,request_alternative_payment,0,0.0
4552.96,insufficient_funds,netbanking,0.69,0,1.87,retry_now,0,0.0
8367.09,insufficient_funds,card,0.821,2,5.55,retry_now,0,0.0
32828.24,card_declined,card,0.88,1,11.0,request_alternative_payment,1,32828.24
6908.02,card_declined,upi,0.898,2,5.38,retry_now,1,6908.02
2710.87,insufficient_funds,card,0.884,3,62.23,retry_later,0,0.0
3026.43,insufficient_funds,upi,0.794,0,7.46,request_alternative_payment,0,0.0
5002.63,insufficient_funds,netbanking,0.782,2,15.27,request_card_update,0,0.0
3013.56,insufficient_funds,card,0.462,3,2.31,retry_later,1,3013.56
3199.42,insufficient_funds,card,0.454,0,36.74,request_card_update,1,3199.42
10997.2,insufficient_funds,card,0.86,1,12.24,retry_now,0,0.0
11363.01,network_error,upi,0.812,0,16.39,retry_now,1,11363.01
1339.0,network_error,card,0.847,4,13.86,retry_now,1,1339.0
2598.42,insufficient_funds,netbanking,0.765,4,36.74,retry_later,1,2598.42
3449.52,insufficient_funds,card,0.417,2,3.34,retry_now,0,0.0
8074.48,insufficient_funds,netbanking,0.672,0,40.33,request_card_update,1,8074.48
12477.14,insufficient_funds,netbanking,0.968,1,8.54,request_card_update,1,12477.14
43424.0,card_declined,netbanking,0.687,3,23.47,request_card_update,1,43424.0
3444.92,expired_card,upi,0.513,0,3.44,retry_now,0,0.0
3585.35,network_error,card,0.884,1,15.98,retry_now,1,3585.35
8006.82,card_declined,card,0.846,0,7.3,request_card_update,1,8006.82
2896.97,insufficient_funds,card,0.666,3,15.86,request_card_update,1,2896.97
4466.78,network_error,card,0.416,1,5.02,retry_now,1,4466.78
3587.33,expired_card,upi,0.802,1,26.8,request_alternative_payment,0,0.0
613.92,insufficient_funds,upi,0.692,0,1.21,retry_now,1,613.92
5518.05,network_error,upi,0.87,1,6.2,retry_now,1,5518.05
4321.27,insufficient_funds,wallet,0.758,2,10.09,request_card_update,0,0.0
13824.23,network_error,upi,0.533,0,6.66,request_alternative_payment,1,13824.23
5022.01,insufficient_funds,card,0.901,2,42.15,request_card_update,0,0.0
1832.42,card_declined,card,0.914,1,0.77,request_card_update,0,0.0
4067.22,insufficient_funds,upi,0.776,1,14.38,request_alternative_payment,1,4067.22
938.54,card_declined,card,0.535,1,15.14,retry_now,0,0.0
1897.82,card_declined,card,0.847,0,32.19,retry_now,0,0.0
8313.18,card_declined,upi,0.635,1,1.84,request_card_update,1,8313.18
4102.37,network_error,upi,0.817,1,11.76,retry_now,0,0.0
10458.81,insufficient_funds,card,0.726,0,11.9,request_alternative_payment,0,0.0
1036.58,network_error,card,0.634,0,32.54,retry_later,0,0.0
4118.42,insufficient_funds,card,0.866,1,10.61,request_alternative_payment,1,4118.42
3417.91,network_error,card,0.658,3,4.12,request_card_update,1,3417.91
10741.52,insufficient_funds,card,0.863,1,3.1,retry_later,0,0.0
8564.69,card_declined,netbanking,0.717,1,12.64,request_alternative_payment,0,0.0
8358.17,card_declined,upi,0.882,4,37.11,retry_later,0,0.0
17159.74,expired_card,card,0.774,1,8.56,request_card_update,1,17159.74
3724.63,card_declined,wallet,0.966,0,30.24,request_card_update,1,3724.63
14548.71,insufficient_funds,upi,0.936,2,32.88,request_alternative_payment,1,14548.71
2168.58,network_error,card,0.718,4,6.83,retry_now,1,2168.58
2105.88,insufficient_funds,netbanking,0.708,4,10.02,request_card_update,1,2105.88
9130.63,insufficient_funds,netbanking,0.623,0,14.47,request_alternative_payment,0,0.0
1500.27,card_declined,upi,0.864,1,51.77,request_card_update,0,0.0
7906.22,network_error,card,0.856,1,0.7,retry_now,0,0.0
5422.13,expired_card,netbanking,0.691,1,24.91,retry_now,1,5422.13
11786.09,expired_card,card,0.803,0,21.98,request_card_update,0,0.0
4767.79,insufficient_funds,card,0.834,0,18.16,retry_now,0,0.0
5229.3,insufficient_funds,netbanking,0.739,0,6.39,request_card_update,0,0.0
7514.62,network_error,netbanking,0.956,0,27.41,retry_later,1,7514.62
2942.67,insufficient_funds,upi,0.922,1,2.6,request_card_update,1,2942.67
2841.9,card_declined,card,0.586,0,33.07,retry_later,0,0.0
7308.09,expired_card,card,0.87,1,9.94,retry_later,0,0.0
4884.21,insufficient_funds,netbanking,0.712,0,24.8,retry_now,1,4884.21
3609.56,card_declined,upi,0.657,2,11.8,retry_later,0,0.0
4679.59,expired_card,netbanking,0.947,3,25.44,request_card_update,0,0.0
17905.1,card_declined,card,0.677,1,4.67,request_card_update,1,17905.1
3507.92,expired_card,wallet,0.745,0,2.68,retry_later,0,0.0
3427.47,card_declined,card,0.801,0,11.43,request_alternative_payment,0,0.0
1275.68,insufficient_funds,card,0.769,2,96.0,request_alternative_payment,0,0.0
4833.43,network_error,netbanking,0.446,1,91.26,retry_now,0,0.0
8456.58,network_error,card,0.898,2,4.16,request_card_update,1,8456.58
9761.02,expired_card,upi,0.797,2,35.04,retry_now,0,0.0
5452.16,card_declined,upi,0.629,0,17.3,retry_later,0,0.0
10741.39,card_declined,netbanking,0.96,0,8.95,retry_now,0,0.0
8974.81,insufficient_funds,card,0.91,2,11.69,request_alternative_payment,1,8974.81
12180.03,insufficient_funds,card,0.819,0,23.35,request_card_update,0,0.0
10988.84,expired_card,upi,0.756,1,6.4,request_alternative_payment,1,10988.84
17556.43,expired_card,netbanking,0.686,0,38.8,retry_later,0,0.0
4365.28,card_declined,wallet,0.78,1,11.19,request_card_update,0,0.0
1729.43,expired_card,card,0.458,1,56.36,request_card_update,0,0.0
8502.95,card_declined,upi,0.713,1,3.29,request_card_update,1,8502.95
9336.02,network_error,card,0.853,1,51.26,request_alternative_payment,1,9336.02
17556.68,card_declined,card,0.958,0,2.24,request_card_update,0,0.0
13935.93,network_error,card,0.528,1,10.48,retry_now,1,13935.93
23708.08,network_error,card,0.796,1,15.45,retry_now,0,0.0
8209.74,card_declined,card,0.92,1,23.23,request_card_update,0,0.0
6004.36,expired_card,card,0.783,1,11.58,request_card_update,1,6004.36
1651.12,card_declined,card,0.807,1,1.49,request_card_update,0,0.0
6397.55,network_error,netbanking,0.798,0,6.93,request_card_update,1,6397.55
3213.74,insufficient_funds,card,0.608,0,8.92,retry_later,0,0.0
5921.83,insufficient_funds,netbanking,0.777,2,33.26,request_alternative_payment,1,5921.83
5222.88,network_error,netbanking,0.727,1,26.35,retry_now,1,5222.88
7292.34,network_error,upi,0.925,0,5.97,request_alternative_payment,0,0.0
4625.45,expired_card,upi,0.719,0,12.23,request_alternative_payment,1,4625.45
10564.02,insufficient_funds,card,0.821,1,6.89,retry_now,1,10564.02
566.04,insufficient_funds,card,0.481,0,0.43,request_card_update,1,566.04
5820.77,card_declined,upi,0.787,0,10.17,request_card_update,0,0.0
13084.52,expired_card,upi,0.805,0,30.57,retry_later,0,0.0
22319.86,expired_card,upi,0.609,3,11.08,retry_now,1,22319.86
8980.06,expired_card,netbanking,0.788,1,12.74,retry_later,0,0.0
19246.79,card_declined,upi,0.364,3,0.45,request_alternative_payment,0,0.0
5723.54,expired_card,card,0.604,1,27.87,retry_now,0,0.0
5011.46,insufficient_funds,card,0.844,2,10.11,request_alternative_payment,0,0.0
7636.74,expired_card,netbanking,0.75,1,17.06,request_alternative_payment,1,7636.74
4987.24,card_declined,wallet,0.955,0,20.69,request_card_update,0,0.0
2673.94,card_declined,upi,0.51,3,1.72,request_card_update,1,2673.94
3310.98,card_declined,netbanking,0.764,3,2.39,request_card_update,0,0.0
2053.85,network_error,upi,0.889,2,1.91,request_alternative_payment,0,0.0
7630.39,insufficient_funds,card,0.669,2,7.69,request_alternative_payment,0,0.0
5045.78,insufficient_funds,wallet,0.872,1,15.59,retry_later,1,5045.78
3747.95,network_error,upi,0.609,0,8.93,retry_later,1,3747.95
3177.49,expired_card,upi,0.95,1,5.47,request_alternative_payment,0,0.0
7489.36,card_declined,upi,0.822,2,23.49,request_card_update,0,0.0
9335.24,insufficient_funds,upi,0.922,1,36.28,request_alternative_payment,1,9335.24
2023.9,card_declined,card,0.534,4,0.25,retry_later,0,0.0
1784.77,insufficient_funds,upi,0.602,1,43.45,retry_later,1,1784.77
10730.02,insufficient_funds,card,0.827,0,3.72,request_card_update,0,0.0
1664.18,insufficient_funds,card,0.724,0,2.96,request_alternative_payment,1,1664.18
7747.94,card_declined,card,0.738,0,1.15,retry_later,0,0.0
18228.12,insufficient_funds,card,0.961,1,10.36,retry_later,1,18228.12
18262.06,insufficient_funds,wallet,0.643,4,19.05,retry_later,1,18262.06
9022.63,insufficient_funds,card,0.671,4,29.94,retry_now,0,0.0
8815.27,card_declined,card,0.813,2,1.68,retry_later,0,0.0
30294.43,insufficient_funds,netbanking,0.841,0,17.95,request_alternative_payment,0,0.0
772.53,insufficient_funds,netbanking,0.911,4,33.41,request_alternative_payment,1,772.53
3448.6,card_declined,upi,0.906,3,6.15,request_alternative_payment,1,3448.6
9857.49,network_error,wallet,0.747,2,10.41,request_alternative_payment,0,0.0
3817.55,network_error,upi,0.854,0,17.92,request_card_update,1,3817.55
13480.72,card_declined,upi,0.757,0,9.96,retry_now,1,13480.72
4845.04,network_error,card,0.919,1,35.28,retry_now,0,0.0
5555.75,network_error,card,0.751,0,2.91,retry_later,1,5555.75
4013.64,network_error,upi,0.7,1,15.75,request_alternative_payment,0,0.0
3291.78,card_declined,netbanking,0.928,1,45.88,request_alternative_payment,0,0.0
3227.64,insufficient_funds,upi,0.811,4,2.79,retry_later,1,3227.64
6211.3,insufficient_funds,netbanking,0.707,1,11.98,retry_now,0,0.0
2690.66,insufficient_funds,upi,0.854,0,20.99,retry_now,0,0.0
10718.83,card_declined,upi,0.79,0,7.87,request_card_update,0,0.0
8431.87,expired_card,card,0.766,0,21.57,request_alternative_payment,0,0.0
12048.87,insufficient_funds,card,0.878,0,3.35,request_card_update,1,12048.87
2026.48,card_declined,upi,0.734,2,5.73,retry_now,0,0.0
1283.84,expired_card,card,0.798,2,87.68,retry_now,0,0.0
4983.28,card_declined,wallet,0.89,2,55.79,request_alternative_payment,0,0.0
50000.0,insufficient_funds,card,0.645,0,6.47,request_card_update,0,0.0
13768.8,expired_card,card,0.776,2,23.44,retry_later,0,0.0
3208.75,insufficient_funds,upi,0.827,1,8.09,retry_now,0,0.0
7022.0,insufficient_funds,card,0.946,0,9.71,request_alternative_payment,0,0.0
8948.69,card_declined,upi,0.584,1,9.51,retry_later,0,0.0
1673.18,insufficient_funds,card,0.923,0,12.82,retry_now,0,0.0
14956.39,network_error,card,0.744,0,26.73,retry_later,1,14956.39
4373.22,insufficient_funds,upi,0.882,1,18.78,retry_now,0,0.0
4650.12,network_error,card,0.982,1,13.36,request_card_update,0,0.0
5096.05,insufficient_funds,upi,0.36,1,6.33,retry_later,0,0.0
12491.77,expired_card,card,0.716,2,11.02,retry_now,0,0.0
2732.71,insufficient_funds,upi,0.933,0,8.23,request_card_update,0,0.0
1276.17,expired_card,card,0.414,0,14.47,retry_later,1,1276.17
6474.05,insufficient_funds,card,0.95,1,6.28,retry_later,1,6474.05
974.83,expired_card,upi,0.509,1,16.33,request_alternative_payment,0,0.0
3929.67,network_error,upi,0.635,2,3.87,request_alternative_payment,1,3929.67
12922.08,card_declined,wallet,0.94,0,2.2,retry_now,1,12922.08
7946.35,insufficient_funds,netbanking,0.913,2,8.58,retry_later,1,7946.35
11511.23,card_declined,upi,0.689,2,75.25,retry_later,0,0.0
8213.01,card_declined,card,0.5,2,28.78,request_card_update,0,0.0
34387.93,card_declined,netbanking,0.795,1,19.31,request_card_update,0,0.0
3123.16,card_declined,upi,0.625,0,33.47,request_alternative_payment,0,0.0
6875.35,expired_card,netbanking,0.634,0,1.16,request_card_update,0,0.0
3521.69,expired_card,upi,0.713,3,17.06,request_alternative_payment,0,0.0
10749.71,card_declined,card,0.698,4,2.35,request_alternative_payment,0,0.0
4759.67,insufficient_funds,netbanking,0.825,0,10.09,retry_later,1,4759.67
19776.88,insufficient_funds,netbanking,0.759,1,2.65,retry_later,1,19776.88
3269.98,network_error,card,0.798,0,48.71,retry_now,1,3269.98
15411.89,expired_card,upi,0.772,0,9.38,request_alternative_payment,0,0.0
8036.15,card_declined,upi,0.78,2,2.43,request_card_update,1,8036.15
4871.83,insufficient_funds,upi,0.809,3,3.81,retry_later,0,0.0
7716.74,card_declined,netbanking,0.754,1,1.95,retry_later,0,0.0
6162.3,card_declined,card,0.675,2,13.99,retry_now,0,0.0
6647.24,expired_card,card,0.622,3,96.0,retry_later,0,0.0
4237.36,network_error,card,0.973,2,41.57,request_alternative_payment,0,0.0
2852.42,insufficient_funds,wallet,0.773,2,19.81,request_card_update,0,0.0
3824.32,insufficient_funds,card,0.963,0,40.98,request_alternative_payment,1,3824.32
1300.73,insufficient_funds,upi,0.794,2,20.88,request_alternative_payment,1,1300.73
9806.02,network_error,netbanking,0.882,0,4.43,request_alternative_payment,0,0.0
1861.36,network_error,netbanking,0.442,2,5.51,retry_later,0,0.0
4200.99,insufficient_funds,card,0.78,4,46.64,request_alternative_payment,1,4200.99
8397.0,insufficient_funds,card,0.6,0,24.06,request_card_update,1,8397.0
9786.02,expired_card,wallet,0.65,1,9.0,request_card_update,0,0.0
1208.91,network_error,upi,0.767,1,9.49,retry_later,1,1208.91
4645.78,card_declined,card,0.768,0,13.89,retry_now,1,4645.78
7222.73,card_declined,card,0.732,0,32.09,retry_later,0,0.0
5212.45,expired_card,netbanking,0.908,2,9.48,retry_later,0,0.0
14653.77,network_error,wallet,0.514,3,21.27,request_card_update,1,14653.77
2590.87,expired_card,upi,0.841,0,6.46,retry_now,0,0.0
970.64,insufficient_funds,card,0.757,2,88.15,request_card_update,1,970.64
9561.06,insufficient_funds,upi,0.813,1,6.99,retry_later,1,9561.06
3253.62,insufficient_funds,card,0.547,0,10.69,request_card_update,1,3253.62
1224.59,expired_card,netbanking,0.757,0,28.9,retry_later,0,0.0
4404.51,network_error,card,0.895,3,3.82,request_alternative_payment,0,0.0
13381.65,insufficient_funds,card,0.715,1,1.79,retry_now,0,0.0
1820.0,expired_card,card,0.888,4,16.72,retry_now,0,0.0
32402.47,expired_card,card,0.84,2,9.37,retry_now,0,0.0
2557.76,insufficient_funds,card,0.809,2,25.32,request_card_update,0,0.0
5360.44,card_declined,upi,0.754,0,2.13,request_card_update,0,0.0
1885.38,network_error,upi,0.76,1,11.29,retry_now,1,1885.38
5169.24,insufficient_funds,upi,0.81,0,1.01,retry_later,0,0.0
4492.64,network_error,card,0.703,1,23.99,request_alternative_payment,1,4492.64
1518.68,insufficient_funds,card,0.634,4,53.75,request_card_update,0,0.0
47947.16,expired_card,upi,0.875,1,2.62,request_alternative_payment,0,0.0
3364.13,network_error,upi,0.833,0,59.63,request_card_update,1,3364.13
3366.48,expired_card,card,0.614,0,3.88,request_card_update,0,0.0
10855.44,network_error,netbanking,0.821,0,1.52,request_card_update,1,10855.44
21345.52,insufficient_funds,card,0.929,0,1.93,request_card_update,0,0.0
12312.16,card_declined,card,0.726,0,8.12,request_alternative_payment,1,12312.16
1912.66,network_error,card,0.932,1,10.36,request_alternative_payment,1,1912.66
5933.21,insufficient_funds,upi,0.589,1,14.28,request_alternative_payment,0,0.0
1109.98,network_error,card,0.436,1,19.98,request_card_update,0,0.0
10286.19,insufficient_funds,card,0.601,0,3.29,request_alternative_payment,0,0.0
1351.6,insufficient_funds,upi,0.77,0,31.88,retry_later,0,0.0
2629.72,card_declined,card,0.573,1,1.44,retry_now,0,0.0
4987.21,network_error,card,0.591,0,11.07,request_card_update,1,4987.21
7138.08,card_declined,upi,0.745,0,50.41,retry_now,1,7138.08
4058.0,card_declined,upi,0.783,2,15.0,request_card_update,0,0.0
16855.97,card_declined,card,0.908,0,2.11,retry_now,0,0.0
8917.62,network_error,card,0.664,0,21.11,request_alternative_payment,1,8917.62
8374.72,card_declined,card,0.691,0,58.55,request_card_update,0,0.0
1869.96,card_declined,wallet,0.673,0,12.11,retry_now,0,0.0
19471.12,card_declined,netbanking,0.968,2,21.67,retry_now,1,19471.12
2630.01,card_declined,card,0.522,3,12.13,request_alternative_payment,0,0.0
20074.93,insufficient_funds,wallet,0.855,1,1.82,request_card_update,1,20074.93
25208.82,network_error,upi,0.866,0,42.92,retry_now,1,25208.82
7535.03,insufficient_funds,card,0.881,2,11.94,request_alternative_payment,1,7535.03
11416.37,expired_card,wallet,0.891,0,35.21,request_card_update,1,11416.37
424.48,network_error,upi,0.623,2,0.25,request_card_update,0,0.0
4277.79,card_declined,upi,0.747,2,10.5,request_alternative_payment,0,0.0
12075.4,network_error,upi,0.736,2,0.25,request_alternative_payment,0,0.0
10475.57,network_error,wallet,0.607,0,78.81,retry_later,0,0.0
1884.49,insufficient_funds,card,0.819,0,15.18,retry_now,0,0.0
3952.94,network_error,card,0.906,0,8.03,request_alternative_payment,1,3952.94
657.27,expired_card,card,0.888,1,3.72,retry_later,0,0.0
6957.58,insufficient_funds,wallet,0.425,4,0.36,retry_now,0,0.0
1108.24,insufficient_funds,card,0.714,1,23.93,retry_now,1,1108.24
12352.03,card_declined,card,0.641,0,35.24,request_card_update,1,12352.03
12879.25,card_declined,card,0.751,1,31.13,retry_now,0,0.0
3421.04,card_declined,card,0.948,1,3.97,request_card_update,1,3421.04
7587.17,card_declined,upi,0.746,0,52.42,request_alternative_payment,1,7587.17
4202.83,network_error,card,0.808,1,30.0,retry_now,1,4202.83
6067.61,insufficient_funds,netbanking,0.318,1,13.45,retry_later,0,0.0
1996.97,card_declined,upi,0.872,1,6.92,retry_now,0,0.0
8227.09,expired_card,upi,0.87,2,10.42,retry_later,0,0.0
1345.13,card_declined,netbanking,0.741,2,21.69,request_alternative_payment,0,0.0
1156.61,card_declined,card,0.953,1,3.93,retry_later,0,0.0
4535.32,insufficient_funds,upi,0.241,3,6.9,request_alternative_payment,0,0.0
4222.57,insufficient_funds,upi,0.672,1,3.41,retry_now,0,0.0
6216.95,card_declined,card,0.69,1,9.7,retry_later,0,0.0
2973.77,card_declined,card,0.576,1,0.54,retry_now,0,0.0
22600.93,network_error,upi,0.83,0,6.5,request_card_update,1,22600.93
5685.52,card_declined,upi,0.742,2,10.13,request_card_update,1,5685.52
6023.95,expired_card,upi,0.866,2,40.14,retry_now,0,0.0
5854.58,expired_card,card,0.744,0,8.23,retry_later,0,0.0
11153.64,insufficient_funds,card,0.595,2,18.01,retry_later,0,0.0
7926.82,insufficient_funds,wallet,0.766,2,37.49,retry_now,0,0.0
7121.03,expired_card,card,0.795,0,39.9,request_card_update,0,0.0
9009.01,insufficient_funds,wallet,0.83,0,5.57,retry_later,0,0.0
1161.54,insufficient_funds,upi,0.566,4,29.19,request_alternative_payment,0,0.0
1197.17,insufficient_funds,upi,0.809,0,54.32,request_alternative_payment,1,1197.17
4704.84,network_error,card,0.638,3,32.46,retry_later,1,4704.84
4268.66,insufficient_funds,netbanking,0.822,2,10.87,request_alternative_payment,1,4268.66
7950.91,insufficient_funds,wallet,0.949,2,26.23,retry_now,0,0.0
5080.71,card_declined,upi,0.844,1,36.4,retry_later,1,5080.71
7963.99,network_error,upi,0.737,0,0.48,retry_later,1,7963.99
1845.89,insufficient_funds,upi,0.588,0,8.84,retry_later,0,0.0
4957.21,network_error,card,0.712,0,14.29,request_alternative_payment,1,4957.21
1710.17,card_declined,wallet,0.903,1,9.76,request_alternative_payment,1,1710.17
6813.62,card_declined,card,0.698,3,11.5,request_alternative_payment,1,6813.62
1112.72,card_declined,upi,0.799,0,5.42,retry_later,1,1112.72
6606.71,insufficient_funds,card,0.704,0,6.89,retry_later,0,0.0
1543.79,insufficient_funds,netbanking,0.83,0,0.71,request_alternative_payment,0,0.0
3678.91,expired_card,upi,0.971,1,5.89,request_card_update,0,0.0
10230.57,insufficient_funds,upi,0.609,2,17.54,retry_now,0,0.0
5997.5,expired_card,card,0.939,2,49.13,retry_now,1,5997.5
1340.32,insufficient_funds,card,0.483,0,27.77,retry_later,0,0.0
2919.82,card_declined,card,0.86,2,35.43,retry_now,1,2919.82
1504.31,card_declined,wallet,0.732,1,42.81,request_card_update,0,0.0
1288.7,network_error,card,0.763,4,6.2,request_card_update,0,0.0
5493.52,insufficient_funds,wallet,0.653,2,1.21,request_alternative_payment,0,0.0
7827.76,insufficient_funds,card,0.914,0,4.99,retry_later,0,0.0
7112.99,card_declined,netbanking,0.9,0,5.56,retry_later,1,7112.99
8097.37,insufficient_funds,upi,0.868,2,3.85,retry_later,1,8097.37
4952.58,card_declined,netbanking,0.796,2,1.37,retry_now,0,0.0
4017.76,network_error,upi,0.914,1,30.58,request_alternative_payment,1,4017.76
2119.08,insufficient_funds,netbanking,0.856,0,0.27,request_alternative_payment,1,2119.08
3516.18,network_error,upi,0.859,0,3.7,request_alternative_payment,1,3516.18
1737.35,insufficient_funds,card,0.798,0,18.04,retry_later,0,0.0
2542.9,expired_card,wallet,0.607,0,18.3,request_card_update,1,2542.9
5368.67,expired_card,upi,0.914,1,5.44,retry_later,0,0.0
4550.3,network_error,card,0.883,0,5.12,request_alternative_payment,1,4550.3
50000.0,expired_card,card,0.802,0,3.1,request_alternative_payment,1,50000.0
1703.7,network_error,upi,0.67,0,10.02,retry_later,0,0.0
4523.83,insufficient_funds,netbanking,0.58,0,41.94,request_alternative_payment,0,0.0
1600.72,insufficient_funds,netbanking,0.741,1,7.69,retry_now,0,0.0
3666.4,insufficient_funds,card,0.786,2,42.35,retry_now,0,0.0
3787.72,card_declined,upi,0.578,3,1.33,retry_later,0,0.0
9829.05,card_declined,card,0.651,1,36.37,request_card_update,0,0.0
3489.31,card_declined,card,0.841,0,93.18,request_card_update,1,3489.31
4290.41,network_error,netbanking,0.958,0,5.22,request_card_update,1,4290.41
3543.74,card_declined,card,0.777,1,19.83,retry_later,0,0.0
1630.03,insufficient_funds,card,0.881,2,17.01,request_alternative_payment,1,1630.03
2967.61,insufficient_funds,card,0.814,0,21.34,request_card_update,1,2967.61
3683.59,expired_card,card,0.878,2,39.84,request_alternative_payment,0,0.0
5304.2,insufficient_funds,card,0.908,2,3.76,request_card_update,1,5304.2
7819.31,insufficient_funds,card,0.424,2,1.51,retry_later,0,0.0
4144.41,insufficient_funds,upi,0.706,2,5.6,request_alternative_payment,0,0.0
4086.53,expired_card,wallet,0.817,0,4.91,retry_later,0,0.0
1262.11,insufficient_funds,card,0.405,1,3.29,request_card_update,0,0.0
7700.04,card_declined,netbanking,0.518,0,27.69,request_card_update,0,0.0
2865.43,insufficient_funds,upi,0.767,3,4.88,request_card_update,0,0.0
9089.65,insufficient_funds,card,0.841,0,27.75,request_card_update,1,9089.65
14333.36,network_error,card,0.559,2,52.4,request_alternative_payment,0,0.0
4302.11,card_declined,card,0.905,3,3.32,request_card_update,1,4302.11
2205.14,network_error,netbanking,0.766,0,5.1,retry_now,0,0.0
4933.65,insufficient_funds,upi,0.643,0,38.09,request_card_update,1,4933.65
6608.78,expired_card,card,0.716,0,72.97,request_alternative_payment,0,0.0
3884.61,card_declined,card,0.901,1,4.24,request_card_update,0,0.0
3184.22,expired_card,card,0.52,0,10.0,request_alternative_payment,0,0.0
7848.04,insufficient_funds,upi,0.757,1,16.13,retry_later,0,0.0
7444.69,card_declined,card,0.639,1,0.48,request_card_update,0,0.0
3790.15,insufficient_funds,upi,0.908,0,12.91,retry_later,1,3790.15
1331.34,network_error,upi,0.865,2,2.51,retry_later,1,1331.34
7203.31,network_error,upi,0.555,3,37.61,request_card_update,1,7203.31
2706.28,card_declined,card,0.877,3,5.57,request_alternative_payment,1,2706.28
5935.26,insufficient_funds,upi,0.524,0,25.13,request_card_update,0,0.0
5642.71,insufficient_funds,upi,0.724,2,34.67,retry_later,0,0.0
1103.27,insufficient_funds,netbanking,0.525,2,14.99,retry_now,0,0.0
5335.08,network_error,upi,0.674,4,1.81,request_card_update,0,0.0
7546.35,insufficient_funds,card,0.589,0,11.99,retry_now,0,0.0
8324.14,insufficient_funds,card,0.876,1,7.79,request_alternative_payment,1,8324.14
5492.21,card_declined,upi,0.72,1,11.61,request_alternative_payment,0,0.0
1028.08,insufficient_funds,upi,0.834,2,50.51,request_card_update,0,0.0
13889.08,expired_card,upi,0.945,0,6.06,request_card_update,1,13889.08
6946.63,insufficient_funds,upi,0.78,1,20.07,request_card_update,0,0.0
1909.39,expired_card,netbanking,0.703,1,9.95,retry_now,1,1909.39
2662.4,network_error,netbanking,0.768,4,14.37,retry_later,0,0.0
6015.97,card_declined,card,0.817,2,4.96,request_alternative_payment,1,6015.97
8612.94,card_declined,card,0.805,4,3.57,request_card_update,0,0.0
3384.03,network_error,wallet,0.752,2,33.92,request_alternative_payment,1,3384.03
9678.03,network_error,upi,0.788,0,6.31,request_card_update,1,9678.03
1191.51,insufficient_funds,wallet,0.75,2,3.31,retry_later,0,0.0
2171.61,expired_card,upi,0.675,2,9.96,retry_later,0,0.0
958.82,card_declined,wallet,0.746,0,18.04,request_alternative_payment,0,0.0
2438.82,card_declined,card,0.868,1,34.21,retry_now,0,0.0
16708.2,card_declined,upi,0.951,0,24.14,retry_now,0,0.0
25937.24,network_error,upi,0.95,0,69.46,retry_later,0,0.0
6032.19,card_declined,card,0.853,1,5.27,retry_later,0,0.0
3000.25,card_declined,card,0.832,1,1.43,retry_later,0,0.0
4187.59,insufficient_funds,card,0.754,1,11.6,retry_now,1,4187.59
7301.72,card_declined,card,0.781,0,14.07,request_card_update,1,7301.72
1431.97,insufficient_funds,wallet,0.897,2,37.35,request_alternative_payment,1,1431.97
3162.74,expired_card,wallet,0.691,0,21.71,retry_later,0,0.0
15758.07,insufficient_funds,netbanking,0.898,3,10.11,request_alternative_payment,0,0.0
2165.97,expired_card,wallet,0.82,0,2.46,request_alternative_payment,1,2165.97
2746.2,network_error,netbanking,0.787,2,6.05,retry_now,1,2746.2
5053.05,network_error,wallet,0.734,1,36.87,request_card_update,0,0.0
6271.1,expired_card,card,0.715,0,4.1,request_card_update,0,0.0
3032.64,insufficient_funds,card,0.903,1,83.13,retry_now,1,3032.64
5317.53,card_declined,netbanking,0.476,0,15.06,retry_later,0,0.0
8131.86,insufficient_funds,upi,0.894,0,2.82,request_card_update,1,8131.86
24013.1,insufficient_funds,upi,0.812,2,10.55,retry_now,1,24013.1
4519.69,card_declined,upi,0.704,1,0.66,request_alternative_payment,1,4519.69
4837.51,network_error,card,0.616,3,10.69,retry_later,0,0.0
16969.2,network_error,card,0.886,1,25.48,request_alternative_payment,1,16969.2
3222.33,insufficient_funds,upi,0.694,4,2.19,request_alternative_payment,0,0.0
1733.18,network_error,upi,0.236,0,10.61,retry_now,0,0.0
6108.23,insufficient_funds,card,0.716,3,3.5,request_card_update,0,0.0
11826.92,insufficient_funds,upi,0.842,0,14.84,request_card_update,0,0.0
6674.38,insufficient_funds,card,0.924,0,6.07,request_card_update,0,0.0
4626.61,card_declined,upi,0.658,1,17.05,retry_now,1,4626.61
1569.45,card_declined,upi,0.563,2,0.5,request_alternative_payment,0,0.0
4771.89,insufficient_funds,upi,0.723,1,38.84,retry_later,0,0.0
13409.48,insufficient_funds,wallet,0.574,1,23.73,request_card_update,0,0.0
1862.92,card_declined,upi,0.818,1,2.04,retry_later,0,0.0
4110.89,network_error,wallet,0.613,1,96.0,retry_later,0,0.0
3667.28,insufficient_funds,netbanking,0.663,0,5.4,retry_later,1,3667.28
2861.29,network_error,netbanking,0.431,0,3.59,retry_later,1,2861.29
6096.87,card_declined,netbanking,0.852,2,14.81,request_card_update,0,0.0
7128.37,card_declined,upi,0.764,1,1.5,retry_later,1,7128.37
7068.86,insufficient_funds,upi,0.801,1,5.91,retry_later,0,0.0
2288.71,expired_card,upi,0.702,1,11.83,retry_later,0,0.0
1339.97,card_declined,card,0.694,1,21.23,retry_later,0,0.0
6167.84,card_declined,card,0.839,0,22.8,request_alternative_payment,0,0.0
3335.77,expired_card,card,0.677,2,21.81,retry_now,1,3335.77
21760.31,network_error,upi,0.644,3,29.31,request_alternative_payment,0,0.0
22579.57,network_error,card,0.64,0,1.04,request_card_update,0,0.0
24581.39,network_error,upi,0.658,2,2.16,retry_later,0,0.0
2356.9,insufficient_funds,card,0.671,1,54.17,retry_later,0,0.0
7884.77,network_error,card,0.905,2,3.95,request_card_update,1,7884.77
10036.21,insufficient_funds,upi,0.878,1,3.78,retry_now,0,0.0
9171.69,expired_card,netbanking,0.837,0,6.64,request_card_update,0,0.0
3765.65,card_declined,card,0.609,1,40.4,request_card_update,0,0.0
13912.25,insufficient_funds,wallet,0.823,0,22.24,request_alternative_payment,0,0.0
5001.9,card_declined,card,0.642,0,11.92,retry_now,0,0.0
5539.6,network_error,upi,0.909,0,15.34,retry_later,1,5539.6
1461.07,card_declined,card,0.692,4,2.08,request_alternative_payment,0,0.0
8374.99,network_error,card,0.823,4,8.51,request_card_update,0,0.0
4059.7,insufficient_funds,card,0.875,0,47.68,retry_now,0,0.0
7251.88,insufficient_funds,card,0.746,0,30.31,retry_now,1,7251.88
6034.72,card_declined,upi,0.803,1,21.02,request_alternative_payment,0,0.0
5778.75,card_declined,upi,0.646,1,3.0,request_alternative_payment,1,5778.75
4820.45,network_error,card,0.913,0,27.43,retry_now,1,4820.45
9381.29,expired_card,wallet,0.842,0,9.83,retry_later,1,9381.29
4264.5,network_error,upi,0.778,1,7.18,retry_later,1,4264.5
1560.93,card_declined,card,0.85,0,11.76,retry_now,0,0.0
7882.16,card_declined,card,0.789,1,2.26,request_alternative_payment,0,0.0
2617.54,expired_card,card,0.992,3,22.54,request_alternative_payment,0,0.0
1733.3,network_error,netbanking,0.569,4,3.76,request_alternative_payment,1,1733.3
2207.02,network_error,upi,0.635,1,17.2,retry_now,0,0.0
6272.05,insufficient_funds,card,0.833,1,6.92,request_alternative_payment,0,0.0
4628.45,network_error,card,0.868,2,22.46,request_alternative_payment,1,4628.45
907.82,insufficient_funds,card,0.877,3,25.51,request_alternative_payment,0,0.0
3678.53,network_error,card,0.931,1,16.56,request_card_update,1,3678.53
12740.97,expired_card,upi,0.743,2,11.36,request_card_update,0,0.0
3484.77,expired_card,wallet,0.538,1,35.7,request_alternative_payment,1,3484.77
4380.03,insufficient_funds,card,0.844,1,12.39,retry_later,1,4380.03
11517.08,network_error,card,0.861,1,10.81,request_alternative_payment,0,0.0
9448.25,insufficient_funds,card,0.818,1,3.56,retry_now,1,9448.25
11323.03,card_declined,card,0.796,0,21.92,retry_now,0,0.0
544.11,network_error,upi,0.667,3,7.48,retry_later,0,0.0
20010.48,card_declined,wallet,0.831,4,35.44,retry_now,0,0.0
8319.13,insufficient_funds,upi,0.709,1,47.34,request_alternative_payment,1,8319.13
35824.04,network_error,card,0.64,2,1.35,request_card_update,1,35824.04
2674.0,network_error,netbanking,0.8,0,9.73,retry_now,1,2674.0
1219.79,card_declined,netbanking,0.904,2,26.87,request_card_update,0,0.0
5028.96,card_declined,card,0.848,0,3.15,retry_now,1,5028.96
4011.4,network_error,wallet,0.771,0,42.69,retry_now,1,4011.4
8434.83,card_declined,upi,0.783,1,10.14,retry_now,1,8434.83
11815.13,insufficient_funds,netbanking,0.868,0,12.76,retry_later,0,0.0
4662.74,card_declined,upi,0.939,0,6.45,retry_later,1,4662.74
4124.2,network_error,card,0.567,0,15.58,request_card_update,1,4124.2
7595.94,insufficient_funds,netbanking,0.828,1,4.58,request_alternative_payment,1,7595.94
4072.98,insufficient_funds,upi,0.784,1,3.7,request_card_update,0,0.0
3809.33,expired_card,wallet,0.938,2,14.88,retry_now,1,3809.33
11463.25,expired_card,card,0.779,0,10.22,retry_later,0,0.0
13698.14,card_declined,card,0.902,1,1.8,retry_now,1,13698.14
11900.86,network_error,upi,0.994,0,4.63,retry_later,1,11900.86
4370.4,expired_card,upi,0.758,2,21.34,retry_later,1,4370.4
902.67,card_declined,card,0.698,3,20.68,retry_later,1,902.67
4440.97,insufficient_funds,upi,0.643,4,10.8,request_card_update,0,0.0
2726.6,card_declined,upi,0.807,1,2.96,retry_now,0,0.0
4507.12,expired_card,upi,0.778,2,40.03,request_alternative_payment,1,4507.12
2922.87,network_error,card,0.54,1,12.0,request_alternative_payment,1,2922.87
4917.73,insufficient_funds,upi,0.713,0,3.73,request_card_update,0,0.0
2177.15,expired_card,upi,0.785,2,25.64,retry_later,1,2177.15
1794.75,network_error,netbanking,0.956,0,1.23,request_card_update,1,1794.75
13297.7,card_declined,upi,0.888,1,17.3,retry_now,0,0.0
2301.85,expired_card,upi,0.769,3,22.84,request_card_update,0,0.0
5001.33,network_error,card,0.798,0,5.14,retry_now,1,5001.33
10730.07,network_error,card,0.715,0,7.36,retry_now,0,0.0
10390.39,expired_card,card,0.625,0,0.84,request_alternative_payment,0,0.0
9443.4,insufficient_funds,upi,0.734,1,3.2,retry_later,0,0.0
6370.84,network_error,netbanking,0.767,1,10.87,request_alternative_payment,1,6370.84
8923.07,card_declined,wallet,0.891,1,39.53,retry_later,0,0.0
14997.87,expired_card,upi,0.614,0,12.61,request_card_update,0,0.0
7024.86,expired_card,upi,0.701,1,13.59,request_alternative_payment,0,0.0
1149.9,network_error,upi,0.779,2,2.07,retry_now,0,0.0
3275.96,network_error,card,0.566,3,5.22,request_alternative_payment,0,0.0
8727.98,network_error,upi,0.934,0,53.35,retry_now,0,0.0
3027.57,insufficient_funds,card,0.896,1,24.5,request_card_update,1,3027.57
18274.8,card_declined,upi,0.946,2,14.75,request_card_update,0,0.0
4753.56,insufficient_funds,wallet,0.745,1,59.72,retry_now,0,0.0
5352.89,network_error,upi,0.925,3,0.58,retry_now,1,5352.89
12295.5,card_declined,card,0.812,2,26.43,retry_now,0,0.0
4319.58,card_declined,upi,0.861,0,82.74,retry_now,0,0.0
